2458940.500000000, A.D. 2020-Apr-01 00:00:00.0000, 69.185679, -9.839191525762725E-01, -1.912457579027836E-01, 5.533623677169144E-05, 3.134466473799474E-03, -1.692826849598320E-02, 3.797627534446024E-07,
2459305.500000000, A.D. 2021-Apr-01 00:00:00.0000, 69.185671, -9.873994158258774E-01, -1.885761961175599E-01, 1.358163070813108E-04, 3.048389697125734E-03, -1.694368679432858E-02, 1.634187576922971E-06,
2459670.500000000, A.D. 2022-Apr-01 00:00:00.0000, 69.185661, -9.897798817724743E-01, -1.870932002153178E-01, 2.022029881151292E-04, 2.984511187140261E-03, -1.697309572892991E-02, 5.246355786841207E-07,
2460035.500000000, A.D. 2023-Apr-01 00:00:00.0000, 69.185650, -9.905675797125930E-01, -1.859860247656550E-01, 2.255022831283321E-04, 2.918072055801452E-03, -1.697568667341358E-02, 9.874768692482941E-07,
2460401.500000000, A.D. 2024-Apr-01 00:00:00.0000, 69.185640, -9.869569409800603E-01, -2.013657736235688E-01, 2.247835526345024E-04, 3.125780861504976E-03, -1.693494548795557E-02, 1.025464841763148E-06,
2460766.500000000, A.D. 2025-Apr-01 00:00:00.0000, 69.185634, -9.853840474065491E-01, -1.987043094299490E-01, 1.834208217728749E-04, 3.064956426481339E-03, -1.695100431319051E-02, 3.866160171304382E-07,
2461131.500000000, A.D. 2026-Apr-01 00:00:00.0000, 69.185633, -9.834529281342204E-01, -1.946143888621139E-01, 1.368818273476200E-04, 2.984855595144542E-03, -1.694962251346982E-02, 1.474789685751205E-06,
2461496.500000000, A.D. 2027-Apr-01 00:00:00.0000, 69.185639, -9.820318538619682E-01, -1.894025714148794E-01, 9.059094565655263E-05, 2.902947799574003E-03, -1.697189892598560E-02, 3.601739730097916E-07,
2461862.500000000, A.D. 2028-Apr-01 00:00:00.0000, 69.185649, -9.785279468732188E-01, -2.003391003223117E-01, 5.788151184343061E-05, 3.128735372611836E-03, -1.692578930105973E-02, 1.519464720072679E-06,
2462227.500000000, A.D. 2029-Apr-01 00:00:00.0000, 69.185650, -9.791812346954923E-01, -1.940088460705242E-01, 5.183583719192554E-05, 3.039521996062406E-03, -1.693318362146331E-02, 8.083784690695617E-07,
2462592.500000000, A.D. 2030-Apr-01 00:00:00.0000, 69.185655, -9.808943058160648E-01, -1.881363908907721E-01, 6.004396385159218E-05, 2.966021788128066E-03, -1.696281054803251E-02, 1.200139967722922E-06,
2462957.500000000, A.D. 2031-Apr-01 00:00:00.0000, 69.185663, -9.832660945530206E-01, -1.831242227149483E-01, 9.391149538174490E-05, 2.897749104356097E-03, -1.697035734706628E-02, 1.630163986681840E-06,
2463323.500000000, A.D. 2032-Apr-01 00:00:00.0000, 69.185666, -9.829384301614988E-01, -1.961637223033029E-01, 1.296983528598208E-04, 3.101478577352379E-03, -1.693170207455205E-02, 7.519932870778433E-07,
2463688.500000000, A.D. 2033-Apr-01 00:00:00.0000, 69.185663, -9.852069690543031E-01, -1.934017086900199E-01, 1.626624210980752E-04, 3.038950615195159E-03, -1.695870261629060E-02, 2.017299520154394E-06,
2464053.500000000, A.D. 2034-Apr-01 00:00:00.0000, 69.185653, -9.862802954040983E-01, -1.913846125508811E-01, 1.719376884924164E-04, 2.966847759556439E-03, -1.696208721968676E-02, 6.892038495718490E-07,
2464418.500000000, A.D. 2035-Apr-01 00:00:00.0000, 69.185643, -9.860146068319422E-01, -1.895076143745902E-01, 1.433882398221593E-04, 2.887590548672236E-03, -1.698317258953772E-02, 1.555532796319110E-06,
2464784.500000000, A.D. 2036-Apr-01 00:00:00.0000, 69.185639, -9.815133520891477E-01, -2.038424732567228E-01, 9.285610940644550E-05, 3.119088323711152E-03, -1.693958880953059E-02, 1.099716929184684E-06,
2465149.500000000, A.D. 2037-Apr-01 00:00:00.0000, 69.185633, -9.793080562231082E-01, -1.998313713276924E-01, 1.048382226377996E-05, 3.036112339214863E-03, -1.693921483753114E-02, 9.956373934919689E-07,
2465514.500000000, A.D. 2038-Apr-01 00:00:00.0000, 69.185634, -9.772133568706227E-01, -1.944188332231870E-01, -6.239475911369825E-05, 2.959257893699830E-03, -1.696354368625522E-02, 1.683512670276380E-06,
2465879.500000000, A.D. 2039-Apr-01 00:00:00.0000, 69.185644, -9.758333828630237E-01, -1.878522922333774E-01, -1.288098341212405E-04, 2.891879049692897E-03, -1.696915359363631E-02, 7.220802476004458E-07,
2466245.500000000, A.D. 2040-Apr-01 00:00:00.0000, 69.185651, -9.727447696050283E-01, -1.974995188343198E-01, -1.633269993834523E-04, 3.092115940980691E-03, -1.692184239233932E-02, 2.105019340101572E-06,
2466610.500000000, A.D. 2041-Apr-01 00:00:00.0000, 69.185656, -9.740929212118270E-01, -1.901576122934510E-01, -1.656400367764575E-04, 3.020916442181783E-03, -1.694890395092273E-02, 1.066583014254884E-06,
2466975.500000000, A.D. 2042-Apr-01 00:00:00.0000, 69.185664, -9.765442582563996E-01, -1.834092075239112E-01, -1.432928024571566E-04, 2.946925770465444E-03, -1.695304037565083E-02, 1.972708284572949E-06,
2467340.500000000, A.D. 2043-Apr-01 00:00:00.0000, 69.185670, -9.798927067463808E-01, -1.777693654539439E-01, -8.496705642947495E-05, 2.860365425715865E-03, -1.697474626776743E-02, 2.019200217885874E-06,
2467706.500000000, A.D. 2044-Apr-01 00:00:00.0000, 69.185677, -9.805848226197045E-01, -1.904557073508202E-01, -2.068793984136798E-05, 3.088624303661661E-03, -1.694299940912321E-02, 1.497915923590689E-06,
2468071.500000000, A.D. 2045-Apr-01 00:00:00.0000, 69.185671, -9.837516011704937E-01, -1.874462556904253E-01, 4.927094023434730E-05, 3.010557647794541E-03, -1.694859506016315E-02, 2.462061774569300E-06,
2468436.500000000, A.D. 2046-Apr-01 00:00:00.0000, 69.185658, -9.858338831681285E-01, -1.853943646577312E-01, 9.721275764750894E-05, 2.934498535216446E-03, -1.697745560472716E-02, 1.235678094290477E-06,
2468801.500000000, A.D. 2047-Apr-01 00:00:00.0000, 69.185650, -9.864433133600207E-01, -1.836151563556601E-01, 1.124880059767483E-04, 2.875099770634411E-03, -1.698872031750326E-02, 2.264751076030099E-06,
2469167.500000000, A.D. 2048-Apr-01 00:00:00.0000, 69.185642, -9.828128682513398E-01, -1.981372858961959E-01, 1.063628001801334E-04, 3.083204448051492E-03, -1.693543941071171E-02, 1.358850174127038E-06,
2469532.500000000, A.D. 2049-Apr-01 00:00:00.0000, 69.185637, -9.815455995200651E-01, -1.945320411050702E-01, 7.020222937141240E-05, 3.012469140420313E-03, -1.695965479627832E-02, 1.894669848468709E-06,
2469897.500000000, A.D. 2050-Apr-01 00:00:00.0000, 69.185640, -9.801930404361116E-01, -1.896971731150383E-01, 4.035660880591609E-05, 2.943897578877033E-03, -1.696036472692111E-02, 2.037046233495094E-06,
2470262.500000000, A.D. 2051-Apr-01 00:00:00.0000, 69.185645, -9.795390243588239E-01, -1.838493728544958E-01, 1.292812765439600E-05, 2.855519930785289E-03, -1.697276470825528E-02, 1.384061567400706E-06,
2470628.500000000, A.D. 2052-Apr-01 00:00:00.0000, 69.185654, -9.770806571324266E-01, -1.944647221158199E-01, 1.488520994470159E-05, 3.078413222019740E-03, -1.694033340635541E-02, 2.691592493988040E-06,
2470993.500000000, A.D. 2053-Apr-01 00:00:00.0000, 69.185656, -9.786900696012658E-01, -1.881550095315487E-01, 3.740373565622104E-05, 2.999448372421683E-03, -1.694203724915714E-02, 1.470092330403092E-06,
2471358.500000000, A.D. 2054-Apr-01 00:00:00.0000, 69.185658, -9.812931340422090E-01, -1.825203755045220E-01, 8.172659952802129E-05, 2.914590220583319E-03, -1.696835117041860E-02, 2.641165014904014E-06,
2471723.500000000, A.D. 2055-Apr-01 00:00:00.0000, 69.185666, -9.844580884599059E-01, -1.780597281352604E-01, 1.479917552570471E-04, 2.850904522062114E-03, -1.698760218573583E-02, 2.184113244554363E-06,
2472089.500000000, A.D. 2056-Apr-01 00:00:00.0000, 69.185668, -9.846200128693740E-01, -1.918169982368515E-01, 2.112561621190263E-04, 3.060285453995199E-03, -1.693804254463884E-02, 2.182812840473963E-06,
2472454.500000000, A.D. 2057-Apr-01 00:00:00.0000, 69.185658, -9.871012935069798E-01, -1.897579892007990E-01, 2.686511723333134E-04, 2.987397800779090E-03, -1.696959896851331E-02, 2.631139534384122E-06,
2472819.500000000, A.D. 2058-Apr-01 00:00:00.0000, 69.185649, -9.881349877179120E-01, -1.884643841486019E-01, 2.867400769555600E-04, 2.926563471193295E-03, -1.697795535332721E-02, 1.658444502762083E-06,
2473184.500000000, A.D. 2059-Apr-01 00:00:00.0000, 69.185637, -9.875854160727414E-01, -1.870792140744550E-01, 2.689694872645276E-04, 2.845027096488822E-03, -1.698640161313147E-02, 2.806756906334687E-06,
2473550.500000000, A.D. 2060-Apr-01 00:00:00.0000, 69.185633, -9.828933566621014E-01, -2.017328422343845E-01, 2.178697452825646E-04, 3.069805939816303E-03, -1.695362883677282E-02, 1.493783531347723E-06,
2473915.500000000, A.D. 2061-Apr-01 00:00:00.0000, 69.185630, -9.804365125206241E-01, -1.979731160912330E-01, 1.365651857771634E-04, 2.998329244745853E-03, -1.695020259410080E-02, 2.477791137759228E-06,
2474280.500000000, A.D. 2062-Apr-01 00:00:00.0000, 69.185630, -9.781336137989848E-01, -1.927082498483852E-01, 6.153670597640440E-05, 2.911757903475973E-03, -1.696690009420224E-02, 2.159258287427700E-06,
2474645.500000000, A.D. 2063-Apr-01 00:00:00.0000, 69.185640, -9.766671912675361E-01, -1.863383253418183E-01, -1.352111201266490E-05, 2.844897430052097E-03, -1.698439637746661E-02, 1.831224757095662E-06,
2475011.500000000, A.D. 2064-Apr-01 00:00:00.0000, 69.185649, -9.734233261439473E-01, -1.962704369626102E-01, -5.253647657693071E-05, 3.054001768900824E-03, -1.692824525719029E-02, 2.869600431474285E-06,
2475376.500000000, A.D. 2065-Apr-01 00:00:00.0000, 69.185651, -9.745455419743005E-01, -1.891573487454171E-01, -7.243874490608533E-05, 2.971149344681877E-03, -1.695612817713447E-02, 1.868855016014119E-06,
2475741.500000000, A.D. 2066-Apr-01 00:00:00.0000, 69.185660, -9.767034084804909E-01, -1.827329028122168E-01, -6.404628368411472E-05, 2.905649121480231E-03, -1.696920537486707E-02, 3.125385381191157E-06,
2476106.500000000, A.D. 2067-Apr-01 00:00:00.0000, 69.185668, -9.795451040916087E-01, -1.773633689660782E-01, -3.017660709462814E-05, 2.820987944038822E-03, -1.697854793757141E-02, 2.327310829890916E-06,
2476472.500000000, A.D. 2068-Apr-01 00:00:00.0000, 69.185671, -9.797168813946897E-01, -1.901553805488379E-01, 8.242642060898062E-06, 3.039518353735858E-03, -1.695510376908609E-02, 2.918716169978398E-06,
2476837.500000000, A.D. 2069-Apr-01 00:00:00.0000, 69.185665, -9.821527113199097E-01, -1.871659591136760E-01, 4.835232528345014E-05, 2.973839073022132E-03, -1.696097459760876E-02, 2.777046933309196E-06,
2477202.500000000, A.D. 2070-Apr-01 00:00:00.0000, 69.185652, -9.834125044939297E-01, -1.847994759803282E-01, 5.823093838825210E-05, 2.891053025775635E-03, -1.697849130479644E-02, 2.217728134675643E-06,
2477567.500000000, A.D. 2071-Apr-01 00:00:00.0000, 69.185643, -9.833804531083006E-01, -1.824019661806971E-01, 4.487529267484940E-05, 2.827745778718581E-03, -1.700017802849664E-02, 3.280900306861611E-06,
2477933.500000000, A.D. 2072-Apr-01 00:00:00.0000, 69.185641, -9.793084695686702E-01, -1.961389591646581E-01, 7.941253787016014E-06, 3.046330237468589E-03, -1.694076756248312E-02, 1.907295549038029E-06,
2478298.500000000, A.D. 2073-Apr-01 00:00:00.0000, 69.185635, -9.778844274260667E-01, -1.915284002804835E-01, -4.418644252952552E-05, 2.962770870886547E-03, -1.696172410623266E-02, 3.180497327551538E-06,
2478663.500000000, A.D. 2074-Apr-01 00:00:00.0000, 69.185641, -9.767433434868379E-01, -1.858036473999913E-01, -8.567241123384300E-05, 2.898200303990867E-03, -1.697366894629245E-02, 2.497281035761751E-06,
2479028.500000000, A.D. 2075-Apr-01 00:00:00.0000, 69.185650, -9.764612663955848E-01, -1.792138772924343E-01, -1.168045205992723E-04, 2.814452509487743E-03, -1.697510102363260E-02, 2.722939957699127E-06,
2479394.500000000, A.D. 2076-Apr-01 00:00:00.0000, 69.185656, -9.746405449824507E-01, -1.891907187127060E-01, -1.072137385034285E-04, 3.024958051116378E-03, -1.694805263144232E-02, 3.220236126632191E-06,
2479759.500000000, A.D. 2077-Apr-01 00:00:00.0000, 69.185662, -9.769187876119269E-01, -1.825654171468179E-01, -7.987926390948454E-05, 2.957202591309918E-03, -1.695506393838369E-02, 2.580933706329220E-06,
2480124.500000000, A.D. 2078-Apr-01 00:00:00.0000, 69.185665, -9.801304655974586E-01, -1.767612517089661E-01, -1.850048833960034E-05, 2.869371703689493E-03, -1.697012768506521E-02, 3.786777770799289E-06,
2480489.500000000, A.D. 2079-Apr-01 00:00:00.0000, 69.185670, -9.839381508271551E-01, -1.722826103525262E-01, 5.939905368854521E-05, 2.798937343760852E-03, -1.699969171472782E-02, 2.631165117310801E-06,
2480855.500000000, A.D. 2080-Apr-01 00:00:00.0000, 69.185674, -9.846199341383635E-01, -1.862244276820494E-01, 1.411355804543515E-04, 3.021404267281716E-03, -1.694884969472374E-02, 3.688400417034891E-06,
2481220.500000000, A.D. 2081-Apr-01 00:00:00.0000, 69.185660, -9.874094644479696E-01, -1.842769709534480E-01, 2.141158389966759E-04, 2.938578549050201E-03, -1.697354233697915E-02, 3.076697656280097E-06,
2481585.500000000, A.D. 2082-Apr-01 00:00:00.0000, 69.185649, -9.887457258500975E-01, -1.830983328366140E-01, 2.449741378252799E-04, 2.879295799614999E-03, -1.699327267233330E-02, 2.911238175366825E-06,
2481950.500000000, A.D. 2083-Apr-01 00:00:00.0000, 69.185640, -9.884326098010852E-01, -1.817428459879295E-01, 2.478381858200113E-04, 2.805899102279160E-03, -1.699248967661609E-02, 3.700815101897326E-06,
2482316.500000000, A.D. 2084-Apr-01 00:00:00.0000, 69.185633, -9.841671729697579E-01, -1.963185303174017E-01, 2.143515477507528E-04, 3.017837004311626E-03, -1.696045786732115E-02, 2.484069001063577E-06,
2482681.500000000, A.D. 2085-Apr-01 00:00:00.0000, 69.185632, -9.822772789353578E-01, -1.926324703055580E-01, 1.628117296418774E-04, 2.954949115316850E-03, -1.696573689284920E-02, 3.689684059508297E-06,
2483046.500000000, A.D. 2086-Apr-01 00:00:00.0000, 69.185633, -9.805455350829144E-01, -1.875944580756250E-01, 1.127307066537040E-04, 2.868910573741112E-03, -1.697090663175487E-02, 2.689020881808119E-06,
2483411.500000000, A.D. 2087-Apr-01 00:00:00.0000, 69.185639, -9.797388516128673E-01, -1.816305512929298E-01, 6.642015477018852E-05, 2.792165502411152E-03, -1.699589759478644E-02, 3.381460962356577E-06,
2483777.500000000, A.D. 2088-Apr-01 00:00:00.0000, 69.185648, -9.770787070982333E-01, -1.922904637799721E-01, 5.476944302825636E-05, 3.014263172737433E-03, -1.694272658446118E-02, 3.272539432711673E-06,
2484142.500000000, A.D. 2089-Apr-01 00:00:00.0000, 69.185648, -9.784891333056145E-01, -1.860172596810175E-01, 5.097804063749115E-05, 2.924413592259451E-03, -1.696108707900974E-02, 3.106295189035226E-06,
2484507.500000000, A.D. 2090-Apr-01 00:00:00.0000, 69.185655, -9.807757247861238E-01, -1.805828041061292E-01, 7.424231713610702E-05, 2.857155851203745E-03, -1.698577359297872E-02, 4.092334947828685E-06,
2484872.500000000, A.D. 2091-Apr-01 00:00:00.0000, 69.185664, -9.833567244640723E-01, -1.762802910767602E-01, 1.053663753318317E-04, 2.784020400006334E-03, -1.698964486349852E-02, 2.902101573529391E-06,
2485238.500000000, A.D. 2092-Apr-01 00:00:00.0000, 69.185663, -9.829765209272767E-01, -1.899788737548218E-01, 1.378388564390264E-04, 2.991529080125640E-03, -1.696238321616332E-02, 4.153591462789925E-06,
2485603.500000000, A.D. 2093-Apr-01 00:00:00.0000, 69.185656, -9.845821014252117E-01, -1.877209990547288E-01, 1.547281325013126E-04, 2.932166472313043E-03, -1.697824121029306E-02, 3.180041056948460E-06,
2485968.500000000, A.D. 2094-Apr-01 00:00:00.0000, 69.185643, -9.847413121316307E-01, -1.857639592920718E-01, 1.347038971924291E-04, 2.854045290642154E-03, -1.698316139186039E-02, 3.507016092818530E-06,
2486333.500000000, A.D. 2095-Apr-01 00:00:00.0000, 69.185634, -9.836730516974985E-01, -1.833144013723368E-01, 9.031233736771211E-05, 2.778775011526193E-03, -1.700696444133966E-02, 3.767208665778175E-06,
2486699.500000000, A.D. 2096-Apr-01 00:00:00.0000, 69.185635, -9.787704991498601E-01, -1.967949197095741E-01, 1.729656881635765E-05, 3.008303728726198E-03, -1.695337383017804E-02, 2.999844869234178E-06,
2487064.500000000, A.D. 2097-Apr-01 00:00:00.0000, 69.185631, -9.766301106121176E-01, -1.916843042379225E-01, -5.902317391255551E-05, 2.920355765125735E-03, -1.696244656416421E-02, 4.082810437958563E-06,
2487429.500000000, A.D. 2098-Apr-01 00:00:00.0000, 69.185637, -9.751062306985370E-01, -1.853827737679217E-01, -1.291749786737287E-04, 2.849120030833515E-03, -1.698470121734607E-02, 2.939693997091182E-06,
2487794.500000000, A.D. 2099-Apr-01 00:00:00.0000, 69.185649, -9.745812802096753E-01, -1.783404075510810E-01, -1.790664060232099E-04, 2.777156579832953E-03, -1.698469258510800E-02, 4.128727001975738E-06,
2488159.500000000, A.D. 2100-Apr-01 00:00:00.0000, 69.185652, -9.754952825779779E-01, -1.708559487112380E-01, -1.900221591696536E-04, 2.685272155865778E-03, -1.700276437911166E-02, 3.693317736667196E-06,
2488524.500000000, A.D. 2101-Apr-01 00:00:00.0000, 69.185658, -9.776981155637536E-01, -1.638734993119709E-01, -1.790772991119322E-04, 2.618277549095295E-03, -1.702326970323086E-02, 3.729371224167861E-06,
2488889.500000000, A.D. 2102-Apr-01 00:00:00.0000, 69.185665, -9.807349215338573E-01, -1.578514033127673E-01, -1.289661064897436E-04, 2.540503954388984E-03, -1.702712045036582E-02, 4.588517954825871E-06,
2489254.500000000, A.D. 2103-Apr-01 00:00:00.0000, 69.185667, -9.843457636936607E-01, -1.530620830118892E-01, -6.640054101488633E-05, 2.455481853520945E-03, -1.705261690035748E-02, 3.463492207650095E-06,
2489620.500000000, A.D. 2104-Apr-01 00:00:00.0000, 69.185670, -9.851492126099419E-01, -1.668329193940724E-01, 7.236230171234918E-06, 2.688581999804107E-03, -1.701844993867317E-02, 4.743668566996779E-06,
2489985.500000000, A.D. 2105-Apr-01 00:00:00.0000, 69.185656, -9.875518101651328E-01, -1.645047299426766E-01, 6.557397146628235E-05, 2.606648889700699E-03, -1.702664334898330E-02, 3.668480893609983E-06,
2490350.500000000, A.D. 2106-Apr-01 00:00:00.0000, 69.185643, -9.886313800625255E-01, -1.627151239323253E-01, 8.724654415672772E-05, 2.534709886551380E-03, -1.705217203483775E-02, 4.233575247064424E-06,
2490715.500000000, A.D. 2107-Apr-01 00:00:00.0000, 69.185638, -9.882143279855430E-01, -1.607123647919506E-01, 8.710895125041857E-05, 2.474244403535620E-03, -1.705426359283028E-02, 4.281262511288582E-06,
2491081.500000000, A.D. 2108-Apr-01 00:00:00.0000, 69.185634, -9.843568807615082E-01, -1.745112846683834E-01, 5.601149230347021E-05, 2.678593487386564E-03, -1.701260598064717E-02, 3.686847538292211E-06,
2491446.500000000, A.D. 2109-Apr-01 00:00:00.0000, 69.185633, -9.829382363946209E-01, -1.700809921010197E-01, 2.117227289975396E-05, 2.611435619394948E-03, -1.703100012165934E-02, 4.639906060563678E-06,
2491811.500000000, A.D. 2110-Apr-01 00:00:00.0000, 69.185639, -9.818357046499269E-01, -1.645599492147467E-01, -9.696605693164513E-06, 2.537731479510489E-03, -1.702962341652029E-02, 3.498026488415026E-06,
2492176.500000000, A.D. 2111-Apr-01 00:00:00.0000, 69.185642, -9.818027504748476E-01, -1.582502528929750E-01, -2.482848022157273E-05, 2.447721013939408E-03, -1.704680096767489E-02, 4.719789859789660E-06,
2492542.500000000, A.D. 2112-Apr-01 00:00:00.0000, 69.185653, -9.803954744867256E-01, -1.689938170570738E-01, -3.785182525816577E-06, 2.676065445906178E-03, -1.701369997007533E-02, 3.944283068945813E-06,
2492907.500000000, A.D. 2113-Apr-01 00:00:00.0000, 69.185653, -9.825321534173749E-01, -1.630457387929856E-01, 2.831726862851107E-05, 2.591883909549938E-03, -1.701818650617330E-02, 4.481848418904563E-06,
2493272.500000000, A.D. 2114-Apr-01 00:00:00.0000, 69.185656, -9.854681726464686E-01, -1.581188455803184E-01, 8.688362018863388E-05, 2.511125276150581E-03, -1.704551156832488E-02, 4.842889056451993E-06,
2493637.500000000, A.D. 2115-Apr-01 00:00:00.0000, 69.185663, -9.884927136810757E-01, -1.545910647471431E-01, 1.448933052205074E-04, 2.449820033423717E-03, -1.705738914972427E-02, 4.006238196182352E-06,
2494003.500000000, A.D. 2116-Apr-01 00:00:00.0000, 69.185658, -9.884810542423151E-01, -1.691515895808297E-01, 2.051180082325255E-04, 2.656276828728086E-03, -1.701896887879798E-02, 5.167313384479676E-06,
2494368.500000000, A.D. 2117-Apr-01 00:00:00.0000, 69.185645, -9.899496862960855E-01, -1.676104786019396E-01, 2.332218247948052E-04, 2.589705572414719E-03, -1.704509734805854E-02, 3.907631419526712E-06,
2494733.500000000, A.D. 2118-Apr-01 00:00:00.0000, 69.185635, -9.897014565754150E-01, -1.663099276186913E-01, 2.210192553304747E-04, 2.525958795476162E-03, -1.704691136642414E-02, 4.822900451201473E-06,
2495098.500000000, A.D. 2119-Apr-01 00:00:00.0000, 69.185624, -9.881006172592964E-01, -1.641984735810519E-01, 1.779302184109172E-04, 2.440249160442578E-03, -1.705763132599325E-02, 4.300181197266429E-06,
2495464.500000000, A.D. 2120-Apr-01 00:00:00.0000, 69.185625, -9.831402257474756E-01, -1.779344834007524E-01, 1.028254238512812E-04, 2.670741719263397E-03, -1.702378347594940E-02, 4.241468595257856E-06,
2495829.500000000, A.D. 2121-Apr-01 00:00:00.0000, 69.185624, -9.805531126607101E-01, -1.729890167681914E-01, 2.462476875230538E-05, 2.591658842428585E-03, -1.702055199860504E-02, 4.801845548320553E-06,
2496194.500000000, A.D. 2122-Apr-01 00:00:00.0000, 69.185628, -9.786905427752937E-01, -1.667389701962574E-01, -5.488409925781120E-05, 2.505834200736397E-03, -1.703976344508581E-02, 3.844892955297420E-06,
2496559.500000000, A.D. 2123-Apr-01 00:00:00.0000, 69.185641, -9.779003628926100E-01, -1.598516576673567E-01, -1.105935887384292E-04, 2.441681472552598E-03, -1.705064313852101E-02, 5.253650218867468E-06,
2496925.500000000, A.D. 2124-Apr-01 00:00:00.0000, 69.185648, -9.758952560724842E-01, -1.695803377824477E-01, -1.328608178367844E-04, 2.644992350734620E-03, -1.700537097963955E-02, 4.135365634825028E-06,
2497290.500000000, A.D. 2125-Apr-01 00:00:00.0000, 69.185652, -9.777736831108901E-01, -1.627352981336132E-01, -1.367637486408593E-04, 2.567937183727880E-03, -1.703218472439985E-02, 5.116193791703492E-06,
2497655.500000000, A.D. 2126-Apr-01 00:00:00.0000, 69.185662, -9.803752482847369E-01, -1.569431405760696E-01, -1.057213982968928E-04, 2.501766853000007E-03, -1.704027309736214E-02, 5.008859042040391E-06,
2498020.500000000, A.D. 2127-Apr-01 00:00:00.0000, 69.185663, -9.833581535670852E-01, -1.522257165210469E-01, -7.080827376775894E-05, 2.412869631861175E-03, -1.705380081714473E-02, 4.549639271610643E-06,
2498386.500000000, A.D. 2128-Apr-01 00:00:00.0000, 69.185664, -9.835470923771649E-01, -1.659107587412600E-01, -1.987341575243240E-05, 2.641217697494867E-03, -1.703142742129253E-02, 5.454778102217356E-06,
2498751.500000000, A.D. 2129-Apr-01 00:00:00.0000, 69.185652, -9.851462509502913E-01, -1.633374653875099E-01, 4.137261788470498E-06, 2.570616678453228E-03, -1.703402675695746E-02, 4.331063928380226E-06,
2499116.500000000, A.D. 2130-Apr-01 00:00:00.0000, 69.185637, -9.854731425086809E-01, -1.608923880693892E-01, -1.189837253229704E-06, 2.487958442489339E-03, -1.705223507771214E-02, 5.464037086170761E-06,
2499481.500000000, A.D. 2131-Apr-01 00:00:00.0000, 69.185635, -9.845857387882430E-01, -1.580343248252316E-01, -2.856815842157165E-05, 2.428975792022196E-03, -1.706557739546388E-02, 4.569365122008110E-06,
2499847.500000000, A.D. 2132-Apr-01 00:00:00.0000, 69.185634, -9.805224362832838E-01, -1.708372278525420E-01, -7.596652820584489E-05, 2.639466678876511E-03, -1.701361496959369E-02, 5.086164301491413E-06,
2500212.500000000, A.D. 2133-Apr-01 00:00:00.0000, 69.185633, -9.792361945869745E-01, -1.653226452548526E-01, -1.176883078648871E-04, 2.559592160690822E-03, -1.703489432585135E-02, 5.158740212421343E-06,
2500577.500000000, A.D. 2134-Apr-01 00:00:00.0000, 69.185642, -9.785792570712734E-01, -1.589455133341403E-01, -1.526928634434909E-04, 2.494452810864024E-03, -1.704134817303653E-02, 4.565043965086355E-06,
2500942.500000000, A.D. 2135-Apr-01 00:00:00.0000, 69.185647, -9.791059637840900E-01, -1.519041376341999E-01, -1.556606840329105E-04, 2.403655399941354E-03, -1.704645889849747E-02, 5.858147456174631E-06,
2501308.500000000, A.D. 2136-Apr-01 00:00:00.0000, 69.185655, -9.785093364150679E-01, -1.621075351986513E-01, -1.251454337770603E-04, 2.623270417415665E-03, -1.702376644056898E-02, 4.651664549852643E-06,
2501673.500000000, A.D. 2137-Apr-01 00:00:00.0000, 69.185659, -9.814004208228482E-01, -1.559320581789368E-01, -7.297842550385186E-05, 2.551124775222802E-03, -1.702807775385430E-02, 5.892884611769956E-06,
2502038.500000000, A.D. 2138-Apr-01 00:00:00.0000, 69.185660, -9.850155140616040E-01, -1.508810632496458E-01, 5.333124207070985E-06, 2.462410827703003E-03, -1.704663529439951E-02, 5.307881275680400E-06,
2502403.500000000, A.D. 2139-Apr-01 00:00:00.0000, 69.185666, -9.887124615688067E-01, -1.474186159496992E-01, 8.318553045369854E-05, 2.399608065680676E-03, -1.707095505696906E-02, 5.416467267110939E-06,
2502769.500000000, A.D. 2140-Apr-01 00:00:00.0000, 69.185663, -9.891930903918259E-01, -1.621570892159341E-01, 1.680322522486828E-04, 2.616358593398525E-03, -1.702529477352957E-02, 5.781466894776438E-06,
2503134.500000000, A.D. 2141-Apr-01 00:00:00.0000, 69.185646, -9.910150369431069E-01, -1.606787379987869E-01, 2.122894460373012E-04, 2.538092316960542E-03, -1.704964051016765E-02, 4.924373199451338E-06,
2503499.500000000, A.D. 2142-Apr-01 00:00:00.0000, 69.185637, -9.911516021770831E-01, -1.594482691940666E-01, 2.247158985019477E-04, 2.480664030022262E-03, -1.706100721673431E-02, 6.076371473371596E-06,
2503864.500000000, A.D. 2143-Apr-01 00:00:00.0000, 69.185627, -9.899230625916936E-01, -1.573303118498189E-01, 2.016197666100364E-04, 2.398537413030946E-03, -1.705976399621318E-02, 4.773056782110086E-06,
2504230.500000000, A.D. 2144-Apr-01 00:00:00.0000, 69.185627, -9.855991840476080E-01, -1.710384181702447E-01, 1.571757042526087E-04, 2.617725043933721E-03, -1.703301610811207E-02, 5.742063153221033E-06,
2504595.500000000, A.D. 2145-Apr-01 00:00:00.0000, 69.185628, -9.836936337739239E-01, -1.663113608714022E-01, 1.104298886982955E-04, 2.550138004958658E-03, -1.703397484610873E-02, 5.343197408026137E-06,
2504960.500000000, A.D. 2146-Apr-01 00:00:00.0000, 69.185630, -9.824808585914596E-01, -1.604414554666212E-01, 5.889702746748882E-05, 2.459803684618104E-03, -1.704246629298822E-02, 5.145547640791529E-06,
2505325.500000000, A.D. 2147-Apr-01 00:00:00.0000, 69.185640, -9.823721776669152E-01, -1.541301061825120E-01, 3.563379735764890E-05, 2.390173062391351E-03, -1.706456438562763E-02, 6.154744063322288E-06,
2505691.500000000, A.D. 2148-Apr-01 00:00:00.0000, 69.185648, -9.808535012413233E-01, -1.647340463778880E-01, 3.271427498152347E-05, 2.606106009027932E-03, -1.701598304612655E-02, 5.083792744222316E-06,
2506056.500000000, A.D. 2149-Apr-01 00:00:00.0000, 69.185648, -9.829338061542978E-01, -1.587968727254962E-01, 4.721462456377492E-05, 2.518976551743027E-03, -1.703744296716840E-02, 6.355856740926848E-06,
2506421.500000000, A.D. 2150-Apr-01 00:00:00.0000, 69.185657, -9.855225179900180E-01, -1.540321577780023E-01, 8.078743808500329E-05, 2.456442178401261E-03, -1.705719515914109E-02, 5.390452826222889E-06,
2506786.500000000, A.D. 2151-Apr-01 00:00:00.0000, 69.185657, -9.880823775825681E-01, -1.503077224568895E-01, 1.110247602234723E-04, 2.375659119226152E-03, -1.706039378052608E-02, 6.014782088447940E-06,
2507152.500000000, A.D. 2152-Apr-01 00:00:00.0000, 69.185653, -9.876466807850962E-01, -1.647107433061717E-01, 1.476409816853798E-04, 2.592062438221742E-03, -1.704020520298224E-02, 5.829029531671602E-06,
2507517.500000000, A.D. 2153-Apr-01 00:00:00.0000, 69.185642, -9.883804949380817E-01, -1.626560561255662E-01, 1.430920435284244E-04, 2.531423756611772E-03, -1.704869003851289E-02, 5.387576413468146E-06,
2507882.500000000, A.D. 2154-Apr-01 00:00:00.0000, 69.185629, -9.877196184898248E-01, -1.603332889483716E-01, 1.116125831620782E-04, 2.447599032945119E-03, -1.705331569400260E-02, 6.394890770203715E-06,
2508247.500000000, A.D. 2155-Apr-01 00:00:00.0000, 69.185627, -9.860538534597797E-01, -1.572125515638206E-01, 4.928537476173099E-05, 2.379070765204226E-03, -1.707403854399866E-02, 5.097403248052318E-06,
2508613.500000000, A.D. 2156-Apr-01 00:00:00.0000, 69.185632, -9.814376662365014E-01, -1.696625191672896E-01, -2.161503551422546E-05, 2.601881269164985E-03, -1.702230299338330E-02, 6.294862375032536E-06,
2508978.500000000, A.D. 2157-Apr-01 00:00:00.0000, 69.185630, -9.797645150997701E-01, -1.636139261740763E-01, -8.775762327373119E-05, 2.512983630448940E-03, -1.703486754551373E-02, 5.552448659981916E-06,
2509343.500000000, A.D. 2158-Apr-01 00:00:00.0000, 69.185641, -9.790203932918961E-01, -1.567759187965446E-01, -1.424560467215058E-04, 2.446601968172658E-03, -1.705362901541125E-02, 5.931917729495025E-06,
2509708.500000000, A.D. 2159-Apr-01 00:00:00.0000, 69.185649, -9.795256600035900E-01, -1.493928892642927E-01, -1.576955831433346E-04, 2.365462384970267E-03, -1.705179006734300E-02, 6.366962003792942E-06,
2510074.500000000, A.D. 2160-Apr-01 00:00:00.0000, 69.185655, -9.790493694882569E-01, -1.592645354940060E-01, -1.419889918917842E-04, 2.572496658505506E-03, -1.702809022508138E-02, 5.725265800853387E-06,
2510439.500000000, A.D. 2161-Apr-01 00:00:00.0000, 69.185661, -9.820764258614918E-01, -1.529665673837126E-01, -9.482187329802623E-05, 2.507498902997121E-03, -1.704225752803092E-02, 6.937712316992802E-06,
2510804.500000000, A.D. 2162-Apr-01 00:00:00.0000, 69.185663, -9.856978276927034E-01, -1.478250093916755E-01, -2.882878703058454E-05, 2.421766324260566E-03, -1.704892801813009E-02, 5.714681823331510E-06,
2511169.500000000, A.D. 2163-Apr-01 00:00:00.0000, 69.185665, -9.893871799302747E-01, -1.442344665394691E-01, 4.339886132561765E-05, 2.348236079548387E-03, -1.707817107297661E-02, 6.865262036057703E-06,
2511535.500000000, A.D. 2164-Apr-01 00:00:00.0000, 69.185662, -9.898172674290123E-01, -1.588727897987445E-01, 1.208539311626190E-04, 2.577344132557889E-03, -1.703684919910802E-02, 6.196578235437845E-06,
2511900.500000000, A.D. 2165-Apr-01 00:00:00.0000, 69.185644, -9.914560676910651E-01, -1.570617074407293E-01, 1.560491096455524E-04, 2.493482688848623E-03, -1.704972468477137E-02, 6.184957450258524E-06,
2512265.500000000, A.D. 2166-Apr-01 00:00:00.0000, 69.185636, -9.916192405276105E-01, -1.553485271948500E-01, 1.688927531007309E-04, 2.430750538753398E-03, -1.707161443774754E-02, 6.849483239967322E-06,
2512630.500000000, A.D. 2167-Apr-01 00:00:00.0000, 69.185631, -9.905807682234096E-01, -1.526957653000058E-01, 1.462460428336031E-04, 2.359217913209291E-03, -1.706660586818431E-02, 5.710354330494276E-06,
2512996.500000000, A.D. 2168-Apr-01 00:00:00.0000, 69.185630, -9.867558977224803E-01, -1.658041587567520E-01, 1.204846023067398E-04, 2.566518482427960E-03, -1.703468374845732E-02, 6.891104463388933E-06,
2513361.500000000, A.D. 2169-Apr-01 00:00:00.0000, 69.185632, -9.856259894432263E-01, -1.607128981466322E-01, 9.304059064530257E-05, 2.501974669550313E-03, -1.704752807032554E-02, 5.868745566942865E-06,
2513726.500000000, A.D. 2170-Apr-01 00:00:00.0000, 69.185637, -9.852572236620413E-01, -1.547319341307731E-01, 7.229431765469901E-05, 2.417905753232681E-03, -1.704619277999499E-02, 6.748470611827421E-06,
2514091.500000000, A.D. 2171-Apr-01 00:00:00.0000, 69.185644, -9.861013957457472E-01, -1.485424497135474E-01, 8.418218462655879E-05, 2.336261013677817E-03, -1.707039727177747E-02, 6.626396937983820E-06,
2514457.500000000, A.D. 2172-Apr-01 00:00:00.0000, 69.185653, -9.855540580279710E-01, -1.596673349768992E-01, 1.149127596769418E-04, 2.562579429006758E-03, -1.703100762452325E-02, 6.402920953764054E-06,
2514822.500000000, A.D. 2173-Apr-01 00:00:00.0000, 69.185652, -9.883112343362002E-01, -1.544789392119297E-01, 1.681902385806869E-04, 2.474202844856964E-03, -1.704125081647198E-02, 7.352300072592283E-06,
2515187.500000000, A.D. 2174-Apr-01 00:00:00.0000, 69.185657, -9.914276862546332E-01, -1.506435607715575E-01, 2.273333900558045E-04, 2.404173542441021E-03, -1.707030791114597E-02, 6.128469758104363E-06,
2515552.500000000, A.D. 2175-Apr-01 00:00:00.0000, 69.185658, -9.941626907499616E-01, -1.480292424609259E-01, 2.842241885636502E-04, 2.336391335593057E-03, -1.707405693695735E-02, 7.371582111964625E-06,
2515918.500000000, A.D. 2176-Apr-01 00:00:00.0000, 69.185648, -9.935816275194765E-01, -1.634269927610493E-01, 3.337385772934988E-04, 2.545296879477278E-03, -1.704469851242549E-02, 6.359534648325381E-06,
2516283.500000000, A.D. 2177-Apr-01 00:00:00.0000, 69.185634, -9.939512706181054E-01, -1.622334080659003E-01, 3.346501111987542E-04, 2.485139462955487E-03, -1.706464130552615E-02, 6.820515243197807E-06,
2516648.500000000, A.D. 2178-Apr-01 00:00:00.0000, 69.185623, -9.927111398893220E-01, -1.606036456465458E-01, 3.032457011956045E-04, 2.411293180956808E-03, -1.706066529160587E-02, 6.865681875746437E-06,
2517013.500000000, A.D. 2179-Apr-01 00:00:00.0000, 69.185619, -9.904912344623059E-01, -1.578463250762129E-01, 2.316693440826823E-04, 2.330493293312679E-03, -1.707829605947857E-02, 6.217554704580970E-06,
2517379.500000000, A.D. 2180-Apr-01 00:00:00.0000, 69.185624, -9.854716540302371E-01, -1.706269106199666E-01, 1.582979994217620E-04, 2.560099858125732E-03, -1.703753296758656E-02, 7.216153702864308E-06,
2517744.500000000, A.D. 2181-Apr-01 00:00:00.0000, 69.185624, -9.833215672881294E-01, -1.648393792842025E-01, 7.764309877958353E-05, 2.473100351022193E-03, -1.703796837995388E-02, 6.034500235350366E-06,
2518109.500000000, A.D. 2182-Apr-01 00:00:00.0000, 69.185633, -9.822122124875687E-01, -1.582062156878084E-01, 1.281183711769682E-05, 2.395889838402900E-03, -1.706227023487190E-02, 7.357819514449532E-06,
2518474.500000000, A.D. 2183-Apr-01 00:00:00.0000, 69.185643, -9.823276325479383E-01, -1.511439892459071E-01, -1.866902766344416E-05, 2.326257469960107E-03, -1.706460414441245E-02, 6.721266437131053E-06,
2518840.500000000, A.D. 2184-Apr-01 00:00:00.0000, 69.185648, -9.813846361507091E-01, -1.612722499622934E-01, -2.285403217833836E-05, 2.528282319904580E-03, -1.702982201397979E-02, 6.968697280506182E-06,
2519205.500000000, A.D. 2185-Apr-01 00:00:00.0000, 69.185653, -9.838982963619277E-01, -1.552256843076644E-01, 4.900401946163814E-06, 2.459484081200443E-03, -1.705542826095036E-02, 7.550557567157021E-06,
2519570.500000000, A.D. 2186-Apr-01 00:00:00.0000, 69.185659, -9.868280631350658E-01, -1.503610352791115E-01, 4.082559261599449E-05, 2.385504027174981E-03, -1.705763083473791E-02, 6.619302193629896E-06,
2519935.500000000, A.D. 2187-Apr-01 00:00:00.0000, 69.185658, -9.896900028457500E-01, -1.467979561290858E-01, 8.799161687774407E-05, 2.301456268970587E-03, -1.707999953460278E-02, 7.863125583604047E-06,
2520301.500000000, A.D. 2188-Apr-01 00:00:00.0000, 69.185655, -9.893100230151437E-01, -1.613355275206528E-01, 1.301196241296697E-04, 2.534131083133865E-03, -1.705073014357230E-02, 6.670395592852930E-06,
2520666.500000000, A.D. 2189-Apr-01 00:00:00.0000, 69.185639, -9.899960933314623E-01, -1.591432323014406E-01, 1.341256086924854E-04, 2.455992667698785E-03, -1.705170913321904E-02, 7.609791425276905E-06,
2521031.500000000, A.D. 2190-Apr-01 00:00:00.0000, 69.185631, -9.894122514702973E-01, -1.566951815015648E-01, 1.171042769870100E-04, 2.380831029343925E-03, -1.707475400377304E-02, 7.111471289699684E-06,
2521396.500000000, A.D. 2191-Apr-01 00:00:00.0000, 69.185631, -9.879271757576326E-01, -1.531893605578230E-01, 6.903432943933020E-05, 2.317938262599212E-03, -1.707713223981996E-02, 6.927786847254878E-06,
2521762.500000000, A.D. 2192-Apr-01 00:00:00.0000, 69.185631, -9.839368699753643E-01, -1.653358529812815E-01, 3.452309302011434E-05, 2.523170643801278E-03, -1.703356974451673E-02, 7.665759031125291E-06,
2522127.500000000, A.D. 2193-Apr-01 00:00:00.0000, 69.185634, -9.829876543778401E-01, -1.593542277334870E-01, -2.021207301165102E-06, 2.450658259094787E-03, -1.705627837478426E-02, 6.603762889790468E-06,
2522492.500000000, A.D. 2194-Apr-01 00:00:00.0000, 69.185641, -9.829917247137862E-01, -1.527055564833814E-01, -1.600951963600083E-05, 2.378028807574718E-03, -1.705508471840632E-02, 8.018753529406715E-06,
2522857.500000000, A.D. 2195-Apr-01 00:00:00.0000, 69.185646, -9.843043107150464E-01, -1.459742324199212E-01, 2.703433528556199E-06, 2.288133466174942E-03, -1.707009099078414E-02, 7.151507217613736E-06,
2523223.500000000, A.D. 2196-Apr-01 00:00:00.0000, 69.185655, -9.844204652245596E-01, -1.568133371435391E-01, 4.899355264121667E-05, 2.513843926034163E-03, -1.704441023842197E-02, 7.852232263797014E-06,
2523588.500000000, A.D. 2197-Apr-01 00:00:00.0000, 69.185656, -9.876740114820974E-01, -1.515781206256445E-01, 1.203435691848071E-04, 2.434618482886779E-03, -1.704681087836515E-02, 7.839753372366182E-06,
2523953.500000000, A.D. 2198-Apr-01 00:00:00.0000, 69.185659, -9.912286028005518E-01, -1.477791289508095E-01, 1.942824904497105E-04, 2.352876101798370E-03, -1.707437488003797E-02, 7.435462204342726E-06,
2524318.500000000, A.D. 2199-Apr-01 00:00:00.0000, 69.185658, -9.943131191060406E-01, -1.453474688190401E-01, 2.737694570533611E-04, 2.291511635307880E-03, -1.708855609374475E-02, 8.353097815762422E-06,
2524683.500000000, A.D. 2200-Apr-01 00:00:00.0000, 69.185645, -9.962375019149137E-01, -1.438442187029064E-01, 3.291408899563207E-04, 2.211450286587678E-03, -1.709236282693726E-02, 7.106330682923064E-06,
2525048.500000000, A.D. 2201-Apr-01 00:00:00.0000, 69.185627, -9.966471424043923E-01, -1.426698466735908E-01, 3.481848431876233E-04, 2.137698243259969E-03, -1.711640395909498E-02, 8.208582984698343E-06,
2525413.500000000, A.D. 2202-Apr-01 00:00:00.0000, 69.185620, -9.954837594645387E-01, -1.410684415124256E-01, 3.344124632378173E-04, 2.076932909097947E-03, -1.711687728433799E-02, 7.442204100018129E-06,
2525778.500000000, A.D. 2203-Apr-01 00:00:00.0000, 69.185616, -9.933757803153732E-01, -1.382616711839297E-01, 2.835729408804038E-04, 1.991421541021188E-03, -1.711897322910853E-02, 7.477647564764480E-06,
2526144.500000000, A.D. 2204-Apr-01 00:00:00.0000, 69.185620, -9.890429824950220E-01, -1.511177939241058E-01, 2.376559835913539E-04, 2.214623579585763E-03, -1.709632905428071E-02, 8.038896123936220E-06,
2526509.500000000, A.D. 2205-Apr-01 00:00:00.0000, 69.185623, -9.872104815273567E-01, -1.456411744559160E-01, 1.791554949844824E-04, 2.141724259081300E-03, -1.709214502910418E-02, 7.108439896030941E-06,
2526874.500000000, A.D. 2206-Apr-01 00:00:00.0000, 69.185628, -9.863631079690893E-01, -1.394073293415182E-01, 1.397625167740948E-04, 2.051992539829553E-03, -1.710713648463683E-02, 8.470864333436646E-06,
2527239.500000000, A.D. 2207-Apr-01 00:00:00.0000, 69.185637, -9.866945547440443E-01, -1.329799256415243E-01, 1.227790993862461E-04, 1.984354801817295E-03, -1.712293182187100E-02, 7.452218227680023E-06,
2527605.500000000, A.D. 2208-Apr-01 00:00:00.0000, 69.185644, -9.859815709764831E-01, -1.439614168470005E-01, 1.310189963400627E-04, 2.197174745075903E-03, -1.708079505611851E-02, 8.356554447567515E-06,
2527970.500000000, A.D. 2209-Apr-01 00:00:00.0000, 69.185644, -9.881804267612970E-01, -1.386555501681113E-01, 1.601299499681398E-04, 2.114049328583686E-03, -1.710661150830537E-02, 8.065518278123753E-06,
2528335.500000000, A.D. 2210-Apr-01 00:00:00.0000, 69.185649, -9.905408886474023E-01, -1.346112683348316E-01, 1.852080474929750E-04, 2.051936009203972E-03, -1.711735619044247E-02, 7.846268321311929E-06,
2528700.500000000, A.D. 2211-Apr-01 00:00:00.0000, 69.185646, -9.924532076255795E-01, -1.316397239196170E-01, 2.161974568880175E-04, 1.968637756304625E-03, -1.712309808697168E-02, 8.685906287330736E-06,
2529066.500000000, A.D. 2212-Apr-01 00:00:00.0000, 69.185638, -9.913400776185129E-01, -1.464841287362734E-01, 2.274890567321232E-04, 2.191461539751910E-03, -1.710734471297127E-02, 7.436407997570081E-06,
2529431.500000000, A.D. 2213-Apr-01 00:00:00.0000, 69.185626, -9.908448008750440E-01, -1.443094030936340E-01, 1.996218520458347E-04, 2.127700548367144E-03, -1.710662148480227E-02, 8.692160727118639E-06,
2529796.500000000, A.D. 2214-Apr-01 00:00:00.0000, 69.185618, -9.891352380649489E-01, -1.414128704311873E-01, 1.448658599743023E-04, 2.042225639450026E-03, -1.711518483895396E-02, 7.635054154040748E-06,
2530161.500000000, A.D. 2215-Apr-01 00:00:00.0000, 69.185619, -9.868589831779678E-01, -1.372342663826970E-01, 6.516003036799752E-05, 1.975462880368128E-03, -1.712979689904635E-02, 8.140323605576699E-06,
2530527.500000000, A.D. 2216-Apr-01 00:00:00.0000, 69.185626, -9.825935569776744E-01, -1.487044811154003E-01, 4.443090795038362E-06, 2.193387221458783E-03, -1.708218046473628E-02, 8.193079056651522E-06,
2530892.500000000, A.D. 2217-Apr-01 00:00:00.0000, 69.185627, -9.812868331192509E-01, -1.418855829151796E-01, -5.692769115539534E-05, 2.105483327133297E-03, -1.710040462213526E-02, 7.765032715610248E-06,
2531257.500000000, A.D. 2218-Apr-01 00:00:00.0000, 69.185637, -9.811907710314391E-01, -1.345804488800970E-01, -8.518125546148193E-05, 2.039720836116002E-03, -1.711110147841062E-02, 8.903040434659713E-06,
2531622.500000000, A.D. 2219-Apr-01 00:00:00.0000, 69.185645, -9.824106443037869E-01, -1.272667289507354E-01, -8.360945650223435E-05, 1.954149425167592E-03, -1.711141649156822E-02, 7.853910862077864E-06,
2531988.500000000, A.D. 2220-Apr-01 00:00:00.0000, 69.185652, -9.829044239074110E-01, -1.376158106940203E-01, -4.493425521726584E-05, 2.166780654468712E-03, -1.709628196156176E-02, 9.127972637465110E-06,
2532353.500000000, A.D. 2221-Apr-01 00:00:00.0000, 69.185656, -9.861848318481004E-01, -1.320589606553201E-01, 1.656416814895366E-05, 2.101176968700640E-03, -1.710309688198749E-02, 8.357467960170131E-06,
2532718.500000000, A.D. 2222-Apr-01 00:00:00.0000, 69.185658, -9.896318428337312E-01, -1.279069686724523E-01, 8.205201086400569E-05, 2.014237901233369E-03, -1.711499331244900E-02, 8.695341225380836E-06,
2533083.500000000, A.D. 2223-Apr-01 00:00:00.0000, 69.185654, -9.926460801407180E-01, -1.250707620675739E-01, 1.554086672837139E-04, 1.945865860437858E-03, -1.713998924341370E-02, 9.084804452347785E-06,
2533449.500000000, A.D. 2224-Apr-01 00:00:00.0000, 69.185646, -9.923778865256783E-01, -1.402482367092745E-01, 2.092238859660589E-04, 2.173147466522852E-03, -1.709922470845700E-02, 8.110687897011447E-06,
2533814.500000000, A.D. 2225-Apr-01 00:00:00.0000, 69.185627, -9.927439136235598E-01, -1.384105656420083E-01, 2.289423470254864E-04, 2.089597040080966E-03, -1.711536366318553E-02, 9.284164790904360E-06,
2534179.500000000, A.D. 2226-Apr-01 00:00:00.0000, 69.185622, -9.918357340280308E-01, -1.360406018368978E-01, 2.141551820607315E-04, 2.028594986039618E-03, -1.712767406492157E-02, 8.017245232619806E-06,
2534544.500000000, A.D. 2227-Apr-01 00:00:00.0000, 69.185621, -9.901693246758854E-01, -1.324953055266370E-01, 1.777591644177707E-04, 1.950833055382623E-03, -1.712141536174553E-02, 8.961140958973360E-06,
2534910.500000000, A.D. 2228-Apr-01 00:00:00.0000, 69.185623, -9.866312170254183E-01, -1.446613870585642E-01, 1.543482099515659E-04, 2.160823101360051E-03, -1.709934266805194E-02, 8.496688254140965E-06,
2535275.500000000, A.D. 2229-Apr-01 00:00:00.0000, 69.185628, -9.857794760935525E-01, -1.388214218939292E-01, 1.220456876870045E-04, 2.095989523201467E-03, -1.710448925050027E-02, 8.563696322299140E-06,
2535640.500000000, A.D. 2230-Apr-01 00:00:00.0000, 69.185634, -9.859268720345929E-01, -1.325076859788775E-01, 1.200075427842468E-04, 2.007443805389020E-03, -1.710781436565859E-02, 9.330101950652590E-06,
2536005.500000000, A.D. 2231-Apr-01 00:00:00.0000, 69.185639, -9.873223754589241E-01, -1.262514328871869E-01, 1.346992920059129E-04, 1.929995665929743E-03, -1.713101218321046E-02, 8.347176678395965E-06,
2536371.500000000, A.D. 2232-Apr-01 00:00:00.0000, 69.185647, -9.875707896842415E-01, -1.378090711771566E-01, 1.825920381753452E-04, 2.155569343373543E-03, -1.709298478216034E-02, 9.658760079470763E-06,
2536736.500000000, A.D. 2233-Apr-01 00:00:00.0000, 69.185645, -9.904058247054727E-01, -1.332571571204539E-01, 2.398464379939173E-04, 2.066242122088525E-03, -1.710912445571475E-02, 8.561994692317557E-06,
2537101.500000000, A.D. 2234-Apr-01 00:00:00.0000, 69.185647, -9.931952094749392E-01, -1.300981160168141E-01, 2.909279096025702E-04, 2.001514909388093E-03, -1.713175145478843E-02, 9.321179698408881E-06,
2537466.500000000, A.D. 2235-Apr-01 00:00:00.0000, 69.185643, -9.951316077908557E-01, -1.280923121473455E-01, 3.387359844153589E-04, 1.929992872173260E-03, -1.713191962135834E-02, 9.203210800471163E-06,
2537832.500000000, A.D. 2236-Apr-01 00:00:00.0000, 69.185630, -9.937955724895198E-01, -1.436791269407773E-01, 3.534667325875569E-04, 2.141865473390260E-03, -1.711152400305575E-02, 8.682909346498542E-06,
2538197.500000000, A.D. 2237-Apr-01 00:00:00.0000, 69.185619, -9.929217940763442E-01, -1.421055607929615E-01, 3.281172381338377E-04, 2.083865901839196E-03, -1.712095891354513E-02, 9.544262543314717E-06,
2538562.500000000, A.D. 2238-Apr-01 00:00:00.0000, 69.185613, -9.907130427787972E-01, -1.395801821736539E-01, 2.616503639382422E-04, 2.003395128304097E-03, -1.711770567021203E-02, 8.319060464668648E-06,
2538927.500000000, A.D. 2239-Apr-01 00:00:00.0000, 69.185613, -9.880575833352589E-01, -1.355260867748065E-01, 1.755972575580666E-04, 1.924742891110881E-03, -1.713516552072153E-02, 9.470503826206391E-06,
2539293.500000000, A.D. 2240-Apr-01 00:00:00.0000, 69.185621, -9.835589066907370E-01, -1.471640535083754E-01, 1.029726433994336E-04, 2.153627876872189E-03, -1.709469133946140E-02, 8.566400187369204E-06,
2539658.500000000, A.D. 2241-Apr-01 00:00:00.0000, 69.185622, -9.819605234467250E-01, -1.404316764544586E-01, 2.813807994518088E-05, 2.062025903572462E-03, -1.710092870398443E-02, 9.170103129979712E-06,
2540023.500000000, A.D. 2242-Apr-01 00:00:00.0000, 69.185631, -9.816821821740493E-01, -1.332346644022714E-01, -1.367529970687285E-05, 1.989732754392119E-03, -1.712156030262345E-02, 9.419234083416229E-06,
2540388.500000000, A.D. 2243-Apr-01 00:00:00.0000, 69.185641, -9.826498991470358E-01, -1.261277038209543E-01, -3.348249765459547E-05, 1.916129268403107E-03, -1.712040561005854E-02, 8.816327230267682E-06,
2540754.500000000, A.D. 2244-Apr-01 00:00:00.0000, 69.185646, -9.828236470356057E-01, -1.366066887541458E-01, -1.008050689842335E-05, 2.119405352618877E-03, -1.709780525829684E-02, 1.005580046161069E-05,
2541119.500000000, A.D. 2245-Apr-01 00:00:00.0000, 69.185651, -9.857252908990939E-01, -1.312116372256936E-01, 2.318588161615230E-05, 2.055533206075172E-03, -1.711665071912497E-02, 8.863544208550709E-06,
2541484.500000000, A.D. 2246-Apr-01 00:00:00.0000, 69.185654, -9.885904901287298E-01, -1.271529636294302E-01, 6.475585868240652E-05, 1.976851309339929E-03, -1.711911596560312E-02, 1.002728724495805E-05,
2541849.500000000, A.D. 2247-Apr-01 00:00:00.0000, 69.185646, -9.909453848277532E-01, -1.241541223973245E-01, 1.080146675271584E-04, 1.896408003493237E-03, -1.714233522097375E-02, 9.443041337864961E-06,
2542215.500000000, A.D. 2248-Apr-01 00:00:00.0000, 69.185639, -9.900778342010238E-01, -1.390189573440234E-01, 1.289109846090069E-04, 2.132010235447289E-03, -1.711075663730972E-02, 9.431158231830516E-06,
2542580.500000000, A.D. 2249-Apr-01 00:00:00.0000, 69.185624, -9.897994202132067E-01, -1.365591689048141E-01, 1.227642612284470E-04, 2.048278496208683E-03, -1.711348230267310E-02, 9.874055391190369E-06,
2542945.500000000, A.D. 2250-Apr-01 00:00:00.0000, 69.185620, -9.885746803515844E-01, -1.333188455955930E-01, 8.132198018113376E-05, 1.977217698119986E-03, -1.713265491906141E-02, 8.904438029674327E-06,
2543310.500000000, A.D. 2251-Apr-01 00:00:00.0000, 69.185624, -9.868917967402768E-01, -1.288921738414064E-01, 3.509034557836447E-05, 1.910081858468809E-03, -1.712926313587578E-02, 1.011633133572416E-05,
2543676.500000000, A.D. 2252-Apr-01 00:00:00.0000, 69.185627, -9.836237722659449E-01, -1.401716706446089E-01, 4.978751597823395E-06, 2.112954157814600E-03, -1.709746851516832E-02, 8.977336237717535E-06,
2544041.500000000, A.D. 2253-Apr-01 00:00:00.0000, 69.185632, -9.833323972099691E-01, -1.336241984161871E-01, -2.145074298095949E-05, 2.045122165359279E-03, -1.711511479814710E-02, 1.004754480504215E-05,
2544406.500000000, A.D. 2254-Apr-01 00:00:00.0000, 69.185641, -9.841199785362706E-01, -1.268754622211123E-01, -1.285040268508245E-05, 1.966877051538244E-03, -1.711284741997308E-02, 9.787418439959895E-06,
2544771.500000000, A.D. 2255-Apr-01 00:00:00.0000, 69.185644, -9.862258079199285E-01, -1.203175757330927E-01, 1.445685788465597E-05, 1.878410411595676E-03, -1.713152888634700E-02, 9.587428974434194E-06,
2545137.500000000, A.D. 2256-Apr-01 00:00:00.0000, 69.185652, -9.872886347044374E-01, -1.318532682198706E-01, 8.687889689835018E-05, 2.109098492612732E-03, -1.710649732839974E-02, 1.050499052758442E-05,
2545502.500000000, A.D. 2257-Apr-01 00:00:00.0000, 69.185651, -9.907044252822983E-01, -1.274949150281830E-01, 1.599821211648522E-04, 2.024664258325040E-03, -1.711159038853081E-02, 9.401506579277792E-06,
2545867.500000000, A.D. 2258-Apr-01 00:00:00.0000, 69.185648, -9.940115198674647E-01, -1.245580040340895E-01, 2.354867483274387E-04, 1.948873293470113E-03, -1.713840957336235E-02, 1.064313345262156E-05,
2546232.500000000, A.D. 2259-Apr-01 00:00:00.0000, 69.185644, -9.963063424709477E-01, -1.229006618763944E-01, 3.010490833380019E-04, 1.887590299737928E-03, -1.714503779882612E-02, 9.717668900349657E-06,
2546598.500000000, A.D. 2260-Apr-01 00:00:00.0000, 69.185629, -9.951702904274301E-01, -1.387410029841133E-01, 3.348597706701644E-04, 2.096775246103898E-03, -1.711238247451069E-02, 1.021234686899871E-05,
2546963.500000000, A.D. 2261-Apr-01 00:00:00.0000, 69.185616, -9.945267169005895E-01, -1.373033371245618E-01, 3.290336173474006E-04, 2.032405686907771E-03, -1.713190806848519E-02, 1.006599659515804E-05,
2547328.500000000, A.D. 2262-Apr-01 00:00:00.0000, 69.185614, -9.925792894866263E-01, -1.349561773503816E-01, 2.804452245655309E-04, 1.963470877087298E-03, -1.712609691038945E-02, 9.537474598958947E-06,
2547693.500000000, A.D. 2263-Apr-01 00:00:00.0000, 69.185612, -9.902718683042627E-01, -1.310324201016604E-01, 2.219721451744072E-04, 1.875675847386740E-03, -1.713551469964054E-02, 1.054809537547523E-05,
2548059.500000000, A.D. 2264-Apr-01 00:00:00.0000, 69.185619, -9.863094312191595E-01, -1.429981584940757E-01, 1.694584155248337E-04, 2.105498100744461E-03, -1.710892822769055E-02, 9.264834119695625E-06,
2548424.500000000, A.D. 2265-Apr-01 00:00:00.0000, 69.185622, -9.850752489662926E-01, -1.368441168804224E-01, 1.200254883414735E-04, 2.022066439943327E-03, -1.710609543682562E-02, 1.060334782909391E-05,
2548789.500000000, A.D. 2266-Apr-01 00:00:00.0000, 69.185627, -9.850854793354273E-01, -1.302906433096779E-01, 9.428208300976054E-05, 1.937872691664267E-03, -1.712703284314871E-02, 9.883001107103446E-06,
2549154.500000000, A.D. 2267-Apr-01 00:00:00.0000, 69.185637, -9.861856967823873E-01, -1.240563963207522E-01, 8.352791625674769E-05, 1.872260057632597E-03, -1.713541290685661E-02, 1.015311334851508E-05,
2549520.500000000, A.D. 2268-Apr-01 00:00:00.0000, 69.185641, -9.861840166044381E-01, -1.354586100042763E-01, 1.131802988964849E-04, 2.077416674765702E-03, -1.710072154119371E-02, 1.062601055321504E-05,
2549885.500000000, A.D. 2269-Apr-01 00:00:00.0000, 69.185643, -9.886619621046189E-01, -1.309228264362037E-01, 1.350477587086937E-04, 2.005398116163951E-03, -1.712742080511937E-02, 9.887894817332753E-06,
2550250.500000000, A.D. 2270-Apr-01 00:00:00.0000, 69.185647, -9.907885593597107E-01, -1.276812023817183E-01, 1.628777879330825E-04, 1.939461507455801E-03, -1.713107652816003E-02, 1.103112689404632E-05,
2550615.500000000, A.D. 2271-Apr-01 00:00:00.0000, 69.185636, -9.920989953795347E-01, -1.251479523913217E-01, 1.755132528118420E-04, 1.853719168577734E-03, -1.714279887304014E-02, 9.860234169929848E-06,
2550981.500000000, A.D. 2272-Apr-01 00:00:00.0000, 69.185628, -9.902047607450604E-01, -1.401524598918718E-01, 1.651848893712221E-04, 2.086621841874876E-03, -1.712315959368336E-02, 1.082298810439625E-05,
2551346.500000000, A.D. 2273-Apr-01 00:00:00.0000, 69.185617, -9.888350989169059E-01, -1.374999164206887E-01, 1.219644258638104E-04, 2.012663803936163E-03, -1.711817605954265E-02, 1.013312765042527E-05,
2551711.500000000, A.D. 2274-Apr-01 00:00:00.0000, 69.185612, -9.867349807394070E-01, -1.336780586292655E-01, 4.495119529944284E-05, 1.929340461612059E-03, -1.713262333952605E-02, 1.009086007703620E-05,
2552076.500000000, A.D. 2275-Apr-01 00:00:00.0000, 69.185619, -9.845261636223260E-01, -1.285729527196883E-01, -2.547867158207656E-05, 1.865485624635568E-03, -1.714003468925169E-02, 1.088958214121210E-05,
2552442.500000000, A.D. 2276-Apr-01 00:00:00.0000, 69.185623, -9.809278988696301E-01, -1.391578109569796E-01, -8.201767931857745E-05, 2.072886738996160E-03, -1.709717054072943E-02, 9.775701270555098E-06,
2552807.500000000, A.D. 2277-Apr-01 00:00:00.0000, 69.185628, -9.805391240114246E-01, -1.319163750733156E-01, -1.217967196376720E-04, 1.993559218672427E-03, -1.711956696457615E-02, 1.118003856310330E-05,
2553172.500000000, A.D. 2278-Apr-01 00:00:00.0000, 69.185640, -9.813779572100961E-01, -1.246613599849540E-01, -1.287172623175517E-04, 1.925492120742682E-03, -1.712311941555423E-02, 1.028530757659502E-05,
2553537.500000000, A.D. 2279-Apr-01 00:00:00.0000, 69.185645, -9.835181381336386E-01, -1.176588589387990E-01, -1.104278427455388E-04, 1.834390794934545E-03, -1.712995196702642E-02, 1.100394028956777E-05,
2553903.500000000, A.D. 2280-Apr-01 00:00:00.0000, 69.185652, -9.847617284336854E-01, -1.288506021449919E-01, -4.349948004606223E-05, 2.058343831206072E-03, -1.711666283914039E-02, 1.089571862081271E-05,
2554268.500000000, A.D. 2281-Apr-01 00:00:00.0000, 69.185654, -9.881946250639125E-01, -1.242891869538276E-01, 2.130196834557413E-05, 1.985671233992894E-03, -1.711872636498341E-02, 1.068319570817909E-05,
2554633.500000000, A.D. 2282-Apr-01 00:00:00.0000, 69.185648, -9.914177086500119E-01, -1.210535401857436E-01, 9.578536289639461E-05, 1.900663047232065E-03, -1.713778131418417E-02, 1.152338382071524E-05,
2554998.500000000, A.D. 2283-Apr-01 00:00:00.0000, 69.185642, -9.936579239259378E-01, -1.190269042895835E-01, 1.521671146090969E-04, 1.839755593811515E-03, -1.715581693909660E-02, 1.030149940513528E-05,
2555364.500000000, A.D. 2284-Apr-01 00:00:00.0000, 69.185629, -9.924442944522606E-01, -1.343956968067890E-01, 1.886521563217653E-04, 2.057584656321618E-03, -1.711375547703381E-02, 1.156989095525940E-05,
2555729.500000000, A.D. 2285-Apr-01 00:00:00.0000, 69.185616, -9.918864956345780E-01, -1.322508815373499E-01, 1.842100546870016E-04, 1.980532237514304E-03, -1.713375064180448E-02, 1.049896241515568E-05,
2556094.500000000, A.D. 2286-Apr-01 00:00:00.0000, 69.185619, -9.903187251227668E-01, -1.292342759792802E-01, 1.474167793601390E-04, 1.918972385231206E-03, -1.713689269843058E-02, 1.091879485536847E-05,
2556459.500000000, A.D. 2287-Apr-01 00:00:00.0000, 69.185618, -9.885707212239976E-01, -1.247046450258838E-01, 1.127213965990443E-04, 1.832061946222661E-03, -1.713446072401647E-02, 1.124727494377326E-05,
2556825.500000000, A.D. 2288-Apr-01 00:00:00.0000, 69.185623, -9.855130714954554E-01, -1.362031832044826E-01, 8.623330835675251E-05, 2.051530263061728E-03, -1.711737718980268E-02, 1.051141223688041E-05,
2557190.500000000, A.D. 2289-Apr-01 00:00:00.0000, 69.185628, -9.852204077720977E-01, -1.299883318735870E-01, 7.496885932877660E-05, 1.980270676994505E-03, -1.711609636982647E-02, 1.163774158276856E-05,
2557555.500000000, A.D. 2290-Apr-01 00:00:00.0000, 69.185631, -9.861454838058862E-01, -1.235732944183777E-01, 8.234778565625432E-05, 1.889632716794671E-03, -1.712744896069411E-02, 1.059476243116287E-05,
2557920.500000000, A.D. 2291-Apr-01 00:00:00.0000, 69.185638, -9.881513073910102E-01, -1.177787345942301E-01, 1.110397300086951E-04, 1.820742489793989E-03, -1.714814121596234E-02, 1.175019572407903E-05,
2558286.500000000, A.D. 2292-Apr-01 00:00:00.0000, 69.185643, -9.888221704101119E-01, -1.299548970465893E-01, 1.746453705843009E-04, 2.037907442587614E-03, -1.710840670646965E-02, 1.103419090554003E-05,
2558651.500000000, A.D. 2293-Apr-01 00:00:00.0000, 69.185640, -9.916568125818183E-01, -1.262388166136459E-01, 2.225099329047933E-04, 1.954616127378748E-03, -1.713228141764397E-02, 1.132247039599102E-05,
2559016.500000000, A.D. 2294-Apr-01 00:00:00.0000, 69.185641, -9.938730184829699E-01, -1.239306420582992E-01, 2.721673882889346E-04, 1.894297532352260E-03, -1.714651306368211E-02, 1.182319187580528E-05,
2559381.500000000, A.D. 2295-Apr-01 00:00:00.0000, 69.185630, -9.948688576164202E-01, -1.222214496664074E-01, 2.882696585336549E-04, 1.814502854577096E-03, -1.714629292195123E-02, 1.066329950527322E-05,
2559747.500000000, A.D. 2296-Apr-01 00:00:00.0000, 69.185617, -9.925475140368772E-01, -1.377521489075953E-01, 2.820188309201578E-04, 2.035764542521774E-03, -1.713077084080083E-02, 1.190952109161031E-05,
2560112.500000000, A.D. 2297-Apr-01 00:00:00.0000, 69.185610, -9.906395712146977E-01, -1.354993246210159E-01, 2.286776220496685E-04, 1.973178805013221E-03, -1.712986538882697E-02, 1.068672094360959E-05,
2560477.500000000, A.D. 2298-Apr-01 00:00:00.0000, 69.185607, -9.879883851654075E-01, -1.317763913267490E-01, 1.438442287556691E-04, 1.886433091826433E-03, -1.713208399205571E-02, 1.145044392803624E-05,
2560842.500000000, A.D. 2299-Apr-01 00:00:00.0000, 69.185612, -9.854273013148280E-01, -1.266408736803969E-01, 6.337208028587893E-05, 1.815114744874096E-03, -1.714934239315201E-02, 1.127566392807967E-05,
2561207.500000000, A.D. 2300-Apr-01 00:00:00.0000, 69.185616, -9.834487985106196E-01, -1.201351206095422E-01, -1.756830021533689E-05, 1.741515636817283E-03, -1.714299094267554E-02, 1.104855280328299E-05,
2561572.500000000, A.D. 2301-Apr-01 00:00:00.0000, 69.185620, -9.826928188678987E-01, -1.128327261255519E-01, -6.797075142670017E-05, 1.650542384389432E-03, -1.715476380420218E-02, 1.201853539072652E-05,
2561937.500000000, A.D. 2302-Apr-01 00:00:00.0000, 69.185632, -9.832839679779855E-01, -1.055953089536282E-01, -9.372603448027136E-05, 1.582189420282809E-03, -1.717096405874246E-02, 1.101198162108288E-05,
2562302.500000000, A.D. 2303-Apr-01 00:00:00.0000, 69.185639, -9.850314608134725E-01, -9.866964316663036E-02, -9.024646733674430E-05, 1.502845759171363E-03, -1.716755475560903E-02, 1.230931186627129E-05,
2562668.500000000, A.D. 2304-Apr-01 00:00:00.0000, 69.185643, -9.861785031729159E-01, -1.098703132730266E-01, -4.376444781540368E-05, 1.712229704112532E-03, -1.715715728081706E-02, 1.141382880400032E-05,
2563033.500000000, A.D. 2305-Apr-01 00:00:00.0000, 69.185646, -9.891367007581016E-01, -1.053199467379218E-01, -1.598555816691583E-06, 1.649231165129568E-03, -1.716865935329795E-02, 1.189705123690178E-05,
2563398.500000000, A.D. 2306-Apr-01 00:00:00.0000, 69.185641, -9.916721492030509E-01, -1.019274121027343E-01, 4.956547005106052E-05, 1.566548661274588E-03, -1.717164360065761E-02, 1.219964273784490E-05,
2563763.500000000, A.D. 2307-Apr-01 00:00:00.0000, 69.185630, -9.932753217504962E-01, -9.945660563102189E-02, 7.671611731221183E-05, 1.492154127631147E-03, -1.719416689860936E-02, 1.128416220532570E-05,
2564129.500000000, A.D. 2308-Apr-01 00:00:00.0000, 69.185622, -9.918096637516934E-01, -1.142820841574523E-01, 9.225329435451895E-05, 1.725419194887289E-03, -1.715955480746687E-02, 1.242804757180420E-05,
2564494.500000000, A.D. 2309-Apr-01 00:00:00.0000, 69.185611, -9.908061661200980E-01, -1.112400757440987E-01, 6.485478342538740E-05, 1.639757427897031E-03, -1.716505189959665E-02, 1.124306929652961E-05,
2564859.500000000, A.D. 2310-Apr-01 00:00:00.0000, 69.185614, -9.892309239516427E-01, -1.072116844618373E-01, 1.913139365884640E-05, 1.572165766171362E-03, -1.718003941495132E-02, 1.227217806688967E-05,
2565224.500000000, A.D. 2311-Apr-01 00:00:00.0000, 69.185619, -9.877117591670002E-01, -1.017847732153957E-01, -1.768696756748689E-05, 1.498267893525059E-03, -1.717186121384925E-02, 1.178278147021636E-05,
2565590.500000000, A.D. 2312-Apr-01 00:00:00.0000, 69.185623, -9.854874780100183E-01, -1.124706113615429E-01, -3.791769036486346E-05, 1.703509634475734E-03, -1.715329023314793E-02, 1.191270960464555E-05,
2565955.500000000, A.D. 2313-Apr-01 00:00:00.0000, 69.185630, -9.859504813975640E-01, -1.057046797022926E-01, -3.304953069015432E-05, 1.637165120467127E-03, -1.716452062157434E-02, 1.250535428617545E-05,
2566320.500000000, A.D. 2314-Apr-01 00:00:00.0000, 69.185635, -9.876088762965585E-01, -9.899497988780265E-02, -8.931210479841280E-06, 1.553108579425985E-03, -1.716243303276828E-02, 1.154841907890141E-05,
2566685.500000000, A.D. 2315-Apr-01 00:00:00.0000, 69.185639, -9.904247692138872E-01, -9.303904428128972E-02, 4.624367549148999E-05, 1.469358791170165E-03, -1.718445865965696E-02, 1.298270837038394E-05,
2567051.500000000, A.D. 2316-Apr-01 00:00:00.0000, 69.185646, -9.921978241797811E-01, -1.054454473445798E-01, 1.346996452975582E-04, 1.700761692972688E-03, -1.715850597366008E-02, 1.183374194461924E-05,
2567416.500000000, A.D. 2317-Apr-01 00:00:00.0000, 69.185641, -9.955672980776160E-01, -1.020113017741015E-01, 2.104091959711444E-04, 1.614480887464638E-03, -1.716725350776800E-02, 1.265812489963965E-05,
2567781.500000000, A.D. 2318-Apr-01 00:00:00.0000, 69.185638, -9.982646498530967E-01, -1.000291990063877E-01, 2.852362836476936E-04, 1.545390424216234E-03, -1.719153977901115E-02, 1.248667686982226E-05,
2568146.500000000, A.D. 2319-Apr-01 00:00:00.0000, 69.185627, -9.995411478457427E-01, -9.874369113619309E-02, 3.220115605181205E-04, 1.480718213564649E-03, -1.718961353982756E-02, 1.200304735529568E-05,
2568512.500000000, A.D. 2320-Apr-01 00:00:00.0000, 69.185612, -9.977333494728758E-01, -1.145246467797844E-01, 3.414718100879362E-04, 1.690956240294904E-03, -1.716760480384867E-02, 1.275822684800580E-05,
2568877.500000000, A.D. 2321-Apr-01 00:00:00.0000, 69.185605, -9.961440152169527E-01, -1.125039041411532E-01, 3.072560425208404E-04, 1.629068642548361E-03, -1.717935455596447E-02, 1.163307650468628E-05,
2569242.500000000, A.D. 2322-Apr-01 00:00:00.0000, 69.185605, -9.938104057926185E-01, -1.090649882962528E-01, 2.502275794623195E-04, 1.552595630212409E-03, -1.717069526191932E-02, 1.282892856968978E-05,
2569607.500000000, A.D. 2323-Apr-01 00:00:00.0000, 69.185606, -9.916628392293069E-01, -1.042172306098713E-01, 1.938575426558249E-04, 1.466195005777063E-03, -1.718439834349293E-02, 1.190527780754013E-05,
2569973.500000000, A.D. 2324-Apr-01 00:00:00.0000, 69.185614, -9.885951911267603E-01, -1.154697938718515E-01, 1.492076330947587E-04, 1.696892777409261E-03, -1.715707161543737E-02, 1.253162626328505E-05,
2570338.500000000, A.D. 2325-Apr-01 00:00:00.0000, 69.185617, -9.881772841102127E-01, -1.089104267580380E-01, 1.196870429241457E-04, 1.608666286695030E-03, -1.715720916549437E-02, 1.264544393359917E-05,
2570703.500000000, A.D. 2326-Apr-01 00:00:00.0000, 69.185626, -9.890069920968314E-01, -1.025052048401737E-01, 1.035087194605798E-04, 1.529831173344962E-03, -1.717879887749412E-02, 1.209745966146548E-05,
2571068.500000000, A.D. 2327-Apr-01 00:00:00.0000, 69.185634, -9.907597124109385E-01, -9.659988329013797E-02, 1.157881230213243E-04, 1.462021995898774E-03, -1.718021638052313E-02, 1.331365837519302E-05,
2571434.500000000, A.D. 2328-Apr-01 00:00:00.0000, 69.185636, -9.915985354878171E-01, -1.087552131714115E-01, 1.536067154517593E-04, 1.667377999837326E-03, -1.715852656190828E-02, 1.209381069397214E-05,
2571799.500000000, A.D. 2329-Apr-01 00:00:00.0000, 69.185638, -9.940104575780526E-01, -1.050944182481098E-01, 1.840206838837732E-04, 1.600951469786764E-03, -1.718067203020503E-02, 1.322689882118504E-05,
2572164.500000000, A.D. 2330-Apr-01 00:00:00.0000, 69.185633, -9.956747536558541E-01, -1.024200996622589E-01, 2.099481207252446E-04, 1.530461577583835E-03, -1.717929167066249E-02, 1.248428625252832E-05,
2572529.500000000, A.D. 2331-Apr-01 00:00:00.0000, 69.185620, -9.962259642374270E-01, -1.002492775451082E-01, 2.029582700165356E-04, 1.446146986678864E-03, -1.719382924396158E-02, 1.260986856804609E-05,
2572895.500000000, A.D. 2332-Apr-01 00:00:00.0000, 69.185613, -9.938248388453028E-01, -1.150699813852982E-01, 1.875294511605253E-04, 1.682169285446073E-03, -1.717128039587121E-02, 1.295872013917951E-05,
2573260.500000000, A.D. 2333-Apr-01 00:00:00.0000, 69.185606, -9.919100610279434E-01, -1.117167831165307E-01, 1.226742135849271E-04, 1.601897605516774E-03, -1.716560205153247E-02, 1.207293483034783E-05,
2573625.500000000, A.D. 2334-Apr-01 00:00:00.0000, 69.185610, -9.897455437911897E-01, -1.071034957981340E-01, 5.228961898146832E-05, 1.521619321745461E-03, -1.718143473051718E-02, 1.337362850721664E-05,
2573990.500000000, A.D. 2335-Apr-01 00:00:00.0000, 69.185617, -9.879326537684737E-01, -1.011128344645346E-01, -1.041773343656944E-05, 1.455840292396296E-03, -1.718155378829597E-02, 1.221112744204250E-05,
2574356.500000000, A.D. 2336-Apr-01 00:00:00.0000, 69.185622, -9.855877268501854E-01, -1.112665686869497E-01, -4.505379790136463E-05, 1.660250935489261E-03, -1.715104560944333E-02, 1.324039941614756E-05,
2574721.500000000, A.D. 2337-Apr-01 00:00:00.0000, 69.185628, -9.861435704147815E-01, -1.040374881220593E-01, -5.342956672379025E-05, 1.585961606267734E-03, -1.717162692649234E-02, 1.291974057121861E-05,
2575086.500000000, A.D. 2338-Apr-01 00:00:00.0000, 69.185637, -9.879354779873191E-01, -9.707089971432076E-02, -4.032966838567862E-05, 1.513749952307357E-03, -1.717023353387296E-02, 1.283885356582572E-05,
2575451.500000000, A.D. 2339-Apr-01 00:00:00.0000, 69.185640, -9.908588499092659E-01, -9.089672706389416E-02, 1.327378754439016E-05, 1.422340068041405E-03, -1.718269815060541E-02, 1.374868625187023E-05,
2575817.500000000, A.D. 2340-Apr-01 00:00:00.0000, 69.185645, -9.928228351312736E-01, -1.032088551302013E-01, 9.378202102907443E-05, 1.652635114694692E-03, -1.717023640980004E-02, 1.270508449752890E-05,
2576182.500000000, A.D. 2341-Apr-01 00:00:00.0000, 69.185643, -9.961576844134179E-01, -9.976229267951747E-02, 1.697565614250569E-04, 1.575596687508694E-03, -1.717090469430530E-02, 1.393772059248090E-05,
2576547.500000000, A.D. 2342-Apr-01 00:00:00.0000, 69.185635, -9.987652795362688E-01, -9.760186198851735E-02, 2.388238755929559E-04, 1.494718913450693E-03, -1.719183632054329E-02, 1.289529547517183E-05,
2576912.500000000, A.D. 2343-Apr-01 00:00:00.0000, 69.185625, -9.999790042463205E-01, -9.607301648181421E-02, 2.732720879687709E-04, 1.435666973651170E-03, -1.720000458147343E-02, 1.348589251207680E-05,
2577278.500000000, A.D. 2344-Apr-01 00:00:00.0000, 69.185613, -9.981584736564314E-01, -1.114729673867772E-01, 2.965432677505833E-04, 1.648975801672310E-03, -1.716583785448559E-02, 1.328106744995232E-05,
2577643.500000000, A.D. 2345-Apr-01 00:00:00.0000, 69.185607, -9.968114919593298E-01, -1.089197969702086E-01, 2.687472468967138E-04, 1.576089737699469E-03, -1.718372062357085E-02, 1.282972605894043E-05,
2578008.500000000, A.D. 2346-Apr-01 00:00:00.0000, 69.185610, -9.949728680901295E-01, -1.050940503100255E-01, 2.341519637705787E-04, 1.510114974631405E-03, -1.717973855741119E-02, 1.381175179427817E-05,
2578373.500000000, A.D. 2347-Apr-01 00:00:00.0000, 69.185611, -9.934715670874977E-01, -9.995991321116958E-02, 1.988972312206235E-04, 1.419147620741765E-03, -1.718225404466090E-02, 1.262064736745655E-05,
2578739.500000000, A.D. 2348-Apr-01 00:00:00.0000, 69.185618, -9.913147698875207E-01, -1.112052298230701E-01, 1.909232492132232E-04, 1.644763856582117E-03, -1.716798947537252E-02, 1.392385918896750E-05,
2579104.500000000, A.D. 2349-Apr-01 00:00:00.0000, 69.185623, -9.917133860132439E-01, -1.050090422631385E-01, 1.942442812367950E-04, 1.568048810405885E-03, -1.716428356059150E-02, 1.312156004472246E-05,
2579469.500000000, A.D. 2350-Apr-01 00:00:00.0000, 69.185628, -9.932634365922985E-01, -9.915201488182192E-02, 2.118875643086212E-04, 1.479146212923289E-03, -1.718031461911790E-02, 1.361580704390958E-05,
2579834.500000000, A.D. 2351-Apr-01 00:00:00.0000, 69.185634, -9.956173060115572E-01, -9.411641726894417E-02, 2.586885592152285E-04, 1.414315698688845E-03, -1.719439439892346E-02, 1.400259383045125E-05,
2580200.500000000, A.D. 2352-Apr-01 00:00:00.0000, 69.185635, -9.967248163255082E-01, -1.073234576222306E-01, 3.187745871358953E-04, 1.627356174166708E-03, -1.716318504242239E-02, 1.321754934067146E-05,
2580565.500000000, A.D. 2353-Apr-01 00:00:00.0000, 69.185631, -9.990735062570097E-01, -1.047019643315679E-01, 3.688801188055722E-04, 1.550116307063297E-03, -1.718755589393371E-02, 1.433604465894097E-05,
2580930.500000000, A.D. 2354-Apr-01 00:00:00.0000, 69.185625, -1.000366678631126E+00, -1.030585413969819E-01, 3.967088966309226E-04, 1.489574665816395E-03, -1.719310843717620E-02, 1.304209897093268E-05,
2581295.500000000, A.D. 2355-Apr-01 00:00:00.0000, 69.185609, -1.000200182013316E+00, -1.016485839945632E-01, 3.875840830269655E-04, 1.405544192377779E-03, -1.719409936177439E-02, 1.403164182437724E-05,
2581661.500000000, A.D. 2356-Apr-01 00:00:00.0000, 69.185601, -9.970952149410558E-01, -1.169418619200855E-01, 3.608566636134990E-04, 1.633339768927531E-03, -1.718072394883185E-02, 1.334376593569830E-05,
2582026.500000000, A.D. 2357-Apr-01 00:00:00.0000, 69.185598, -9.944223719105546E-01, -1.138840664470807E-01, 2.794258898024162E-04, 1.564845815222939E-03, -1.717385606341004E-02, 1.336814908437624E-05,
2582391.500000000, A.D. 2358-Apr-01 00:00:00.0000, 69.185601, -9.915626043659234E-01, -1.093129455553807E-01, 1.964924653858149E-04, 1.476040017809980E-03, -1.718017172139939E-02, 1.402751304067848E-05,
2582756.500000000, A.D. 2359-Apr-01 00:00:00.0000, 69.185609, -9.892523772617859E-01, -1.033336641762018E-01, 1.110393115938089E-04, 1.408162532604921E-03, -1.719206974593516E-02, 1.301809063883493E-05,
2583122.500000000, A.D. 2360-Apr-01 00:00:00.0000, 69.185616, -9.864315162907664E-01, -1.135321985209066E-01, 6.252657894451664E-05, 1.622266538932775E-03, -1.715438334406157E-02, 1.434476511798919E-05,
2583487.500000000, A.D. 2361-Apr-01 00:00:00.0000, 69.185621, -9.865234331845047E-01, -1.062928008156954E-01, 3.074750424248003E-05, 1.536183708923114E-03, -1.717298144856555E-02, 1.334842909767831E-05,
2583852.500000000, A.D. 2362-Apr-01 00:00:00.0000, 69.185632, -9.878875100306549E-01, -9.939143148084734E-02, 2.291557633435250E-05, 1.470475784055098E-03, -1.718171618059901E-02, 1.426716118413320E-05,
2584217.500000000, A.D. 2363-Apr-01 00:00:00.0000, 69.185636, -9.902301057741925E-01, -9.326862473043779E-02, 5.353391552939504E-05, 1.383058848511802E-03, -1.718232670991891E-02, 1.413379481699277E-05,
2584583.500000000, A.D. 2364-Apr-01 00:00:00.0000, 69.185639, -9.916369833202435E-01, -1.055349928264488E-01, 1.068948608844246E-04, 1.602787638003052E-03, -1.717668874355769E-02, 1.389856755672418E-05,
2584948.500000000, A.D. 2365-Apr-01 00:00:00.0000, 69.185638, -9.942589555157713E-01, -1.020239962600838E-01, 1.586485835855074E-04, 1.537445939539264E-03, -1.718055740539389E-02, 1.469184310866612E-05,
2585313.500000000, A.D. 2366-Apr-01 00:00:00.0000, 69.185630, -9.960258949692953E-01, -9.953168998801691E-02, 1.931402477481894E-04, 1.451919323223967E-03, -1.718929044129629E-02, 1.351370472138735E-05,
2585678.500000000, A.D. 2367-Apr-01 00:00:00.0000, 69.185618, -9.965174005679936E-01, -9.738391048690072E-02, 2.021954605828570E-04, 1.386814372203217E-03, -1.720716616156642E-02, 1.475819930984637E-05,
2586044.500000000, A.D. 2368-Apr-01 00:00:00.0000, 69.185611, -9.941151179481421E-01, -1.120068494960254E-01, 1.988766036091891E-04, 1.611697196204366E-03, -1.716870881658606E-02, 1.365767419601433E-05,
2586409.500000000, A.D. 2369-Apr-01 00:00:00.0000, 69.185605, -9.924415349996886E-01, -1.084059338415418E-01, 1.535072562616062E-04, 1.527201083292384E-03, -1.718053106879206E-02, 1.421249749118473E-05,
2586774.500000000, A.D. 2370-Apr-01 00:00:00.0000, 69.185611, -9.906809233996764E-01, -1.035548140597987E-01, 1.138517814334175E-04, 1.463250705860518E-03, -1.718853325121216E-02, 1.434394937858126E-05,
2587139.500000000, A.D. 2371-Apr-01 00:00:00.0000, 69.185615, -9.894651293966027E-01, -9.752876955508416E-02, 7.646950232498323E-05, 1.378693866850383E-03, -1.718151661223528E-02, 1.374092922272705E-05,
2587505.500000000, A.D. 2372-Apr-01 00:00:00.0000, 69.185619, -9.879013722652675E-01, -1.079951972285209E-01, 8.307082367797705E-05, 1.591471980788500E-03, -1.717066643277531E-02, 1.490331365849123E-05,
2587870.500000000, A.D. 2373-Apr-01 00:00:00.0000, 69.185626, -9.889930201904668E-01, -1.013619322147223E-01, 9.818406612634369E-05, 1.524054950337899E-03, -1.717447589481555E-02, 1.381840594394972E-05,
2588235.500000000, A.D. 2374-Apr-01 00:00:00.0000, 69.185632, -9.911988372530276E-01, -9.525656113961370E-02, 1.392115435195081E-04, 1.434053751643378E-03, -1.717840122536107E-02, 1.512313794923651E-05,
2588600.500000000, A.D. 2375-Apr-01 00:00:00.0000, 69.185636, -9.942383815561089E-01, -9.015400856774611E-02, 2.075251478527809E-04, 1.360536673434521E-03, -1.720136901545383E-02, 1.444638133048963E-05,
2588966.500000000, A.D. 2376-Apr-01 00:00:00.0000, 69.185639, -9.959179212517574E-01, -1.035932557023122E-01, 2.910366247506230E-04, 1.586928170475507E-03, -1.717126299522426E-02, 1.467003087790458E-05,
2589331.500000000, A.D. 2377-Apr-01 00:00:00.0000, 69.185632, -9.985911575541556E-01, -1.011957953808075E-01, 3.661791036342408E-04, 1.501669119159301E-03, -1.718707714953081E-02, 1.503955389819024E-05,
2589696.500000000, A.D. 2378-Apr-01 00:00:00.0000, 69.185623, -1.000130627905335E+00, -9.980227207889372E-02, 4.090536308016065E-04, 1.440520519603525E-03, -1.720459504581966E-02, 1.403079824681549E-05,
2590061.500000000, A.D. 2379-Apr-01 00:00:00.0000, 69.185609, -1.000030929059996E+00, -9.859931384562486E-02, 4.217988542785065E-04, 1.366352037691998E-03, -1.719803364869119E-02, 1.521757350393160E-05,
2590427.500000000, A.D. 2380-Apr-01 00:00:00.0000, 69.185598, -9.970635417107304E-01, -1.139257453118570E-01, 4.109413780369061E-04, 1.581738819710429E-03, -1.718297357903356E-02, 1.396108006001512E-05,
2590792.500000000, A.D. 2381-Apr-01 00:00:00.0000, 69.185598, -9.946332085213309E-01, -1.109588921185024E-01, 3.508255553357880E-04, 1.520045494116536E-03, -1.718586703106784E-02, 1.486055948499474E-05,
2591157.500000000, A.D. 2382-Apr-01 00:00:00.0000, 69.185601, -9.920200935918365E-01, -1.065183590246069E-01, 2.888778877315581E-04, 1.434015820858821E-03, -1.718035175239486E-02, 1.446621919391222E-05,
2591522.500000000, A.D. 2383-Apr-01 00:00:00.0000, 69.185605, -9.900529600802872E-01, -1.007782645602840E-01, 2.205097078139211E-04, 1.355627422271190E-03, -1.719791131316154E-02, 1.439661293758638E-05,
2591888.500000000, A.D. 2384-Apr-01 00:00:00.0000, 69.185613, -9.875581238659522E-01, -1.114733504032493E-01, 1.919962481216103E-04, 1.582029830016575E-03, -1.716544004629663E-02, 1.512711618175114E-05,
2592253.500000000, A.D. 2385-Apr-01 00:00:00.0000, 69.185617, -9.877246743761587E-01, -1.048042004466380E-01, 1.646598820277932E-04, 1.491026363097140E-03, -1.717332598125547E-02, 1.416286229502693E-05,
2592618.500000000, A.D. 2386-Apr-01 00:00:00.0000, 69.185625, -9.890658931699642E-01, -9.855316616238539E-02, 1.632640629919636E-04, 1.420817011952150E-03, -1.719318809358197E-02, 1.558070305013126E-05,
2592983.500000000, A.D. 2387-Apr-01 00:00:00.0000, 69.185630, -9.910790732053075E-01, -9.315641746759649E-02, 1.845952595112615E-04, 1.345397882063789E-03, -1.719007233379207E-02, 1.453342409080184E-05,
2593349.500000000, A.D. 2388-Apr-01 00:00:00.0000, 69.185629, -9.919214930860548E-01, -1.060064621458186E-01, 2.236065116889118E-04, 1.554858499917480E-03, -1.717858630104559E-02, 1.522729149022060E-05,
2593714.500000000, A.D. 2389-Apr-01 00:00:00.0000, 69.185628, -9.937731678339613E-01, -1.029432782518863E-01, 2.518499634550506E-04, 1.493678909144019E-03, -1.719312468034548E-02, 1.509918177169502E-05,
2594079.500000000, A.D. 2390-Apr-01 00:00:00.0000, 69.185620, -9.945032056426203E-01, -1.006103942079904E-01, 2.505598284566892E-04, 1.414844167861237E-03, -1.719020353690942E-02, 1.460672092081406E-05,
2594444.500000000, A.D. 2391-Apr-01 00:00:00.0000, 69.185607, -9.939797679027331E-01, -9.819809746292404E-02, 2.263830606110837E-04, 1.337707861472261E-03, -1.720831676504038E-02, 1.554634918454024E-05,
2594810.500000000, A.D. 2392-Apr-01 00:00:00.0000, 69.185604, -9.907693833872793E-01, -1.123029614496545E-01, 1.836776273513602E-04, 1.571768830850406E-03, -1.717762683811159E-02, 1.431620535713003E-05,
2595175.500000000, A.D. 2393-Apr-01 00:00:00.0000, 69.185603, -9.884278184426570E-01, -1.079273344363809E-01, 1.105381191994461E-04, 1.484804671441807E-03, -1.717685196680512E-02, 1.554318331569791E-05,
2595540.500000000, A.D. 2394-Apr-01 00:00:00.0000, 69.185608, -9.863873789669834E-01, -1.021742036962908E-01, 4.395121150718231E-05, 1.411774563627960E-03, -1.719371520065886E-02, 1.464225693889864E-05,
2595905.500000000, A.D. 2395-Apr-01 00:00:00.0000, 69.185616, -9.851093448315302E-01, -9.537166812674752E-02, -1.277952264153080E-05, 1.338861239094782E-03, -1.718715147738975E-02, 1.512513819644993E-05,
2596271.500000000, A.D. 2396-Apr-01 00:00:00.0000, 69.185620, -9.836733342115928E-01, -1.050920177118514E-01, -1.546896093043160E-05, 1.543052787186450E-03, -1.716787595670711E-02, 1.547237416162095E-05,
2596636.500000000, A.D. 2397-Apr-01 00:00:00.0000, 69.185628, -9.850631186188558E-01, -9.787718159045530E-02, -1.292231598587366E-05, 1.475357391978258E-03, -1.718417623359346E-02, 1.481279374544459E-05,
2597001.500000000, A.D. 2398-Apr-01 00:00:00.0000, 69.185636, -9.875397478171770E-01, -9.138216842064104E-02, 2.785832363489444E-05, 1.394862160613123E-03, -1.718069093114408E-02, 1.615900767419702E-05,
2597366.500000000, A.D. 2399-Apr-01 00:00:00.0000, 69.185637, -9.908570324867375E-01, -8.589640217848639E-02, 9.011446338939227E-05, 1.309335724343588E-03, -1.720138037088800E-02, 1.504187665997244E-05,
2597732.500000000, A.D. 2400-Apr-01 00:00:00.0000, 69.185641, -9.928367739750954E-01, -9.913064540329351E-02, 1.753036545112664E-04, 1.542883031769765E-03, -1.718278593426610E-02, 1.603591675293342E-05,
2598097.500000000, A.D. 2401-Apr-01 00:00:00.0000, 69.185633, -9.955901151393567E-01, -9.649324331930333E-02, 2.481870271487141E-04, 1.459945467504281E-03, -1.718591421231062E-02, 1.539389603418483E-05,
2598462.500000000, A.D. 2402-Apr-01 00:00:00.0000, 69.185621, -9.972370861404773E-01, -9.468725315549752E-02, 2.890989407603388E-04, 1.388075838117469E-03, -1.720870481410265E-02, 1.546811931618340E-05,
2598827.500000000, A.D. 2403-Apr-01 00:00:00.0000, 69.185610, -9.973053548879346E-01, -9.303346251527517E-02, 3.078003045381798E-04, 1.324889923516878E-03, -1.720576790282459E-02, 1.595336696636811E-05,
2599193.500000000, A.D. 2404-Apr-01 00:00:00.0000, 69.185600, -9.946697648164997E-01, -1.077454076503174E-01, 3.028066929517839E-04, 1.534634138385329E-03, -1.717972018475367E-02, 1.489140299072184E-05,
2599558.500000000, A.D. 2405-Apr-01 00:00:00.0000, 69.185601, -9.928842359572964E-01, -1.041928035669808E-01, 2.653235089138420E-04, 1.468005305164202E-03, -1.719435095303667E-02, 1.618689328186069E-05,
2599923.500000000, A.D. 2406-Apr-01 00:00:00.0000, 69.185607, -9.910950974595525E-01, -9.939504927025690E-02, 2.262465757353945E-04, 1.392704585653010E-03, -1.718504505738736E-02, 1.499851193796334E-05,
2600288.500000000, A.D. 2407-Apr-01 00:00:00.0000, 69.185608, -9.900861728373712E-01, -9.345095033677786E-02, 1.908225246693028E-04, 1.303364632853017E-03, -1.719685069392126E-02, 1.586686658514520E-05,
2600654.500000000, A.D. 2408-Apr-01 00:00:00.0000, 69.185617, -9.887167651834736E-01, -1.043411288431511E-01, 1.998574113920917E-04, 1.533285754287763E-03, -1.717813338529441E-02, 1.570851138157809E-05,
2601019.500000000, A.D. 2409-Apr-01 00:00:00.0000, 69.185622, -9.898016067713210E-01, -9.818274203524044E-02, 2.055997825995305E-04, 1.448571781243726E-03, -1.717566703801096E-02, 1.551902524510184E-05,
2601384.500000000, A.D. 2410-Apr-01 00:00:00.0000, 69.185626, -9.919394458893993E-01, -9.263830975530178E-02, 2.411236495633562E-04, 1.367149114591041E-03, -1.719845334174947E-02, 1.642385591345440E-05,
2601749.500000000, A.D. 2411-Apr-01 00:00:00.0000, 69.185630, -9.945028389010540E-01, -8.824127322127008E-02, 2.853340398370524E-04, 1.301699029597720E-03, -1.720361950901859E-02, 1.537876872513182E-05,
2602115.500000000, A.D. 2412-Apr-01 00:00:00.0000, 69.185627, -9.955053358610509E-01, -1.021622422972036E-01, 3.480756461008011E-04, 1.511116513213761E-03, -1.718052668124576E-02, 1.657363117881185E-05,
2602480.500000000, A.D. 2413-Apr-01 00:00:00.0000, 69.185621, -9.972187774649786E-01, -1.000890947050520E-01, 3.814499288406616E-04, 1.443213652730583E-03, -1.720414402068234E-02, 1.545399482051208E-05,
2602845.500000000, A.D. 2414-Apr-01 00:00:00.0000, 69.185612, -9.974794221661261E-01, -9.861880311202645E-02, 3.779138970043696E-04, 1.376983524905066E-03, -1.719986051495399E-02, 1.608998768775412E-05,
2603210.500000000, A.D. 2415-Apr-01 00:00:00.0000, 69.185597, -9.962843167404921E-01, -9.673045159630922E-02, 3.448854378913794E-04, 1.292419534331060E-03, -1.720745882121465E-02, 1.612395914490567E-05,
2603576.500000000, A.D. 2416-Apr-01 00:00:00.0000, 69.185594, -9.925386336898865E-01, -1.111126996235040E-01, 2.837169718897876E-04, 1.525719136094413E-03, -1.718934912746642E-02, 1.536833384213182E-05,
2603941.500000000, A.D. 2417-Apr-01 00:00:00.0000, 69.185597, -9.896245588338197E-01, -1.068703855771645E-01, 1.975183844017986E-04, 1.447499265297473E-03, -1.717983621350239E-02, 1.647709367838027E-05,
2604306.500000000, A.D. 2418-Apr-01 00:00:00.0000, 69.185601, -9.871641331997523E-01, -1.010627825197943E-01, 1.090059266474475E-04, 1.362059576253065E-03, -1.719476319126582E-02, 1.527783341531088E-05,
2604671.500000000, A.D. 2419-Apr-01 00:00:00.0000, 69.185609, -9.856079268629131E-01, -9.425722549045999E-02, 3.623700677949335E-05, 1.294830567770141E-03, -1.719850739660033E-02, 1.640749829008162E-05,
2605037.500000000, A.D. 2420-Apr-01 00:00:00.0000, 69.185615, -9.838798718500086E-01, -1.040124944422036E-01, 1.400228142936682E-05, 1.501856482176553E-03, -1.716745457267466E-02, 1.577656155169693E-05,