2458940.500000000, A.D. 2020-Apr-01 00:00:00.0000, 69.185679, 1.190728416205965E+00, -5.047610562661344E+00, -5.703743597160927E-03, 7.253155400127016E-03, 2.092273032542680E-03, -1.708748996008021E-04,
2459305.500000000, A.D. 2021-Apr-01 00:00:00.0000, 69.185671, 3.542197852799195E+00, -3.608961588880816E+00, -6.427624732092181E-02, 5.293017730436003E-03, 5.642535141834690E-03, -1.418032880658843E-04,
2459670.500000000, A.D. 2022-Apr-01 00:00:00.0000, 69.185661, 4.839795964470502E+00, -1.110442471886689E+00, -1.036716257969546E-01, 1.598324740951591E-03, 7.708264523303246E-03, -6.774574814744296E-05,
2460035.500000000, A.D. 2023-Apr-01 00:00:00.0000, 69.185650, 4.630567073384866E+00, 1.728372360480435E+00, -1.107693552917225E-01, -2.722811696062542E-03, 7.424678052367665E-03, 3.015458766151023E-05,
2460401.500000000, A.D. 2024-Apr-01 00:00:00.0000, 69.185640, 2.954696736848852E+00, 4.028932398664507E+00, -8.281938792098054E-02, -6.168767057032944E-03, 4.821206744514563E-03, 1.180355339656877E-04,
2460766.500000000, A.D. 2025-Apr-01 00:00:00.0000, 69.185634, 3.705744224708074E-01, 5.093853764104830E+00, -2.941750170127483E-02, -7.613139474396935E-03, 9.080171976497992E-04, 1.666263437038553E-04,
2461131.500000000, A.D. 2026-Apr-01 00:00:00.0000, 69.185633, -2.331127519849536E+00, 4.693348853259723E+00, 3.270125261862582E-02, -6.848802002073727E-03, -2.999466805423315E-03, 1.657086794194966E-04,
2461496.500000000, A.D. 2027-Apr-01 00:00:00.0000, 69.185639, -4.418004795816636E+00, 3.032431953295298E+00, 8.629897811626301E-02, -4.361148539664689E-03, -5.867778790147908E-03, 1.219776157356379E-04,
2461862.500000000, A.D. 2028-Apr-01 00:00:00.0000, 69.185649, -5.400854078176993E+00, 5.973706445835129E-01, 1.184103721787603E-01, -9.206800358475369E-04, -7.149483143603040E-03, 5.028596371889751E-05,
2462227.500000000, A.D. 2029-Apr-01 00:00:00.0000, 69.185650, -5.077555698752697E+00, -1.979135873047108E+00, 1.218844812564163E-01, 2.650565756382923E-03, -6.680565000255184E-03, -3.152745553203206E-05,
2462592.500000000, A.D. 2030-Apr-01 00:00:00.0000, 69.185655, -3.540375754916591E+00, -4.081803890268952E+00, 9.622896203365765E-02, 5.611029274282107E-03, -4.593606649585541E-03, -1.064595215451067E-04,
2462957.500000000, A.D. 2031-Apr-01 00:00:00.0000, 69.185663, -1.138605860471736E+00, -5.180702968887251E+00, 4.705637450350068E-02, 7.281208734231578E-03, -1.267765445500925E-03, -1.576883977051962E-04,
2463323.500000000, A.D. 2032-Apr-01 00:00:00.0000, 69.185666, 1.556890467553253E+00, -4.935143265179120E+00, -1.427722770842165E-02, 7.105475187828303E-03, 2.625150396614748E-03, -1.699535595140140E-04,
2463688.500000000, A.D. 2033-Apr-01 00:00:00.0000, 69.185663, 3.802993015944192E+00, -3.321340938530316E+00, -7.124494430563143E-02, 4.870200870105492E-03, 6.038659837103335E-03, -1.341237987729961E-04,
2464053.500000000, A.D. 2034-Apr-01 00:00:00.0000, 69.185653, 4.911038137045050E+00, -7.267111384893075E-01, -1.068293515015042E-01, 1.009546977131296E-03, 7.817896194546016E-03, -5.512949090883852E-05,
2464418.500000000, A.D. 2035-Apr-01 00:00:00.0000, 69.185643, 4.486837107202678E+00, 2.089024422732984E+00, -1.090537652282918E-01, -3.278113651633165E-03, 7.191420943867106E-03, 4.337027493080090E-05,
2464784.500000000, A.D. 2036-Apr-01 00:00:00.0000, 69.185639, 2.645107301193929E+00, 4.253472206677644E+00, -7.685843625160728E-02, -6.497431402906508E-03, 4.335534201662732E-03, 1.273044700984202E-04,
2465149.500000000, A.D. 2037-Apr-01 00:00:00.0000, 69.185633, -3.257521273613068E-03, 5.121707787392090E+00, -2.122907970029246E-02, -7.633660241578076E-03, 3.455040723850457E-04, 1.693098203100830E-04,
2465514.500000000, A.D. 2038-Apr-01 00:00:00.0000, 69.185634, -2.660194946650634E+00, 4.528571033018061E+00, 4.066784853690122E-02, -6.593224990365006E-03, -3.471433020538020E-03, 1.619535826717995E-04,
2465879.500000000, A.D. 2039-Apr-01 00:00:00.0000, 69.185644, -4.618413457788328E+00, 2.728709746654862E+00, 9.195352713683265E-02, -3.927532934667606E-03, -6.146135557532887E-03, 1.134246328478847E-04,
2466245.500000000, A.D. 2040-Apr-01 00:00:00.0000, 69.185651, -5.426904798134094E+00, 2.349479843582358E-01, 1.204130356765877E-01, -4.184706159466162E-04, -7.188331991294898E-03, 3.932840595386879E-05,
2466610.500000000, A.D. 2041-Apr-01 00:00:00.0000, 69.185656, -4.925180437034452E+00, -2.311949169801367E+00, 1.198008284649832E-01, 3.109466622096925E-03, -6.482646295298977E-03, -4.253573063431923E-05,
2466975.500000000, A.D. 2042-Apr-01 00:00:00.0000, 69.185664, -3.243704318525769E+00, -4.303828412120748E+00, 9.050383319082446E-02, 5.927360962237762E-03, -4.195405972231617E-03, -1.150487570357506E-04,
2467340.500000000, A.D. 2043-Apr-01 00:00:00.0000, 69.185670, -7.664812434397476E-01, -5.231989070898367E+00, 3.897820723736089E-02, 7.367578938570271E-03, -7.465828693122630E-04, -1.615944879832962E-04,
2467706.500000000, A.D. 2044-Apr-01 00:00:00.0000, 69.185677, 1.909679938130852E+00, -4.792667038367650E+00, -2.270646547499077E-02, 6.911335517728656E-03, 3.141562780044073E-03, -1.676469177224226E-04,
2468071.500000000, A.D. 2045-Apr-01 00:00:00.0000, 69.185671, 4.035604413451987E+00, -3.015562956362656E+00, -7.767565666483101E-02, 4.417983440506017E-03, 6.394597593196495E-03, -1.254828376071928E-04,
2468436.500000000, A.D. 2046-Apr-01 00:00:00.0000, 69.185658, 4.948968656521824E+00, -3.426720991089974E-01, -1.092710294204641E-01, 4.236250223486414E-04, 7.877269406008174E-03, -4.238628879510496E-05,
2468801.500000000, A.D. 2047-Apr-01 00:00:00.0000, 69.185650, 4.315586828112037E+00, 2.433783220043848E+00, -1.067070228303149E-01, -3.802551806458692E-03, 6.923496480286704E-03, 5.613636577824928E-05,
2469167.500000000, A.D. 2048-Apr-01 00:00:00.0000, 69.185642, 2.320293615074963E+00, 4.453453070922744E+00, -7.051987781815520E-02, -6.788663595641360E-03, 3.837585375379823E-03, 1.357785166650617E-04,
2469532.500000000, A.D. 2049-Apr-01 00:00:00.0000, 69.185637, -3.795590785941253E-01, 5.124635407130629E+00, -1.293621928439523E-02, -7.623493329683692E-03, -2.067671004144971E-04, 1.713741111793185E-04,
2469897.500000000, A.D. 2050-Apr-01 00:00:00.0000, 69.185640, -2.981912860392735E+00, 4.344438919564938E+00, 4.853721046547954E-02, -6.320472087006625E-03, -3.921688514268946E-03, 1.577358815862020E-04,
2470262.500000000, A.D. 2051-Apr-01 00:00:00.0000, 69.185645, -4.805777719361947E+00, 2.414963054731238E+00, 9.740753371761682E-02, -3.486062940299146E-03, -6.395167707491785E-03, 1.047110832875539E-04,
2470628.500000000, A.D. 2052-Apr-01 00:00:00.0000, 69.185654, -5.438983480398100E+00, -1.261137634355466E-01, 1.222084546195160E-01, 7.670570442418713E-05, -7.196789632178722E-03, 2.837431105813734E-05,
2470993.500000000, A.D. 2053-Apr-01 00:00:00.0000, 69.185656, -4.762773740209263E+00, -2.632328361036293E+00, 1.175802850645465E-01, 3.552360276916675E-03, -6.256568022551394E-03, -5.323628506491361E-05,
2471358.500000000, A.D. 2054-Apr-01 00:00:00.0000, 69.185658, -2.944738764091489E+00, -4.505227961249797E+00, 8.476774551292186E-02, 6.217686657245839E-03, -3.779519800442452E-03, -1.232196645249484E-04,
2471723.500000000, A.D. 2055-Apr-01 00:00:00.0000, 69.185666, -4.018289039209023E-01, -5.258783983721448E+00, 3.106194181291706E-02, 7.424530160713267E-03, -2.244470088692528E-04, -1.651164650567655E-04,
2472089.500000000, A.D. 2056-Apr-01 00:00:00.0000, 69.185668, 2.244536461410377E+00, -4.626354486859632E+00, -3.075623051337601E-02, 6.687710120871441E-03, 3.646665173134237E-03, -1.648111168798192E-04,
2472454.500000000, A.D. 2057-Apr-01 00:00:00.0000, 69.185658, 4.240123295850650E+00, -2.691581500348890E+00, -8.347142386630495E-02, 3.941100708098410E-03, 6.722905482064736E-03, -1.162529354330533E-04,
2472819.500000000, A.D. 2058-Apr-01 00:00:00.0000, 69.185649, 4.951284805042086E+00, 4.796058890832881E-02, -1.108347603279777E-01, -1.749233041391854E-04, 7.896422873631882E-03, -2.909748908223790E-05,
2473184.500000000, A.D. 2059-Apr-01 00:00:00.0000, 69.185637, 4.108416289259088E+00, 2.768833344164289E+00, -1.033779695514786E-01, -4.315814717074070E-03, 6.608107320548479E-03, 6.881074162248701E-05,
2473550.500000000, A.D. 2060-Apr-01 00:00:00.0000, 69.185633, 1.969806997045524E+00, 4.628613770433965E+00, -6.336138105179319E-02, -7.038516608816324E-03, 3.309393288732957E-03, 1.434776757392235E-04,
2473915.500000000, A.D. 2061-Apr-01 00:00:00.0000, 69.185630, -7.631678944664017E-01, 5.096315121590229E+00, -4.246724105005376E-03, -7.556954228730088E-03, -7.612181116415403E-04, 1.720426312503736E-04,
2474280.500000000, A.D. 2062-Apr-01 00:00:00.0000, 69.185630, -3.291807776959440E+00, 4.134359058111245E+00, 5.628188889169305E-02, -5.997264767880528E-03, -4.342503630432069E-03, 1.522258349445267E-04,
2474645.500000000, A.D. 2063-Apr-01 00:00:00.0000, 69.185640, -4.968574383701805E+00, 2.089250932938957E+00, 1.023115321521004E-01, -3.020543908239207E-03, -6.597726828640868E-03, 9.517533408701228E-05,
2475011.500000000, A.D. 2064-Apr-01 00:00:00.0000, 69.185649, -5.422945511734620E+00, -4.826260655885001E-01, 1.232347267442937E-01, 5.717071176276641E-04, -7.159426917248061E-03, 1.725507451868800E-05,
2475376.500000000, A.D. 2065-Apr-01 00:00:00.0000, 69.185651, -4.576416133806632E+00, -2.934352610369166E+00, 1.145867292886405E-01, 3.974950401470289E-03, -5.998122639279211E-03, -6.369422428196815E-05,
2475741.500000000, A.D. 2066-Apr-01 00:00:00.0000, 69.185660, -2.630418027839594E+00, -4.679180736465214E+00, 7.840878608018208E-02, 6.481939470556003E-03, -3.345684580969976E-03, -1.308427011896805E-04,
2476106.500000000, A.D. 2067-Apr-01 00:00:00.0000, 69.185668, -3.232219841951034E-02, -5.253540687587831E+00, 2.275344049606791E-02, 7.452086284193877E-03, 3.075158384785113E-04, -1.678203343342033E-04,
2476472.500000000, A.D. 2068-Apr-01 00:00:00.0000, 69.185671, 2.572726702600681E+00, -4.427654430737554E+00, -3.892772950077245E-02, 6.431612246186703E-03, 4.147666403342957E-03, -1.611480402857533E-04,
2476837.500000000, A.D. 2069-Apr-01 00:00:00.0000, 69.185665, 4.426443412445826E+00, -2.340410478407569E+00, -8.910901234446411E-02, 3.432454942383599E-03, 7.030552117978674E-03, -1.062298954959915E-04,
2477202.500000000, A.D. 2070-Apr-01 00:00:00.0000, 69.185652, 4.927538026181201E+00, 4.536500105951216E-01, -1.120297800171700E-01, -7.872814633400404E-04, 7.873927546413943E-03, -1.549333239996204E-05,
2477567.500000000, A.D. 2071-Apr-01 00:00:00.0000, 69.185643, 3.876468754064445E+00, 3.102772273233327E+00, -9.965946002411098E-02, -4.809696133757872E-03, 6.250413715830878E-03, 8.125000974935555E-05,
2477933.500000000, A.D. 2072-Apr-01 00:00:00.0000, 69.185641, 1.605893884161646E+00, 4.789968379059456E+00, -5.600459744328561E-02, -7.248204073964216E-03, 2.755362349993732E-03, 1.503835606922969E-04,
2478298.500000000, A.D. 2073-Apr-01 00:00:00.0000, 69.185635, -1.145097966615125E+00, 5.050360005305096E+00, 4.370503159816208E-03, -7.450658569601617E-03, -1.313616406876283E-03, 1.720121847317136E-04,
2478663.500000000, A.D. 2074-Apr-01 00:00:00.0000, 69.185641, -3.587880441924337E+00, 3.910479257945163E+00, 6.373385403776569E-02, -5.650336818263390E-03, -4.747788324804453E-03, 1.461364314384663E-04,
2479028.500000000, A.D. 2075-Apr-01 00:00:00.0000, 69.185650, -5.110455238966771E+00, 1.757244934598336E+00, 1.067886649693865E-01, -2.542797590739262E-03, -6.781586754198714E-03, 8.522062410518450E-05,
2479394.500000000, A.D. 2076-Apr-01 00:00:00.0000, 69.185656, -5.383120178118719E+00, -8.365937772142129E-01, 1.237663921653633E-01, 1.068688967787070E-03, -7.100536189286321E-03, 5.882338839149014E-06,
2479759.500000000, A.D. 2077-Apr-01 00:00:00.0000, 69.185662, -4.367201541684779E+00, -3.224132315189356E+00, 1.110900729130253E-01, 4.390635459968349E-03, -5.713842161267469E-03, -7.410250379762405E-05,
2480124.500000000, A.D. 2078-Apr-01 00:00:00.0000, 69.185665, -2.299096445698069E+00, -4.830924286307874E+00, 7.163261367706522E-02, 6.721321059055845E-03, -2.884959579280407E-03, -1.380082390207014E-04,
2480489.500000000, A.D. 2079-Apr-01 00:00:00.0000, 69.185670, 3.419681129434414E-01, -5.218677719485973E+00, 1.426321740933003E-02, 7.437396791862253E-03, 8.504213335372090E-04, -1.696971576210291E-04,
2480855.500000000, A.D. 2080-Apr-01 00:00:00.0000, 69.185674, 2.888219679528987E+00, -4.199662066078273E+00, -4.688650674596168E-02, 6.125400741188858E-03, 4.633214986612302E-03, -1.562200886420119E-04,
2481220.500000000, A.D. 2081-Apr-01 00:00:00.0000, 69.185660, 4.583669579062623E+00, -1.972343244309413E+00, -9.409714196865335E-02, 2.892774438077892E-03, 7.286434936812648E-03, -9.514311873779070E-05,
2481585.500000000, A.D. 2082-Apr-01 00:00:00.0000, 69.185649, 4.868827347020799E+00, 8.542535312440478E-01, -1.123167931293734E-01, -1.390965722463963E-03, 7.787667627787736E-03, -1.526515246068799E-06,
2481950.500000000, A.D. 2083-Apr-01 00:00:00.0000, 69.185640, 3.618678933607656E+00, 3.410758292265841E+00, -9.510509740750808E-02, -5.261991094160758E-03, 5.848054364963166E-03, 9.305446493891028E-05,
2482316.500000000, A.D. 2084-Apr-01 00:00:00.0000, 69.185633, 1.234331178311891E+00, 4.915670449188796E+00, -4.814327215166573E-02, -7.406392294962316E-03, 2.195378558564208E-03, 1.562776997266700E-04,
2482681.500000000, A.D. 2085-Apr-01 00:00:00.0000, 69.185632, -1.517400285959418E+00, 4.971188500518831E+00, 1.310688665656204E-02, -7.306718712345367E-03, -1.847392051705540E-03, 1.709802106499297E-04,
2483046.500000000, A.D. 2086-Apr-01 00:00:00.0000, 69.185633, -3.863181918873158E+00, 3.662424417534023E+00, 7.101124752567298E-02, -5.281067757974228E-03, -5.122495695296992E-03, 1.395010259948845E-04,
2483411.500000000, A.D. 2087-Apr-01 00:00:00.0000, 69.185639, -5.226556648699263E+00, 1.411653798040815E+00, 1.109189130205387E-01, -2.058237143421574E-03, -6.932152638234952E-03, 7.509404651853898E-05,
2483777.500000000, A.D. 2088-Apr-01 00:00:00.0000, 69.185648, -5.316908580571009E+00, -1.194070071546238E+00, 1.238731853271280E-01, 1.562464866980584E-03, -7.011689408433718E-03, -5.473508439884727E-06,
2484142.500000000, A.D. 2089-Apr-01 00:00:00.0000, 69.185648, -4.134630075552290E+00, -3.508211647856950E+00, 1.071690994219896E-01, 4.790431266212226E-03, -5.404398577276978E-03, -8.438380164428333E-05,
2484507.500000000, A.D. 2090-Apr-01 00:00:00.0000, 69.185655, -1.951706394441639E+00, -4.969322697142799E+00, 6.452626476804074E-02, 6.933645228839839E-03, -2.409343502105429E-03, -1.448489303785563E-04,
2484872.500000000, A.D. 2091-Apr-01 00:00:00.0000, 69.185664, 7.203764663499386E-01, -5.166993902615039E+00, 5.648951996933207E-03, 7.384720369693622E-03, 1.394192720133852E-03, -1.708540775887259E-04,
2485238.500000000, A.D. 2092-Apr-01 00:00:00.0000, 69.185663, 3.193653667142994E+00, -3.959179852491585E+00, -5.468944383332722E-02, 5.782959380556646E-03, 5.091666707108065E-03, -1.506131312758728E-04,
2485603.500000000, A.D. 2093-Apr-01 00:00:00.0000, 69.185656, 4.720866472671628E+00, -1.604711873812733E+00, -9.870767838928519E-02, 2.335602618121786E-03, 7.498678338573418E-03, -8.370298687715250E-05,
2485968.500000000, A.D. 2094-Apr-01 00:00:00.0000, 69.185643, 4.790345554206175E+00, 1.237982732615378E+00, -1.122101699562091E-01, -1.981457841652527E-03, 7.656965134078523E-03, 1.202388613260957E-05,
2486333.500000000, A.D. 2095-Apr-01 00:00:00.0000, 69.185634, 3.351389236247732E+00, 3.689905884152142E+00, -9.037326869825163E-02, -5.676732287182638E-03, 5.422552658190417E-03, 1.039840349229040E-04,
2486699.500000000, A.D. 2096-Apr-01 00:00:00.0000, 69.185635, 8.677146516526641E-01, 5.009322578590010E+00, -4.044171625121890E-02, -7.523705688717118E-03, 1.635981613717732E-03, 1.611579450222015E-04,
2487064.500000000, A.D. 2097-Apr-01 00:00:00.0000, 69.185631, -1.871761442669940E+00, 4.864393425514111E+00, 2.135437522492349E-02, -7.128939060006489E-03, -2.361091271744440E-03, 1.691819483811849E-04,
2487429.500000000, A.D. 2098-Apr-01 00:00:00.0000, 69.185637, -4.111271378616196E+00, 3.395957291413645E+00, 7.754172126430411E-02, -4.892207622437503E-03, -5.467904964799697E-03, 1.322628523869805E-04,
2487794.500000000, A.D. 2099-Apr-01 00:00:00.0000, 69.185649, -5.310564845651509E+00, 1.059728010012505E+00, 1.141419467531620E-01, -1.565215452322658E-03, -7.050134503872295E-03, 6.459810978263586E-05,
2488159.500000000, A.D. 2100-Apr-01 00:00:00.0000, 69.185652, -5.221037417961523E+00, -1.537327338896819E+00, 1.230604046728624E-01, 2.038688331944486E-03, -6.889599005767903E-03, -1.651070370951304E-05,
2488524.500000000, A.D. 2101-Apr-01 00:00:00.0000, 69.185658, -3.882437326606836E+00, -3.766658930573149E+00, 1.025505233041012E-01, 5.156725083602794E-03, -5.069452961070775E-03, -9.379680548421081E-05,
2488889.500000000, A.D. 2102-Apr-01 00:00:00.0000, 69.185665, -1.600395345784728E+00, -5.075722516349008E+00, 5.710734345752484E-02, 7.097947578958649E-03, -1.925351948990777E-03, -1.504001762983151E-04,
2489254.500000000, A.D. 2103-Apr-01 00:00:00.0000, 69.185667, 1.084297370546548E+00, -5.085514102126226E+00, -2.801599733860709E-03, 7.283228377880138E-03, 1.917976515340883E-03, -1.706882384021053E-04,
2489620.500000000, A.D. 2104-Apr-01 00:00:00.0000, 69.185670, 3.469412040055846E+00, -3.701230257449795E+00, -6.190224532470209E-02, 5.409123262687135E-03, 5.506762356440241E-03, -1.440018733306607E-04,
2489985.500000000, A.D. 2105-Apr-01 00:00:00.0000, 69.185656, 4.823044162728457E+00, -1.238709818064792E+00, -1.025209105929286E-01, 1.781836950374366E-03, 7.657514840896692E-03, -7.204778694123368E-05,
2490350.500000000, A.D. 2106-Apr-01 00:00:00.0000, 69.185643, 4.683733323689627E+00, 1.602108700984955E+00, -1.113990814365102E-01, -2.537585582918253E-03, 7.489630758186100E-03, 2.506505214911832E-05,
2490715.500000000, A.D. 2107-Apr-01 00:00:00.0000, 69.185638, 3.070783046284490E+00, 3.940107566614542E+00, -8.524746615405950E-02, -6.047358203135953E-03, 4.988692795119071E-03, 1.139966950548723E-04,
2491081.500000000, A.D. 2108-Apr-01 00:00:00.0000, 69.185634, 5.029544526087224E-01, 5.075012007369713E+00, -3.269252412582427E-02, -7.606265823113316E-03, 1.092432167151741E-03, 1.652236777258469E-04,
2491446.500000000, A.D. 2109-Apr-01 00:00:00.0000, 69.185633, -2.213831246947025E+00, 4.737598510374364E+00, 2.940689413568771E-02, -6.932634850274055E-03, -2.847926665679445E-03, 1.668602971069801E-04,
2491811.500000000, A.D. 2110-Apr-01 00:00:00.0000, 69.185639, -4.342482430700155E+00, 3.120643004517417E+00, 8.377794783661902E-02, -4.499624045526555E-03, -5.781280160821726E-03, 1.249168813072741E-04,
2492176.500000000, A.D. 2111-Apr-01 00:00:00.0000, 69.185642, -5.378672133873010E+00, 7.109574906531282E-01, 1.171033440939235E-01, -1.085193304734653E-03, -7.134642489233896E-03, 5.435278728752953E-05,
2492542.500000000, A.D. 2112-Apr-01 00:00:00.0000, 69.185653, -5.111318279099857E+00, -1.880259049273229E+00, 1.220883445632347E-01, 2.507400239154926E-03, -6.735241361251664E-03, -2.755533409851237E-05,
2492907.500000000, A.D. 2113-Apr-01 00:00:00.0000, 69.185653, -3.620205482124549E+00, -4.013686899331867E+00, 9.781396935309258E-02, 5.505327587452006E-03, -4.707643712413018E-03, -1.030523587055168E-04,
2493272.500000000, A.D. 2114-Apr-01 00:00:00.0000, 69.185656, -1.246789871363663E+00, -5.162335159826415E+00, 4.967836422962831E-02, 7.236637494956458E-03, -1.423393481437315E-03, -1.555550628390434E-04,
2493637.500000000, A.D. 2115-Apr-01 00:00:00.0000, 69.185663, 1.440186151470962E+00, -4.980034611505296E+00, -1.108196853771005E-02, 7.149060944663668E-03, 2.446213549141445E-03, -1.699759488246297E-04,
2494003.500000000, A.D. 2116-Apr-01 00:00:00.0000, 69.185658, 3.725301431574311E+00, -3.420200849048378E+00, -6.869045630215692E-02, 5.002470274034148E-03, 5.909586923145652E-03, -1.366528181190813E-04,
2494368.500000000, A.D. 2117-Apr-01 00:00:00.0000, 69.185645, 4.894005548697736E+00, -8.571669732258238E-01, -1.056128164099770E-01, 1.200739067484590E-03, 7.782194829875357E-03, -5.971294791676502E-05,
2494733.500000000, A.D. 2118-Apr-01 00:00:00.0000, 69.185635, 4.539365483844168E+00, 1.967239133127610E+00, -1.096325520513593E-01, -3.098784805824314E-03, 7.272508132987293E-03, 3.845269318973402E-05,
2495098.500000000, A.D. 2119-Apr-01 00:00:00.0000, 69.185624, 2.755666113080537E+00, 4.173722104834784E+00, -7.914667927913993E-02, -6.393544402082572E-03, 4.508033179798440E-03, 1.236338461004004E-04,
2495464.500000000, A.D. 2120-Apr-01 00:00:00.0000, 69.185625, 1.176390099043136E-01, 5.111084180188978E+00, -2.424286604675970E-02, -7.637821493423776E-03, 5.266933403352952E-04, 1.682219744990257E-04,
2495829.500000000, A.D. 2121-Apr-01 00:00:00.0000, 69.185624, -2.556931245028546E+00, 4.578857316426646E+00, 3.767674627924338E-02, -6.682046080512450E-03, -3.324423032741251E-03, 1.631109185939770E-04,
2496194.500000000, A.D. 2122-Apr-01 00:00:00.0000, 69.185628, -4.557304101108858E+00, 2.822094330496763E+00, 8.972781704747020E-02, -4.066288906104058E-03, -6.059514107137190E-03, 1.163303152484257E-04,
2496559.500000000, A.D. 2123-Apr-01 00:00:00.0000, 69.185641, -5.420486695106455E+00, 3.541738280309348E-01, 1.194154594328810E-01, -5.869097061625442E-04, -7.172570363748506E-03, 4.347443679390928E-05,
2496925.500000000, A.D. 2124-Apr-01 00:00:00.0000, 69.185648, -4.975978095137731E+00, -2.208290966742176E+00, 1.203293366769128E-01, 2.963776441717135E-03, -6.541596999702331E-03, -3.842082604550247E-05,
2497290.500000000, A.D. 2125-Apr-01 00:00:00.0000, 69.185652, -3.340577885498911E+00, -4.234641309882164E+00, 9.240740518339909E-02, 5.826980887676085E-03, -4.320073598587425E-03, -1.116983414468352E-04,
2497655.500000000, A.D. 2126-Apr-01 00:00:00.0000, 69.185662, -8.867171739774423E-01, -5.217053342784838E+00, 4.180958116233661E-02, 7.343970376774062E-03, -9.128953299729549E-04, -1.600121156879804E-04,
2498020.500000000, A.D. 2127-Apr-01 00:00:00.0000, 69.185663, 1.790879118626864E+00, -4.841568354357163E+00, -1.952483859410049E-02, 6.985052803637902E-03, 2.971502518543104E-03, -1.684261668900190E-04,
2498386.500000000, A.D. 2128-Apr-01 00:00:00.0000, 69.185664, 3.964466431342649E+00, -3.109961269394302E+00, -7.535293084787796E-02, 4.565624017571055E-03, 6.293842358117906E-03, -1.285513567617713E-04,
2498751.500000000, A.D. 2129-Apr-01 00:00:00.0000, 69.185652, 4.939117651616566E+00, -4.562188836242473E-01, -1.083345203227974E-01, 6.011472963479485E-04, 7.874457554930554E-03, -4.675902033434014E-05,
2499116.500000000, A.D. 2130-Apr-01 00:00:00.0000, 69.185637, 4.367087676260423E+00, 2.336893593548858E+00, -1.073986731203718E-01, -3.655486519092858E-03, 7.014325895449583E-03, 5.183049453297143E-05,
2499481.500000000, A.D. 2131-Apr-01 00:00:00.0000, 69.185635, 2.420716383619441E+00, 4.397684406442171E+00, -7.270063676984179E-02, -6.706044452332412E-03, 3.996825042113896E-03, 1.326694135350618E-04,
2499847.500000000, A.D. 2132-Apr-01 00:00:00.0000, 69.185634, -2.728127294025320E-01, 5.130562192178008E+00, -1.571131592887321E-02, -7.629298523442514E-03, -4.679074340183159E-05, 1.703762073192610E-04,
2500212.500000000, A.D. 2133-Apr-01 00:00:00.0000, 69.185633, -2.891211826262601E+00, 4.405042104935638E+00, 4.577714658820498E-02, -6.397816354199347E-03, -3.788476048957861E-03, 1.587809857215257E-04,
2500577.500000000, A.D. 2134-Apr-01 00:00:00.0000, 69.185642, -4.754116985943190E+00, 2.515008614965777E+00, 9.534266936324845E-02, -3.615939961324690E-03, -6.316189748100789E-03, 1.074112185002095E-04,
2500942.500000000, A.D. 2135-Apr-01 00:00:00.0000, 69.185647, -5.439765841900654E+00, -2.809147913605238E-03, 1.213043904471426E-01, -8.444954584929115E-05, -7.189882687604936E-03, 3.228684219533520E-05,
2501308.500000000, A.D. 2136-Apr-01 00:00:00.0000, 69.185655, -4.817283716610786E+00, -2.527301074732184E+00, 1.181137497958756E-01, 3.414977423439190E-03, -6.324259435598116E-03, -4.941790641389287E-05,
2501673.500000000, A.D. 2137-Apr-01 00:00:00.0000, 69.185659, -3.041014878362308E+00, -4.436623784449373E+00, 8.658189443021444E-02, 6.131543586016351E-03, -3.908929683789616E-03, -1.202281417975077E-04,
2502038.500000000, A.D. 2138-Apr-01 00:00:00.0000, 69.185660, -5.160956680318598E-01, -5.243782942513855E+00, 3.368541116679165E-02, 7.416803623422050E-03, -3.820462011665423E-04, -1.637715661629393E-04,
2502403.500000000, A.D. 2139-Apr-01 00:00:00.0000, 69.185666, 2.136313983039532E+00, -4.671525570594081E+00, -2.789304811299939E-02, 6.770150274981293E-03, 3.493995146112914E-03, -1.657834685798456E-04,
2502769.500000000, A.D. 2140-Apr-01 00:00:00.0000, 69.185663, 4.180251076841441E+00, -2.775572619077459E+00, -8.150243558320869E-02, 4.085115997550521E-03, 6.642186176786580E-03, -1.191736558456200E-04,
2503134.500000000, A.D. 2141-Apr-01 00:00:00.0000, 69.185646, 4.949750366408638E+00, -5.052806727361183E-02, -1.101962985752050E-01, -8.708153167564290E-06, 7.901359516546039E-03, -3.323817790253922E-05,
2503499.500000000, A.D. 2142-Apr-01 00:00:00.0000, 69.185637, 4.164025999376640E+00, 2.688133250045873E+00, -1.042580542756391E-01, -4.176690681954159E-03, 6.698039396438877E-03, 6.486090753822281E-05,
2503864.500000000, A.D. 2143-Apr-01 00:00:00.0000, 69.185627, 2.071263894374430E+00, 4.588419250226470E+00, -6.561410999093323E-02, -6.964050216961158E-03, 3.464219823534657E-03, 1.407521580210314E-04,
2504230.500000000, A.D. 2144-Apr-01 00:00:00.0000, 69.185627, -6.588756254534071E-01, 5.115221462766512E+00, -6.935291885692270E-03, -7.572436260044720E-03, -6.073324710230288E-04, 1.715549224581716E-04,
2504595.500000000, A.D. 2145-Apr-01 00:00:00.0000, 69.185628, -3.207429736313496E+00, 4.204000062886298E+00, 5.378299542697362E-02, -6.087826565507664E-03, -4.223650549563497E-03, 1.537193165332756E-04,
2504960.500000000, A.D. 2146-Apr-01 00:00:00.0000, 69.185630, -4.925940647599361E+00, 2.191420308268996E+00, 1.006489399617868E-01, -3.154413097498762E-03, -6.542761955108154E-03, 9.808241256779271E-05,
2505325.500000000, A.D. 2147-Apr-01 00:00:00.0000, 69.185640, -5.432242951850742E+00, -3.657783363517387E-01, 1.227784522238298E-01, 4.194626741582086E-04, -7.176251615204205E-03, 2.106491359135258E-05,
2505691.500000000, A.D. 2148-Apr-01 00:00:00.0000, 69.185648, -4.633664494772555E+00, -2.842710612020158E+00, 1.154563472700596E-01, 3.857130181493810E-03, -6.080019838407729E-03, -6.030263684561852E-05,
2506056.500000000, A.D. 2149-Apr-01 00:00:00.0000, 69.185648, -2.722189883813032E+00, -4.626656946259620E+00, 8.036898892984064E-02, 6.413579814731175E-03, -3.474226283849081E-03, -1.283750889668674E-04,
2506421.500000000, A.D. 2150-Apr-01 00:00:00.0000, 69.185657, -1.364676166470517E-01, -5.253174263931286E+00, 2.533335952756524E-02, 7.453170070964928E-03, 1.561975662988172E-04, -1.669844487225281E-04,
2506786.500000000, A.D. 2151-Apr-01 00:00:00.0000, 69.185657, 2.476899570182561E+00, -4.485295194556383E+00, -3.623054350641227E-02, 6.516570569545819E-03, 4.000745053172938E-03, -1.623569326707708E-04,
2507152.500000000, A.D. 2152-Apr-01 00:00:00.0000, 69.185653, 4.378725206161915E+00, -2.435308976303936E+00, -8.735723711039083E-02, 3.578541469330735E-03, 6.947628353838698E-03, -1.093393017981732E-04,
2507517.500000000, A.D. 2153-Apr-01 00:00:00.0000, 69.185642, 4.939262095311671E+00, 3.445086326118158E-01, -1.116575763772249E-01, -6.133327868889620E-04, 7.881318745676732E-03, -1.975892149551651E-05,
2507882.500000000, A.D. 2154-Apr-01 00:00:00.0000, 69.185629, 3.947303498900849E+00, 3.014036265184374E+00, -1.008588746975344E-01, -4.668693940219481E-03, 6.350877783069212E-03, 7.714402572609375E-05,
2508247.500000000, A.D. 2155-Apr-01 00:00:00.0000, 69.185627, 1.722200410173844E+00, 4.747513043920263E+00, -5.858432723103663E-02, -7.183146492732193E-03, 2.924485113618266E-03, 1.477405068432751E-04,
2508613.500000000, A.D. 2156-Apr-01 00:00:00.0000, 69.185632, -1.030571239760092E+00, 5.070743268014494E+00, 1.439764920882514E-03, -7.483025170862634E-03, -1.154232224684724E-03, 1.717438342406877E-04,
2508978.500000000, A.D. 2157-Apr-01 00:00:00.0000, 69.185630, -3.498996333270299E+00, 3.982042311779059E+00, 6.110851745194811E-02, -5.753564977533755E-03, -4.632919807700729E-03, 1.479722479857327E-04,
2509343.500000000, A.D. 2158-Apr-01 00:00:00.0000, 69.185641, -5.067254428158392E+00, 1.858257688804428E+00, 1.050902773449137E-01, -2.682263262335457E-03, -6.734486235536165E-03, 8.842564573145505E-05,
2509708.500000000, A.D. 2159-Apr-01 00:00:00.0000, 69.185649, -5.393169934194328E+00, -7.252956391063218E-01, 1.233189518400066E-01, 9.188314004186054E-04, -7.127894471560450E-03, 9.763296054193801E-06,
2510074.500000000, A.D. 2160-Apr-01 00:00:00.0000, 69.185655, -4.423279905306571E+00, -3.141406644930816E+00, 1.119507707654111E-01, 4.277730766845006E-03, -5.801156114273122E-03, -7.069819333775037E-05,
2510439.500000000, A.D. 2161-Apr-01 00:00:00.0000, 69.185661, -2.388058545950353E+00, -4.789177812632166E+00, 7.357736411572603E-02, 6.657749730563862E-03, -3.019267198840061E-03, -1.355905801700170E-04,
2510804.500000000, A.D. 2162-Apr-01 00:00:00.0000, 69.185663, 2.413901575340602E-01, -5.230575913508976E+00, 1.683175368854442E-02, 7.441325649741101E-03, 6.943901146028267E-04, -1.688231169836675E-04,
2511169.500000000, A.D. 2163-Apr-01 00:00:00.0000, 69.185665, 2.797446014584342E+00, -4.272401917020832E+00, -4.423296064159885E-02, 6.216569561119145E-03, 4.479324546397961E-03, -1.576475294413636E-04,
2511535.500000000, A.D. 2164-Apr-01 00:00:00.0000, 69.185662, 4.544633740439329E+00, -2.083450996159709E+00, -9.250518345301152E-02, 3.051130865504965E-03, 7.205876456600164E-03, -9.868884207628430E-05,
2511900.500000000, A.D. 2165-Apr-01 00:00:00.0000, 69.185644, 4.894945146996365E+00, 7.319852588580856E-01, -1.123029973543815E-01, -1.206698673593476E-03, 7.812363936040061E-03, -6.369614413694282E-06,
2512265.500000000, A.D. 2166-Apr-01 00:00:00.0000, 69.185636, 3.706178380891233E+00, 3.317372781397986E+00, -9.680729558737847E-02, -5.123023405926548E-03, 5.976033865138881E-03, 8.879713166078946E-05,
2512630.500000000, A.D. 2167-Apr-01 00:00:00.0000, 69.185631, 1.362789030570126E+00, 4.878019331255054E+00, -5.120318200477553E-02, -7.362031853797781E-03, 2.384725791600632E-03, 1.540302805242386E-04,
2512996.500000000, A.D. 2168-Apr-01 00:00:00.0000, 69.185630, -1.399967499911455E+00, 4.999755803013707E+00, 9.882298452320045E-03, -7.362825832375558E-03, -1.684851211491619E-03, 1.713736381082785E-04,
2513361.500000000, A.D. 2169-Apr-01 00:00:00.0000, 69.185632, -3.779695455581464E+00, 3.740606872926925E+00, 6.831322812718874E-02, -5.404070247667023E-03, -5.017486131860725E-03, 1.418641382190905E-04,
2513726.500000000, A.D. 2170-Apr-01 00:00:00.0000, 69.185637, -5.193656572662565E+00, 1.515394024682401E+00, 1.093303035805135E-01, -2.207383138413524E-03, -6.899300270846689E-03, 7.859499077399754E-05,
2514091.500000000, A.D. 2171-Apr-01 00:00:00.0000, 69.185644, -5.339999379416067E+00, -1.083474058171111E+00, 1.236794237312075E-01, 1.408114879294834E-03, -7.048490262423985E-03, -1.325987311884110E-06,
2514457.500000000, A.D. 2172-Apr-01 00:00:00.0000, 69.185653, -4.204584130862203E+00, -3.428455300409997E+00, 1.083707552368585E-01, 4.675491053145181E-03, -5.499627409659976E-03, -8.079265633131300E-05,
2514822.500000000, A.D. 2173-Apr-01 00:00:00.0000, 69.185652, -2.055193242811304E+00, -4.933120511692652E+00, 6.687456433297143E-02, 6.870173875253433E-03, -2.550307334276112E-03, -1.422698012602908E-04,
2515187.500000000, A.D. 2174-Apr-01 00:00:00.0000, 69.185657, 6.067649924627643E-01, -5.187595116639941E+00, 8.621583564807071E-03, 7.395798132335824E-03, 1.229174304930984E-03, -1.701472841741797E-04,
2515552.500000000, A.D. 2175-Apr-01 00:00:00.0000, 69.185658, 3.094796259846829E+00, -4.042767693944244E+00, -5.172025216691498E-02, 5.890672701006438E-03, 4.938524121197422E-03, -1.523925896753364E-04,
2515918.500000000, A.D. 2176-Apr-01 00:00:00.0000, 69.185648, 4.678981869090773E+00, -1.723729698310030E+00, -9.692058498426856E-02, 2.507946899836199E-03, 7.429889591529498E-03, -8.759701086705112E-05,
2516283.500000000, A.D. 2177-Apr-01 00:00:00.0000, 69.185634, 4.815627677352339E+00, 1.113945290701004E+00, -1.120666932972975E-01, -1.796619854018379E-03, 7.701054613567976E-03, 7.240661821588415E-06,
2516648.500000000, A.D. 2178-Apr-01 00:00:00.0000, 69.185623, 3.434511835836679E+00, 3.600163239798383E+00, -9.188839907425203E-02, -5.553224485093937E-03, 5.561399413866653E-03, 1.000638421017254E-04,
2517013.500000000, A.D. 2179-Apr-01 00:00:00.0000, 69.185619, 9.859279116889668E-01, 4.976905293953862E+00, -4.319923725703360E-02, -7.495515338250246E-03, 1.821927505877020E-03, 1.592243516907920E-04,
2517379.500000000, A.D. 2180-Apr-01 00:00:00.0000, 69.185624, -1.768590564041671E+00, 4.895390555463040E+00, 1.851094138088349E-02, -7.192411749762127E-03, -2.206271262338708E-03, 1.696243575603877E-04,
2517744.500000000, A.D. 2181-Apr-01 00:00:00.0000, 69.185624, -4.042852667060099E+00, 3.474698573613080E+00, 7.522497982746115E-02, -5.014018271068899E-03, -5.365917550075337E-03, 1.345714463163246E-04,
2518109.500000000, A.D. 2182-Apr-01 00:00:00.0000, 69.185633, -5.292913308947183E+00, 1.164118572542489E+00, 1.129180622623001E-01, -1.717072169720310E-03, -7.012860946838937E-03, 6.817307175563382E-05,
2518474.500000000, A.D. 2183-Apr-01 00:00:00.0000, 69.185643, -5.259307613397077E+00, -1.432759343059827E+00, 1.232390082613234E-01, 1.886530006808308E-03, -6.924317544776357E-03, -1.250242509968016E-05,
2518840.500000000, A.D. 2184-Apr-01 00:00:00.0000, 69.185648, -3.965498761898020E+00, -3.693033155634247E+00, 1.040536245802608E-01, 5.045979911405358E-03, -5.165739320423976E-03, -9.037857512590585E-05,
2519205.500000000, A.D. 2185-Apr-01 00:00:00.0000, 69.185653, -1.713063389145000E+00, -5.046959529298575E+00, 5.964842640245617E-02, 7.050152466619707E-03, -2.068647978132506E-03, -1.482419366807803E-04,
2519570.500000000, A.D. 2186-Apr-01 00:00:00.0000, 69.185659, 9.692492929838030E-01, -5.112503494865625E+00, 1.708114598710568E-04, 7.319645136066619E-03, 1.764543025036250E-03, -1.705572560588585E-04,
2519935.500000000, A.D. 2187-Apr-01 00:00:00.0000, 69.185658, 3.377632227774181E+00, -3.783942390829072E+00, -5.915324845137918E-02, 5.533795449532419E-03, 5.385445135581132E-03, -1.462597290267978E-04,
2520301.500000000, A.D. 2188-Apr-01 00:00:00.0000, 69.185655, 4.789141652564310E+00, -1.342994865480773E+00, -1.010179333262216E-01, 1.942223332264066E-03, 7.626039568867406E-03, -7.582492755970848E-05,
2520666.500000000, A.D. 2189-Apr-01 00:00:00.0000, 69.185639, 4.707839352758989E+00, 1.503652407321703E+00, -1.113598748682376E-01, -2.390630399868520E-03, 7.548464330014766E-03, 2.096423077645967E-05,
2521031.500000000, A.D. 2190-Apr-01 00:00:00.0000, 69.185631, 3.139245860099559E+00, 3.876166416832113E+00, -8.654660364223983E-02, -5.958018369887391E-03, 5.110390149713049E-03, 1.108552095726508E-04,
2521396.500000000, A.D. 2191-Apr-01 00:00:00.0000, 69.185631, 5.986119812191831E-01, 5.059699910847635E+00, -3.500391741586150E-02, -7.588489603390263E-03, 1.247928182401219E-03, 1.637166253778791E-04,
2521762.500000000, A.D. 2192-Apr-01 00:00:00.0000, 69.185631, -2.132511935392160E+00, 4.774091357630104E+00, 2.705515991443537E-02, -6.983919274463684E-03, -2.719338157756289E-03, 1.671944204093412E-04,
2522127.500000000, A.D. 2193-Apr-01 00:00:00.0000, 69.185634, -4.289968827973148E+00, 3.197332109482977E+00, 8.184954030513285E-02, -4.602153505263594E-03, -5.693515092042595E-03, 1.268428769163930E-04,
2522492.500000000, A.D. 2194-Apr-01 00:00:00.0000, 69.185641, -5.369838412081662E+00, 8.094713464974872E-01, 1.161054358615731E-01, -1.216000608736164E-03, -7.105759060134558E-03, 5.741836757015012E-05,
2522857.500000000, A.D. 2195-Apr-01 00:00:00.0000, 69.185646, -5.153962334219122E+00, -1.776491730999081E+00, 1.223468932729887E-01, 2.368564198971435E-03, -6.776936474035901E-03, -2.379756807499647E-05,
2523223.500000000, A.D. 2196-Apr-01 00:00:00.0000, 69.185655, -3.703155110966263E+00, -3.942323503090948E+00, 9.928953564966192E-02, 5.409331904516998E-03, -4.807848378147808E-03, -9.992430167272767E-05,
2523588.500000000, A.D. 2197-Apr-01 00:00:00.0000, 69.185656, -1.354256231576939E+00, -5.135676115425283E+00, 5.207823223767973E-02, 7.204338834921597E-03, -1.562947581030877E-03, -1.537343264498280E-04,
2523953.500000000, A.D. 2198-Apr-01 00:00:00.0000, 69.185659, 1.335128554992097E+00, -5.005668767653662E+00, -8.365297737638154E-03, 7.196412514301146E-03, 2.306680475717490E-03, -1.701055903604084E-04,
2524318.500000000, A.D. 2199-Apr-01 00:00:00.0000, 69.185658, 3.645789378599535E+00, -3.495716207628971E+00, -6.626517946734649E-02, 5.127848159114457E-03, 5.806783254278722E-03, -1.389644732862441E-04,
2524683.500000000, A.D. 2200-Apr-01 00:00:00.0000, 69.185645, 4.868110872162080E+00, -9.557921213242866E-01, -1.043254865472053E-01, 1.361970133061891E-03, 7.762358483169466E-03, -6.341563384847422E-05,
2525048.500000000, A.D. 2201-Apr-01 00:00:00.0000, 69.185627, 4.570890467516408E+00, 1.876918347900677E+00, -1.097951298729014E-01, -2.954289108281313E-03, 7.337901779674937E-03, 3.448924934408776E-05,
2525413.500000000, A.D. 2202-Apr-01 00:00:00.0000, 69.185620, 2.830997140213125E+00, 4.119131493584651E+00, -8.061100668974695E-02, -6.304363372795167E-03, 4.633822532031388E-03, 1.206606601905093E-04,
2525778.500000000, A.D. 2203-Apr-01 00:00:00.0000, 69.185616, 2.191757440072402E-01, 5.106974446464129E+00, -2.664747348335779E-02, -7.625791369834687E-03, 6.850662628475769E-04, 1.670184154222245E-04,
2526144.500000000, A.D. 2204-Apr-01 00:00:00.0000, 69.185620, -2.473058484180423E+00, 4.626395932950938E+00, 3.538070933627793E-02, -6.744575504040789E-03, -3.197864015763338E-03, 1.639553528775239E-04,
2526509.500000000, A.D. 2205-Apr-01 00:00:00.0000, 69.185623, -4.507002181534813E+00, 2.906933979456956E+00, 8.803866852603928E-02, -4.181658665728313E-03, -5.984417024404406E-03, 1.187737048361579E-04,
2526874.500000000, A.D. 2206-Apr-01 00:00:00.0000, 69.185628, -5.416915090800545E+00, 4.541431479521066E-01, 1.187916687124285E-01, -7.231011788600767E-04, -7.166241535899476E-03, 4.672036760770099E-05,
2527239.500000000, A.D. 2207-Apr-01 00:00:00.0000, 69.185637, -5.023210640440434E+00, -2.111315724518132E+00, 1.209865884190688E-01, 2.832080859707035E-03, -6.605044998939862E-03, -3.486030042134370E-05,
2527605.500000000, A.D. 2208-Apr-01 00:00:00.0000, 69.185644, -3.422736908974305E+00, -4.175858500130066E+00, 9.415772808273709E-02, 5.745236743488458E-03, -4.432913516984002E-03, -1.090780733010715E-04,
2527970.500000000, A.D. 2209-Apr-01 00:00:00.0000, 69.185644, -9.876056774949469E-01, -5.205130800956923E+00, 4.430932430995705E-02, 7.324558233658299E-03, -1.052909508209916E-03, -1.586655573730260E-04,
2528335.500000000, A.D. 2210-Apr-01 00:00:00.0000, 69.185649, 1.696176177546460E+00, -4.881697825076042E+00, -1.686283588405248E-02, 7.037576444836234E-03, 2.834079995210123E-03, -1.689071428042989E-04,
2528700.500000000, A.D. 2211-Apr-01 00:00:00.0000, 69.185646, 3.897578712999263E+00, -3.200672215088579E+00, -7.309642081818599E-02, 4.696231185685153E-03, 6.189577169442483E-03, -1.311183971806621E-04,
2529066.500000000, A.D. 2212-Apr-01 00:00:00.0000, 69.185638, 4.929636731632126E+00, -5.632146033118219E-01, -1.073743892062323E-01, 7.620185772040636E-04, 7.852810733090155E-03, -5.061704726801470E-05,
2529431.500000000, A.D. 2213-Apr-01 00:00:00.0000, 69.185626, 4.415860322717026E+00, 2.238914811142703E+00, -1.079249193770126E-01, -3.504497263475404E-03, 7.082694824967361E-03, 4.772405217117481E-05,
2529796.500000000, A.D. 2214-Apr-01 00:00:00.0000, 69.185618, 2.513804394016388E+00, 4.338814852933157E+00, -7.454998647297020E-02, -6.619350685712415E-03, 4.134406603790268E-03, 1.297083263891176E-04,
2530161.500000000, A.D. 2215-Apr-01 00:00:00.0000, 69.185619, -1.562418225884128E-01, 5.127161755813699E+00, -1.845958058484234E-02, -7.631293383317962E-03, 1.208089826231188E-04, 1.693719712056099E-04,
2530527.500000000, A.D. 2216-Apr-01 00:00:00.0000, 69.185626, -2.797542481635419E+00, 4.454706834101679E+00, 4.323932038290518E-02, -6.477731410568742E-03, -3.662008833027442E-03, 1.598927028473443E-04,
2530892.500000000, A.D. 2217-Apr-01 00:00:00.0000, 69.185627, -4.698762019711261E+00, 2.600299894833511E+00, 9.351227615012785E-02, -3.741238047893502E-03, -6.250905706378652E-03, 1.100356807970631E-04,
2531257.500000000, A.D. 2218-Apr-01 00:00:00.0000, 69.185637, -5.433176547254218E+00, 9.372780001647216E-02, 1.205926649455454E-01, -2.193378031070149E-04, -7.192743762145032E-03, 3.570439976398308E-05,
2531622.500000000, A.D. 2219-Apr-01 00:00:00.0000, 69.185645, -4.861141570150124E+00, -2.437775597021644E+00, 1.186940980532529E-01, 3.289603990295470E-03, -6.395249755959161E-03, -4.583779941473725E-05,
2531988.500000000, A.D. 2220-Apr-01 00:00:00.0000, 69.185652, -3.117291655300551E+00, -4.387371332420175E+00, 8.822500416319844E-02, 6.056724441271359E-03, -4.022817245218167E-03, -1.175301214323945E-04,
2532353.500000000, A.D. 2221-Apr-01 00:00:00.0000, 69.185656, -6.096348970976561E-01, -5.242516001473644E+00, 3.607088804539280E-02, 7.400058612135408E-03, -5.261003235315021E-04, -1.624682600845900E-04,
2532718.500000000, A.D. 2222-Apr-01 00:00:00.0000, 69.185658, 2.049834925194137E+00, -4.723765755154960E+00, -2.535328995343506E-02, 6.827844969568968E-03, 3.350014463678822E-03, -1.663426218926352E-04,
2533083.500000000, A.D. 2223-Apr-01 00:00:00.0000, 69.185654, 4.124398506923228E+00, -2.880553903715016E+00, -7.944249101092489E-02, 4.226342803957407E-03, 6.534706351702778E-03, -1.220787747934505E-04,
2533449.500000000, A.D. 2224-Apr-01 00:00:00.0000, 69.185646, 4.955566972477113E+00, -1.705486097575897E-01, -1.095760838463659E-01, 1.658269415611176E-04, 7.890668998666779E-03, -3.752777984604060E-05,
2533814.500000000, A.D. 2225-Apr-01 00:00:00.0000, 69.185627, 4.231774048825323E+00, 2.583319691053521E+00, -1.052848995542657E-01, -4.025250055561229E-03, 6.791544587342615E-03, 6.046786081608600E-05,
2534179.500000000, A.D. 2226-Apr-01 00:00:00.0000, 69.185622, 2.181263625438460E+00, 4.531531350927966E+00, -6.800042448116278E-02, -6.893084451050004E-03, 3.623638924498695E-03, 1.378902710975507E-04,
2534544.500000000, A.D. 2227-Apr-01 00:00:00.0000, 69.185621, -5.331635992252748E-01, 5.120140594772656E+00, -1.009641781954087E-02, -7.599770811383739E-03, -4.315055761159538E-04, 1.710785340053216E-04,
2534910.500000000, A.D. 2228-Apr-01 00:00:00.0000, 69.185623, -3.113462221788731E+00, 4.261584102456378E+00, 5.103942103316148E-02, -6.187646050681764E-03, -4.103979991032782E-03, 1.553910998271214E-04,
2535275.500000000, A.D. 2229-Apr-01 00:00:00.0000, 69.185628, -4.876489496636611E+00, 2.281137060309016E+00, 9.880332799285929E-02, -3.292058026257498E-03, -6.487642245496842E-03, 1.011916037059931E-04,
2535640.500000000, A.D. 2230-Apr-01 00:00:00.0000, 69.185634, -5.434618154961131E+00, -2.687035363822233E-01, 1.221931895989395E-01, 2.770019229800978E-04, -7.189944613072829E-03, 2.472623777616624E-05,
2536005.500000000, A.D. 2231-Apr-01 00:00:00.0000, 69.185639, -4.688479452145147E+00, -2.755670451735395E+00, 1.162803587040147E-01, 3.728143965019750E-03, -6.159150333538310E-03, -5.650892222959264E-05,
2536371.500000000, A.D. 2232-Apr-01 00:00:00.0000, 69.185647, -2.810097229657331E+00, -4.582027720665709E+00, 8.232529902276471E-02, 6.336610592087063E-03, -3.598477425996804E-03, -1.256047096388609E-04,
2536736.500000000, A.D. 2233-Apr-01 00:00:00.0000, 69.185645, -2.414142605686278E-01, -5.259542880044989E+00, 2.806677808113503E-02, 7.441989774179855E-03, 3.042717457930563E-06, -1.656546379978646E-04,
2537101.500000000, A.D. 2234-Apr-01 00:00:00.0000, 69.185647, 2.382173473672657E+00, -4.547830188242409E+00, -3.338569097880666E-02, 6.585431532947533E-03, 3.852750994763275E-03, -1.631678934975361E-04,
2537466.500000000, A.D. 2235-Apr-01 00:00:00.0000, 69.185643, 4.320637685553950E+00, -2.550359843067270E+00, -8.511654113101944E-02, 3.734494268389001E-03, 6.849080904585624E-03, -1.126159566055534E-04,
2537832.500000000, A.D. 2236-Apr-01 00:00:00.0000, 69.185630, 4.946259629624368E+00, 2.196671896424694E-01, -1.109499277895256E-01, -4.353536234191900E-04, 7.887568854301297E-03, -2.425576754759515E-05,
2538197.500000000, A.D. 2237-Apr-01 00:00:00.0000, 69.185619, 4.014894819165774E+00, 2.910599403256667E+00, -1.017942519810864E-01, -4.525651006797997E-03, 6.458012163097823E-03, 7.294765052813097E-05,
2538562.500000000, A.D. 2238-Apr-01 00:00:00.0000, 69.185613, 1.826558809514036E+00, 4.694822409098506E+00, -6.077498144151432E-02, -7.126535321715440E-03, 3.087206299453297E-03, 1.453237756189384E-04,
2538927.500000000, A.D. 2239-Apr-01 00:00:00.0000, 69.185613, -9.156760010211875E-01, 5.078942920244449E+00, -1.424762429464185E-03, -7.520203504622079E-03, -9.856081394152773E-04, 1.714992731209145E-04,
2539293.500000000, A.D. 2240-Apr-01 00:00:00.0000, 69.185621, -3.417657877083430E+00, 4.039812048784939E+00, 5.868731725840730E-02, -5.855263349329463E-03, -4.517263677615712E-03, 1.496559718354932E-04,
2539658.500000000, A.D. 2241-Apr-01 00:00:00.0000, 69.185622, -5.030457247813255E+00, 1.947482418960897E+00, 1.035444128496035E-01, -2.820316309837650E-03, -6.680393680220848E-03, 9.140581964130392E-05,
2540023.500000000, A.D. 2242-Apr-01 00:00:00.0000, 69.185631, -5.409087345285250E+00, -6.278763059569047E-01, 1.230273348023340E-01, 7.722601080176937E-04, -7.138762897186270E-03, 1.350907645561935E-05,
2540388.500000000, A.D. 2243-Apr-01 00:00:00.0000, 69.185641, -4.494251802863632E+00, -3.054645062269811E+00, 1.131028220474999E-01, 4.142431579561666E-03, -5.884970258959926E-03, -6.683371666429121E-05,
2540754.500000000, A.D. 2244-Apr-01 00:00:00.0000, 69.185646, -2.492368633821886E+00, -4.747857441316537E+00, 7.584656512800121E-02, 6.583186986524125E-03, -3.152440460636567E-03, -1.328627267632497E-04,
2541119.500000000, A.D. 2245-Apr-01 00:00:00.0000, 69.185651, 1.244063951560811E-01, -5.244432426920124E+00, 1.976857711323354E-02, 7.447897012120838E-03, 5.346243440857894E-04, -1.679754640525287E-04,
2541484.500000000, A.D. 2246-Apr-01 00:00:00.0000, 69.185654, 2.699843479800085E+00, -4.342094125223945E+00, -4.140536908393628E-02, 6.314515123773544E-03, 4.342703260161187E-03, -1.591291868936343E-04,
2541849.500000000, A.D. 2247-Apr-01 00:00:00.0000, 69.185646, 4.492119832362700E+00, -2.197619781124369E+00, -9.050115216553471E-02, 3.221775375534340E-03, 7.139625947029726E-03, -1.023532011529119E-04,
2542215.500000000, A.D. 2248-Apr-01 00:00:00.0000, 69.185639, 4.906475237082360E+00, 6.204999864487766E-01, -1.118446199845578E-01, -1.041840928787996E-03, 7.848043645506167E-03, -1.059082172588216E-05,
2542580.500000000, A.D. 2249-Apr-01 00:00:00.0000, 69.185624, 3.769597648451319E+00, 3.234258110077486E+00, -9.780390787256808E-02, -5.010478943789237E-03, 6.088409722948419E-03, 8.522334240648940E-05,
2542945.500000000, A.D. 2250-Apr-01 00:00:00.0000, 69.185620, 1.454250655183460E+00, 4.843426387788774E+00, -5.322769975244526E-02, -7.324384663932062E-03, 2.528860395840336E-03, 1.519816942627685E-04,
2543310.500000000, A.D. 2251-Apr-01 00:00:00.0000, 69.185624, -1.300534859789526E+00, 5.019754441900449E+00, 7.288663931670838E-03, -7.399688956306182E-03, -1.535748367275716E-03, 1.711986845968384E-04,
2543676.500000000, A.D. 2252-Apr-01 00:00:00.0000, 69.185627, -3.710886664440742E+00, 3.804088491266343E+00, 6.613448746662939E-02, -5.494075871708542E-03, -4.913832526130172E-03, 1.433331327856865E-04,
2544041.500000000, A.D. 2253-Apr-01 00:00:00.0000, 69.185632, -5.165248732438109E+00, 1.607608517626105E+00, 1.079386444084949E-01, -2.333619232756176E-03, -6.847789598600880E-03, 8.139886032781764E-05,
2544406.500000000, A.D. 2254-Apr-01 00:00:00.0000, 69.185641, -5.360668140174719E+00, -9.845384746981909E-01, 1.234455152417627E-01, 1.270649198877749E-03, -7.063739495987821E-03, 2.120440916335040E-06,
2544771.500000000, A.D. 2255-Apr-01 00:00:00.0000, 69.185644, -4.276960808762711E+00, -3.341855997709100E+00, 1.094936784576617E-01, 4.552824995155439E-03, -5.587824629992277E-03, -7.722365053155670E-05,
2545137.500000000, A.D. 2256-Apr-01 00:00:00.0000, 69.185652, -2.155737212172595E+00, -4.892080650730419E+00, 6.899490197746000E-02, 6.811397711000618E-03, -2.684157711500783E-03, -1.399433957362314E-04,
2545502.500000000, A.D. 2257-Apr-01 00:00:00.0000, 69.185651, 4.987160725174111E-01, -5.199331127554583E+00, 1.128947357461653E-02, 7.417792156756495E-03, 1.080519565637920E-03, -1.695822869673492E-04,
2545867.500000000, A.D. 2258-Apr-01 00:00:00.0000, 69.185648, 3.009305219743307E+00, -4.104508593853168E+00, -4.924920159810468E-02, 5.991240110989123E-03, 4.822455444995266E-03, -1.539594796591218E-04,
2546232.500000000, A.D. 2259-Apr-01 00:00:00.0000, 69.185644, 4.637895720947509E+00, -1.823199566098910E+00, -9.528048494259952E-02, 2.667956816606312E-03, 7.381470716988618E-03, -9.111252614558763E-05,
2546598.500000000, A.D. 2260-Apr-01 00:00:00.0000, 69.185629, 4.832924991813606E+00, 1.021421705982271E+00, -1.118584858819609E-01, -1.650127726615416E-03, 7.741924310120171E-03, 3.385813819070174E-06,
2546963.500000000, A.D. 2261-Apr-01 00:00:00.0000, 69.185616, 3.498425678460324E+00, 3.535438956678693E+00, -9.299841957149356E-02, -5.451029584819696E-03, 5.667490875024750E-03, 9.685562402875596E-05,
2547328.500000000, A.D. 2262-Apr-01 00:00:00.0000, 69.185614, 1.074908071790872E+00, 4.957737551748870E+00, -4.521669567976681E-02, -7.462556459489214E-03, 1.960073775738679E-03, 1.575930960918990E-04,
2547693.500000000, A.D. 2263-Apr-01 00:00:00.0000, 69.185612, -1.673622044682205E+00, 4.927847996338670E+00, 1.604822680569694E-02, -7.234870047128266E-03, -2.067086367023057E-03, 1.698506238886041E-04,
2548059.500000000, A.D. 2264-Apr-01 00:00:00.0000, 69.185619, -3.980157889254138E+00, 3.545261145049726E+00, 7.330860872327290E-02, -5.109660755322358E-03, -5.276897696302144E-03, 1.364090160734507E-04,
2548424.500000000, A.D. 2265-Apr-01 00:00:00.0000, 69.185622, -5.270918862052167E+00, 1.256244118134038E+00, 1.118796614885351E-01, -1.840647263623094E-03, -6.984867840703161E-03, 7.102784669694858E-05,
2548789.500000000, A.D. 2266-Apr-01 00:00:00.0000, 69.185627, -5.282834746376702E+00, -1.341907377584423E+00, 1.233364067917801E-01, 1.766581166570143E-03, -6.959881094755161E-03, -9.286383255800065E-06,
2549154.500000000, A.D. 2267-Apr-01 00:00:00.0000, 69.185637, -4.033470804959278E+00, -3.620266676067193E+00, 1.053592129835442E-01, 4.948595885320118E-03, -5.263140990630388E-03, -8.740130346719210E-05,
2549520.500000000, A.D. 2268-Apr-01 00:00:00.0000, 69.185641, -1.799936230005038E+00, -5.019589372196524E+00, 6.170125492359927E-02, 7.012974976559957E-03, -2.194762020826529E-03, -1.465564999160064E-04,
2549885.500000000, A.D. 2269-Apr-01 00:00:00.0000, 69.185643, 8.807194003475808E-01, -5.133395428985814E+00, 2.555812810096276E-03, 7.347197322300971E-03, 1.630473287722286E-03, -1.705327404899688E-04,
2550250.500000000, A.D. 2270-Apr-01 00:00:00.0000, 69.185647, 3.312280357804700E+00, -3.849593225517988E+00, -5.707498677578967E-02, 5.629384095154150E-03, 5.278886062383028E-03, -1.480420545738450E-04,
2550615.500000000, A.D. 2271-Apr-01 00:00:00.0000, 69.185636, 4.766369788677576E+00, -1.444396985181111E+00, -9.979973947659299E-02, 2.096328332252755E-03, 7.580276075428260E-03, -7.932519007301926E-05,
2550981.500000000, A.D. 2272-Apr-01 00:00:00.0000, 69.185628, 4.741631284938259E+00, 1.409142970358221E+00, -1.115656880465487E-01, -2.241722322266782E-03, 7.589392485339633E-03, 1.711106097468905E-05,
2551346.500000000, A.D. 2273-Apr-01 00:00:00.0000, 69.185617, 3.220045585612273E+00, 3.810514321297487E+00, -8.808938253155313E-02, -5.854626206438836E-03, 5.224442715083496E-03, 1.076655751739193E-04,
2551711.500000000, A.D. 2274-Apr-01 00:00:00.0000, 69.185612, 7.032923780147334E-01, 5.042924358062131E+00, -3.743832862748894E-02, -7.562565102439146E-03, 1.392912817319437E-03, 1.621229336790372E-04,
2552076.500000000, A.D. 2275-Apr-01 00:00:00.0000, 69.185619, -2.026228498504583E+00, 4.812212445929205E+00, 2.425473727241666E-02, -7.040639685068977E-03, -2.578473075022038E-03, 1.676616769297647E-04,
2552442.500000000, A.D. 2276-Apr-01 00:00:00.0000, 69.185623, -4.220853514306278E+00, 3.272752365283558E+00, 7.969647113646211E-02, -4.708607094609904E-03, -5.612535741665380E-03, 1.288880673672719E-04,
2552807.500000000, A.D. 2277-Apr-01 00:00:00.0000, 69.185628, -5.344698182276830E+00, 9.033398680204623E-01, 1.149063396223564E-01, -1.344147378989830E-03, -7.087146148485056E-03, 6.047340852027889E-05,
2553172.500000000, A.D. 2278-Apr-01 00:00:00.0000, 69.185640, -5.174676871976910E+00, -1.687860270296490E+00, 1.223049579106447E-01, 2.249149563759138E-03, -6.821055950221361E-03, -2.057344217832692E-05,
2553537.500000000, A.D. 2279-Apr-01 00:00:00.0000, 69.185645, -3.766902790904898E+00, -3.875058150532041E+00, 1.004483294527458E-01, 5.317520244764402E-03, -4.910290457439656E-03, -9.700012692518298E-05,
2553903.500000000, A.D. 2280-Apr-01 00:00:00.0000, 69.185652, -1.434572929157465E+00, -5.114820186248045E+00, 5.395854656481863E-02, 7.170904930535341E-03, -1.690762053422210E-03, -1.520684247650416E-04,
2554268.500000000, A.D. 2281-Apr-01 00:00:00.0000, 69.185654, 1.254195220694594E+00, -5.034013133243498E+00, -6.154477088362280E-03, 7.229336252552512E-03, 2.170453890104567E-03, -1.700174603696677E-04,
2554633.500000000, A.D. 2282-Apr-01 00:00:00.0000, 69.185648, 3.589281902834906E+00, -3.570403454850939E+00, -6.438417454240433E-02, 5.229522922608110E-03, 5.697512258141157E-03, -1.408343262580752E-04,
2554998.500000000, A.D. 2283-Apr-01 00:00:00.0000, 69.185642, 4.859435666632033E+00, -1.059240596068493E+00, -1.034753279209211E-01, 1.515443468275022E-03, 7.721727637924698E-03, -6.708389489477164E-05,
2555364.500000000, A.D. 2284-Apr-01 00:00:00.0000, 69.185629, 4.617917756434769E+00, 1.783676190279498E+00, -1.104021744038600E-01, -2.810829065922416E-03, 7.390269248759979E-03, 3.049704777788098E-05,
2555729.500000000, A.D. 2285-Apr-01 00:00:00.0000, 69.185616, 2.921868608581272E+00, 4.059651889314884E+00, -8.254568761659629E-02, -6.217339725602623E-03, 4.759640603277012E-03, 1.176043198797940E-04,
2556094.500000000, A.D. 2286-Apr-01 00:00:00.0000, 69.185619, 3.268210734334541E-01, 5.099230199130185E+00, -2.935578851706338E-02, -7.624157804902026E-03, 8.332723407198233E-04, 1.659131370557935E-04,
2556459.500000000, A.D. 2287-Apr-01 00:00:00.0000, 69.185618, -2.371926947185049E+00, 4.672060330262150E+00, 3.248800351863933E-02, -6.822434666747670E-03, -3.067824355387797E-03, 1.649423484738848E-04,
2556825.500000000, A.D. 2288-Apr-01 00:00:00.0000, 69.185623, -4.447587918514605E+00, 2.983920950300897E+00, 8.594111487290014E-02, -4.296703038369219E-03, -5.918926111308102E-03, 1.211520637270981E-04,
2557190.500000000, A.D. 2289-Apr-01 00:00:00.0000, 69.185628, -5.402139120957415E+00, 5.441249100866790E-01, 1.177295214085992E-01, -8.492453735286926E-04, -7.160797468809045E-03, 4.985463329477816E-05,
2557555.500000000, A.D. 2290-Apr-01 00:00:00.0000, 69.185631, -5.052681965177171E+00, -2.029506653125131E+00, 1.211134412600355E-01, 2.718932244980503E-03, -6.654493362148144E-03, -3.161333090598882E-05,
2557920.500000000, A.D. 2291-Apr-01 00:00:00.0000, 69.185638, -3.494026948070475E+00, -4.116233226826405E+00, 9.551265394015433E-02, 5.657860984121414E-03, -4.534906182125948E-03, -1.060942832099399E-04,
2558286.500000000, A.D. 2292-Apr-01 00:00:00.0000, 69.185643, -1.074254633713715E+00, -5.191076969181542E+00, 4.639039361725993E-02, 7.294617585333330E-03, -1.180669224094219E-03, -1.569997254826991E-04,
2558651.500000000, A.D. 2293-Apr-01 00:00:00.0000, 69.185640, 1.610227866006874E+00, -4.916265318211515E+00, -1.446059373488154E-02, 7.075010916518222E-03, 2.698702916769205E-03, -1.689500528315797E-04,
2559016.500000000, A.D. 2294-Apr-01 00:00:00.0000, 69.185641, 3.838381765532738E+00, -3.279600512270011E+00, -7.106839716990895E-02, 4.804710060059222E-03, 6.087230460553834E-03, -1.331889976457817E-04,
2559381.500000000, A.D. 2295-Apr-01 00:00:00.0000, 69.185630, 4.918666375649603E+00, -6.741240799472108E-01, -1.063625336343908E-01, 9.271130081670040E-04, 7.826531041803725E-03, -5.451607055396486E-05,
2559747.500000000, A.D. 2296-Apr-01 00:00:00.0000, 69.185617, 4.461115870193498E+00, 2.143949320828129E+00, -1.084033594092980E-01, -3.364547026732083E-03, 7.151176161347298E-03, 4.379532464488001E-05,
2560112.500000000, A.D. 2297-Apr-01 00:00:00.0000, 69.185610, 2.599095769790525E+00, 4.281671109098724E+00, -7.629112875790807E-02, -6.545639162478439E-03, 4.266599008099371E-03, 1.269723485168280E-04,
2560477.500000000, A.D. 2298-Apr-01 00:00:00.0000, 69.185607, -5.943785858365773E-02, 5.121498655593145E+00, -2.086747810678041E-02, -7.639599846540782E-03, 2.640220708600616E-04, 1.685618292935247E-04,
2560842.500000000, A.D. 2299-Apr-01 00:00:00.0000, 69.185612, -2.710416009746987E+00, 4.500204896371264E+00, 4.070494282489374E-02, -6.556247157429008E-03, -3.539517540377515E-03, 1.609763271041227E-04,
2561207.500000000, A.D. 2300-Apr-01 00:00:00.0000, 69.185616, -4.649464193189526E+00, 2.681228812697711E+00, 9.164347565670372E-02, -3.862458061142039E-03, -6.180178820533804E-03, 1.125761722466010E-04,
2561572.500000000, A.D. 2301-Apr-01 00:00:00.0000, 69.185620, -5.432215124399360E+00, 1.893087569476276E-01, 1.198121551528293E-01, -3.587153606565925E-04, -7.183786962339136E-03, 3.903967336007021E-05,
2561937.500000000, A.D. 2302-Apr-01 00:00:00.0000, 69.185632, -4.909961972869888E+00, -2.350215776483036E+00, 1.192016753589157E-01, 3.159948607030601E-03, -6.449395586381305E-03, -4.228054050359857E-05,
2562302.500000000, A.D. 2303-Apr-01 00:00:00.0000, 69.185639, -3.213480843991003E+00, -4.326357968612053E+00, 9.007022174188593E-02, 5.959071795154722E-03, -4.143190365666588E-03, -1.143929007496417E-04,
2562668.500000000, A.D. 2304-Apr-01 00:00:00.0000, 69.185643, -7.213295674447933E-01, -5.234421908539877E+00, 3.863939587386619E-02, 7.378173030670761E-03, -6.746828844416564E-04, -1.609415372881166E-04,
2563033.500000000, A.D. 2305-Apr-01 00:00:00.0000, 69.185646, 1.945943000735715E+00, -4.770915001840496E+00, -2.262238552946350E-02, 6.892272801093446E-03, 3.207213620902754E-03, -1.669672719286239E-04,
2563398.500000000, A.D. 2306-Apr-01 00:00:00.0000, 69.185641, 4.058759947729788E+00, -2.971231151245678E+00, -7.735652926905714E-02, 4.364477076659112E-03, 6.448451876497814E-03, -1.248923870195407E-04,
2563763.500000000, A.D. 2307-Apr-01 00:00:00.0000, 69.185630, 4.946484976543587E+00, -2.839682681594591E-01, -1.087228647274971E-01, 3.401788124753227E-04, 7.896801868189054E-03, -4.174754581722127E-05,
2564129.500000000, A.D. 2308-Apr-01 00:00:00.0000, 69.185622, 4.277090420819607E+00, 2.496605909187704E+00, -1.059043814768955E-01, -3.898741833100258E-03, 6.881204258612051E-03, 5.677030742646469E-05,
2564494.500000000, A.D. 2309-Apr-01 00:00:00.0000, 69.185611, 2.260296958615557E+00, 4.487222940950045E+00, -6.973166938807249E-02, -6.836720966915114E-03, 3.757675856478520E-03, 1.355888662851831E-04,
2564859.500000000, A.D. 2310-Apr-01 00:00:00.0000, 69.185614, -4.467338238775201E-01, 5.125957472556874E+00, -1.236647907938771E-02, -7.615276237458744E-03, -2.969710225306485E-04, 1.704210378875216E-04,
2565224.500000000, A.D. 2311-Apr-01 00:00:00.0000, 69.185619, -3.036894799540324E+00, 4.316651213549343E+00, 4.868034687999215E-02, -6.265257680737214E-03, -3.987031740892919E-03, 1.564365447298783E-04,
2565590.500000000, A.D. 2312-Apr-01 00:00:00.0000, 69.185623, -4.839866140075513E+00, 2.364246045208496E+00, 9.719806578820045E-02, -3.402717991756410E-03, -6.424594655456663E-03, 1.034011168509792E-04,
2565955.500000000, A.D. 2313-Apr-01 00:00:00.0000, 69.185630, -5.442335505775605E+00, -1.722344293737204E-01, 1.215833569619049E-01, 1.492781606862778E-04, -7.183143758619732E-03, 2.783757981036649E-05,
2566320.500000000, A.D. 2314-Apr-01 00:00:00.0000, 69.185635, -4.742446361935049E+00, -2.668132308388095E+00, 1.168664714297599E-01, 3.607867059502837E-03, -6.214771496891995E-03, -5.318871948413834E-05,
2566685.500000000, A.D. 2315-Apr-01 00:00:00.0000, 69.185639, -2.907564447672897E+00, -4.522124361632383E+00, 8.415852756908866E-02, 6.252447051215797E-03, -3.719101383879769E-03, -1.227692277568536E-04,
2567051.500000000, A.D. 2316-Apr-01 00:00:00.0000, 69.185646, -3.491165031240481E-01, -5.250904470567912E+00, 3.050293110373737E-02, 7.433397658989461E-03, -1.388637489668265E-04, -1.644961072139003E-04,
2567416.500000000, A.D. 2317-Apr-01 00:00:00.0000, 69.185641, 2.286324428142770E+00, -4.589851265414585E+00, -3.088711947750700E-02, 6.659415317741687E-03, 3.724980734863666E-03, -1.640351475758002E-04,
2567781.500000000, A.D. 2318-Apr-01 00:00:00.0000, 69.185638, 4.263374177143002E+00, -2.628962205241855E+00, -8.329083674671345E-02, 3.868731813093294E-03, 6.782995119346785E-03, -1.152849629467413E-04,
2568146.500000000, A.D. 2319-Apr-01 00:00:00.0000, 69.185627, 4.941845324620516E+00, 1.237828733952298E-01, -1.102917585242389E-01, -2.772387448317021E-04, 7.903846662094845E-03, -2.813265870382227E-05,
2568512.500000000, A.D. 2320-Apr-01 00:00:00.0000, 69.185612, 4.058289118773359E+00, 2.842126513669330E+00, -1.024553265275823E-01, -4.414787770025643E-03, 6.544935262976539E-03, 6.969613897843739E-05,
2568877.500000000, A.D. 2321-Apr-01 00:00:00.0000, 69.185605, 1.899898194788293E+00, 4.665780145529087E+00, -6.242349718904884E-02, -7.077275474244409E-03, 3.210077946898229E-03, 1.432620541914520E-04,
2569242.500000000, A.D. 2322-Apr-01 00:00:00.0000, 69.185605, -8.362632370712150E-01, 5.096317327616654E+00, -3.512830059840576E-03, -7.536552147081538E-03, -8.598148373203617E-04, 1.711741633572881E-04,
2569607.500000000, A.D. 2323-Apr-01 00:00:00.0000, 69.185606, -3.349317429536155E+00, 4.102770408285113E+00, 5.662328754631361E-02, -5.935703316824405E-03, -4.412714783228184E-03, 1.510614310025117E-04,
2569973.500000000, A.D. 2324-Apr-01 00:00:00.0000, 69.185614, -5.002119431072443E+00, 2.032132139705524E+00, 1.023263534841809E-01, -2.929100519042631E-03, -6.633441768221654E-03, 9.391668923748916E-05,
2570338.500000000, A.D. 2325-Apr-01 00:00:00.0000, 69.185617, -5.422690366861618E+00, -5.374977072563887E-01, 1.228236675430250E-01, 6.553992266773207E-04, -7.152145735603260E-03, 1.651165523571671E-05,
2570703.500000000, A.D. 2326-Apr-01 00:00:00.0000, 69.185626, -4.547406029389426E+00, -2.979755384777670E+00, 1.139818748698928E-01, 4.047072654667407E-03, -5.955378227236919E-03, -6.404090117575588E-05,
2571068.500000000, A.D. 2327-Apr-01 00:00:00.0000, 69.185634, -2.579798724490364E+00, -4.703048015242999E+00, 7.775255132611668E-02, 6.526682969008485E-03, -3.272024223884681E-03, -1.307657743378961E-04,
2571434.500000000, A.D. 2328-Apr-01 00:00:00.0000, 69.185636, 3.504730134649273E-02, -5.246700453015579E+00, 2.202098619317373E-02, 7.456028608585983E-03, 4.077914257385034E-04, -1.674299647087994E-04,
2571799.500000000, A.D. 2329-Apr-01 00:00:00.0000, 69.185638, 2.625040375100926E+00, -4.388417559934082E+00, -3.924963592814935E-02, 6.384522527327451E-03, 4.232707340796136E-03, -1.602627860008353E-04,
2572164.500000000, A.D. 2330-Apr-01 00:00:00.0000, 69.185633, 4.453426506672516E+00, -2.276094066810133E+00, -8.905193903152331E-02, 3.342655204251004E-03, 7.078185049530252E-03, -1.050813044897846E-04,
2572529.500000000, A.D. 2331-Apr-01 00:00:00.0000, 69.185620, 4.917993334968891E+00, 5.249754718176169E-01, -1.115535217487356E-01, -8.902199297226855E-04, 7.862715831217533E-03, -1.441759273016620E-05,
2572895.500000000, A.D. 2332-Apr-01 00:00:00.0000, 69.185613, 3.827584265072300E+00, 3.165212654023962E+00, -9.881713543678204E-02, -4.897615000988378E-03, 6.174414918269589E-03, 8.190688059354677E-05,
2573260.500000000, A.D. 2333-Apr-01 00:00:00.0000, 69.185606, 1.542123187508409E+00, 4.815178493564266E+00, -5.523316509444966E-02, -7.275312300639799E-03, 2.659942465323249E-03, 1.500298215697864E-04,
2573625.500000000, A.D. 2334-Apr-01 00:00:00.0000, 69.185610, -1.209075378119307E+00, 5.040530608213831E+00, 4.886842941231978E-03, -7.427004858937508E-03, -1.405386028466018E-03, 1.710150013103965E-04,
2573990.500000000, A.D. 2335-Apr-01 00:00:00.0000, 69.185617, -3.635427440989278E+00, 3.871696410738672E+00, 6.385161873384540E-02, -5.587814753469646E-03, -4.813167772568457E-03, 1.449625339605000E-04,
2574356.500000000, A.D. 2336-Apr-01 00:00:00.0000, 69.185622, -5.133450540875574E+00, 1.694453928058219E+00, 1.065824900085896E-01, -2.450557965532057E-03, -6.812955376131968E-03, 8.399064236428304E-05,
2574721.500000000, A.D. 2337-Apr-01 00:00:00.0000, 69.185628, -5.372286347300483E+00, -8.957035241999075E-01, 1.231462876976804E-01, 1.155233825930151E-03, -7.088594240934436E-03, 5.167419608993759E-06,
2575086.500000000, A.D. 2338-Apr-01 00:00:00.0000, 69.185637, -4.326980583596384E+00, -3.271928551982576E+00, 1.102700230649503E-01, 4.462275099101459E-03, -5.663331792511809E-03, -7.441919607709881E-05,
2575451.500000000, A.D. 2339-Apr-01 00:00:00.0000, 69.185640, -2.237995431764493E+00, -4.854595621934258E+00, 7.078000246482992E-02, 6.760492796019186E-03, -2.805754720628326E-03, -1.378763265018717E-04,
2575817.500000000, A.D. 2340-Apr-01 00:00:00.0000, 69.185645, 4.164091725221829E-01, -5.209240185555203E+00, 1.340318779008414E-02, 7.427653043422046E-03, 9.538350537606032E-04, -1.689970732168703E-04,
2576182.500000000, A.D. 2341-Apr-01 00:00:00.0000, 69.185643, 2.942550871642884E+00, -4.159556443631597E+00, -4.723822578798009E-02, 6.066635152540485E-03, 4.708123761157233E-03, -1.551409273443691E-04,
2576547.500000000, A.D. 2342-Apr-01 00:00:00.0000, 69.185635, 4.609404231740562E+00, -1.911672009635490E+00, -9.402558968192724E-02, 2.799865077749219E-03, 7.320486439062925E-03, -9.397732594771530E-05,
2576912.500000000, A.D. 2343-Apr-01 00:00:00.0000, 69.185625, 4.859012160922448E+00, 9.173725897934560E-01, -1.118873619558141E-01, -1.488064333294572E-03, 7.767573874260345E-03, -7.749918570380004E-07,
2577278.500000000, A.D. 2344-Apr-01 00:00:00.0000, 69.185613, 3.572357159214579E+00, 3.463538586582187E+00, -9.441633782518326E-02, -5.340879339713626E-03, 5.774733822758968E-03, 9.342857226022394E-05,
2577643.500000000, A.D. 2345-Apr-01 00:00:00.0000, 69.185607, 1.175334748158835E+00, 4.933713366539108E+00, -4.760884665102437E-02, -7.432738189570128E-03, 2.106115869892040E-03, 1.558171872505602E-04,
2578008.500000000, A.D. 2346-Apr-01 00:00:00.0000, 69.185610, -1.577346891829811E+00, 4.956437714898424E+00, 1.340280118213277E-02, -7.285039791835393E-03, -1.934272303305569E-03, 1.701774663035564E-04,
2578373.500000000, A.D. 2347-Apr-01 00:00:00.0000, 69.185611, -3.908179039743147E+00, 3.619673631531318E+00, 7.097748638065331E-02, -5.222442482650514E-03, -5.185414822425920E-03, 1.385691068025412E-04,
2578739.500000000, A.D. 2348-Apr-01 00:00:00.0000, 69.185618, -5.247367435503158E+00, 1.345369927588360E+00, 1.106284233610531E-01, -1.967194334781131E-03, -6.960771094901216E-03, 7.404549890024513E-05,
2579104.500000000, A.D. 2349-Apr-01 00:00:00.0000, 69.185623, -5.305121156271714E+00, -1.254887463832411E+00, 1.232569367841291E-01, 1.644203004015607E-03, -6.994105290052954E-03, -6.007674713928206E-06,
2579469.500000000, A.D. 2350-Apr-01 00:00:00.0000, 69.185628, -4.095519582279883E+00, -3.555171872979155E+00, 1.064463298624656E-01, 4.854540119593779E-03, -5.347831128772578E-03, -8.444228379699911E-05,
2579834.500000000, A.D. 2351-Apr-01 00:00:00.0000, 69.185634, -1.895522905227100E+00, -4.990241142048476E+00, 6.387916863941610E-02, 6.961721608557007E-03, -2.325528689812964E-03, -1.443440621065890E-04,
2580200.500000000, A.D. 2352-Apr-01 00:00:00.0000, 69.185635, 7.856617195991925E-01, -5.154437105085882E+00, 5.088394837100991E-03, 7.364568487142268E-03, 1.492781980632356E-03, -1.699635223098568E-04,
2580565.500000000, A.D. 2353-Apr-01 00:00:00.0000, 69.185631, 3.236251267836914E+00, -3.918547850401088E+00, -5.469165962426938E-02, 5.718922973943563E-03, 5.161131672245715E-03, -1.494388122652967E-04,
2580930.500000000, A.D. 2354-Apr-01 00:00:00.0000, 69.185625, 4.734138729986149E+00, -1.545919630440100E+00, -9.828616758394627E-02, 2.241559700559636E-03, 7.525179681846979E-03, -8.263667614684129E-05,
2581295.500000000, A.D. 2355-Apr-01 00:00:00.0000, 69.185609, 4.767956823416448E+00, 1.297228335092192E+00, -1.114412837544671E-01, -2.078070235225444E-03, 7.631390183569804E-03, 1.278068597048533E-05,
2581661.500000000, A.D. 2356-Apr-01 00:00:00.0000, 69.185601, 3.291817952520347E+00, 3.736053563413143E+00, -8.932529901156903E-02, -5.755225246383390E-03, 5.340574961164761E-03, 1.043756189299845E-04,
2582026.500000000, A.D. 2357-Apr-01 00:00:00.0000, 69.185598, 7.964498816315686E-01, 5.017983740149313E+00, -3.955026124180518E-02, -7.545894242408540E-03, 1.539169744782618E-03, 1.607274772032632E-04,
2582391.500000000, A.D. 2358-Apr-01 00:00:00.0000, 69.185601, -1.941363759084203E+00, 4.837697406163818E+00, 2.197351119314316E-02, -7.098893716903861E-03, -2.451668169803977E-03, 1.681859767747353E-04,
2582756.500000000, A.D. 2359-Apr-01 00:00:00.0000, 69.185609, -4.161879007573056E+00, 3.341786072743815E+00, 7.775127493032320E-02, -4.821656508257065E-03, -5.525296879413378E-03, 1.310494376384110E-04,
2583122.500000000, A.D. 2360-Apr-01 00:00:00.0000, 69.185616, -5.333620185690946E+00, 9.863240117875935E-01, 1.140101849856716E-01, -1.471087450518041E-03, -7.061152669184146E-03, 6.342991664196465E-05,
2583487.500000000, A.D. 2361-Apr-01 00:00:00.0000, 69.185621, -5.210629531428126E+00, -1.605934741137363E+00, 1.225805931259161E-01, 2.123697751620854E-03, -6.853498056017448E-03, -1.720598976829650E-05,
2583852.500000000, A.D. 2362-Apr-01 00:00:00.0000, 69.185632, -3.845395609847467E+00, -3.815395627614999E+00, 1.019238738977845E-01, 5.215808558779671E-03, -4.998909129846466E-03, -9.389582810322509E-05,
2584217.500000000, A.D. 2363-Apr-01 00:00:00.0000, 69.185636, -1.548060119345636E+00, -5.094893778984665E+00, 5.653228085674390E-02, 7.121496185356390E-03, -1.835286466703139E-03, -1.500178474624204E-04,
2584583.500000000, A.D. 2364-Apr-01 00:00:00.0000, 69.185639, 1.145326245901475E+00, -5.068379648137824E+00, -3.343462620929226E-03, 7.261852881188524E-03, 2.024852538505668E-03, -1.699738406130125E-04,
2584948.500000000, A.D. 2365-Apr-01 00:00:00.0000, 69.185638, 3.508234242564712E+00, -3.652382143524368E+00, -6.194974242890706E-02, 5.343179323102422E-03, 5.590937099806702E-03, -1.429618053380039E-04,
2585313.500000000, A.D. 2366-Apr-01 00:00:00.0000, 69.185630, 4.829454023398895E+00, -1.165575031059224E+00, -1.021174009484177E-01, 1.671754221072764E-03, 7.700187848539482E-03, -7.065685893937726E-05,
2585678.500000000, A.D. 2367-Apr-01 00:00:00.0000, 69.185618, 4.645927454091660E+00, 1.678590367368387E+00, -1.104592840428222E-01, -2.662496275392160E-03, 7.461930622199324E-03, 2.651901172091259E-05,
2586044.500000000, A.D. 2368-Apr-01 00:00:00.0000, 69.185611, 2.986388642715144E+00, 3.997711404422319E+00, -8.376122468247528E-02, -6.143119669563625E-03, 4.881189029917633E-03, 1.150082769487333E-04,
2586409.500000000, A.D. 2369-Apr-01 00:00:00.0000, 69.185605, 4.053214766322928E-01, 5.084362545209699E+00, -3.123670990103330E-02, -7.620972897323417E-03, 9.626792082522235E-04, 1.648465583519159E-04,
2586774.500000000, A.D. 2370-Apr-01 00:00:00.0000, 69.185611, -2.302919662140619E+00, 4.701833076306906E+00, 3.052449947756521E-02, -6.874783027705556E-03, -2.958600133000502E-03, 1.654318924351161E-04,
2587139.500000000, A.D. 2371-Apr-01 00:00:00.0000, 69.185615, -4.401487709665765E+00, 3.053584335578893E+00, 8.428702427508758E-02, -4.398354935479051E-03, -5.839977975795886E-03, 1.231006764021246E-04,
2587505.500000000, A.D. 2372-Apr-01 00:00:00.0000, 69.185619, -5.399328906800198E+00, 6.261382803105355E-01, 1.170327764095816E-01, -9.650174690015855E-04, -7.136226011617322E-03, 5.259107076487860E-05,
2587870.500000000, A.D. 2373-Apr-01 00:00:00.0000, 69.185626, -5.093461204300949E+00, -1.948876088577603E+00, 1.215011713939806E-01, 2.600378400900762E-03, -6.687322777673991E-03, -2.848036094893958E-05,
2588235.500000000, A.D. 2374-Apr-01 00:00:00.0000, 69.185632, -3.573846662128102E+00, -4.058294684718881E+00, 9.701106869264213E-02, 5.567181041827578E-03, -4.626252928448031E-03, -1.033146880832357E-04,
2588600.500000000, A.D. 2375-Apr-01 00:00:00.0000, 69.185636, -1.184749669866464E+00, -5.172954139445830E+00, 4.888953444901011E-02, 7.259744144661250E-03, -1.321065260295845E-03, -1.552498602677293E-04,
2588966.500000000, A.D. 2376-Apr-01 00:00:00.0000, 69.185639, 1.508998315871235E+00, -4.948730983504236E+00, -1.183596148649338E-02, 7.121047820425331E-03, 2.566437452059972E-03, -1.691365441735180E-04,
2589331.500000000, A.D. 2377-Apr-01 00:00:00.0000, 69.185632, 3.766897371763517E+00, -3.353402386908225E+00, -6.888081994154764E-02, 4.918961062243209E-03, 6.002189283807554E-03, -1.352753506466733E-04,
2589696.500000000, A.D. 2378-Apr-01 00:00:00.0000, 69.185623, 4.895465850681033E+00, -7.657757384236126E-01, -1.052116852266068E-01, 1.069271410449681E-03, 7.818355811847340E-03, -5.786160496887988E-05,
2590061.500000000, A.D. 2379-Apr-01 00:00:00.0000, 69.185609, 4.490506142563880E+00, 2.056346613281645E+00, -1.085554645311566E-01, -3.233302544568983E-03, 7.222589173656895E-03, 4.018541526303038E-05,
2590427.500000000, A.D. 2380-Apr-01 00:00:00.0000, 69.185598, 2.659649966831457E+00, 4.234836332334843E+00, -7.745840056122179E-02, -6.479935498038121E-03, 4.377066985711515E-03, 1.246342264091076E-04,
2590792.500000000, A.D. 2381-Apr-01 00:00:00.0000, 69.185598, 1.354278638090897E-02, 5.117992649815002E+00, -2.261305589903669E-02, -7.636167468744203E-03, 3.848440028701471E-04, 1.677727524038119E-04,
2591157.500000000, A.D. 2382-Apr-01 00:00:00.0000, 69.185601, -2.647018840299847E+00, 4.537855453262386E+00, 3.895212459086162E-02, -6.611134795774059E-03, -3.438367269837326E-03, 1.617242586037362E-04,
2591522.500000000, A.D. 2383-Apr-01 00:00:00.0000, 69.185605, -4.613347823536504E+00, 2.748437168756894E+00, 9.040457640319095E-02, -3.956516907355429E-03, -6.121600870175862E-03, 1.145486157366566E-04,
2591888.500000000, A.D. 2384-Apr-01 00:00:00.0000, 69.185613, -5.434030103932130E+00, 2.611388355789141E-01, 1.194924853133293E-01, -4.580010485552953E-04, -7.178403461944907E-03, 4.154167840529663E-05,
2592253.500000000, A.D. 2385-Apr-01 00:00:00.0000, 69.185617, -4.946640445850184E+00, -2.285904908598856E+00, 1.198201955108387E-01, 3.070907287273488E-03, -6.493416888989588E-03, -3.971276968086902E-05,
2592618.500000000, A.D. 2386-Apr-01 00:00:00.0000, 69.185625, -3.277360038213728E+00, -4.286133233441972E+00, 9.153273437549048E-02, 5.901875525875414E-03, -4.227518673685673E-03, -1.124080819182541E-04,
2592983.500000000, A.D. 2387-Apr-01 00:00:00.0000, 69.185630, -8.049962872075304E-01, -5.228899427531692E+00, 4.079914149067134E-02, 7.367149889347450E-03, -7.913548043088325E-04, -1.600184502253989E-04,
2593349.500000000, A.D. 2388-Apr-01 00:00:00.0000, 69.185629, 1.876425173253335E+00, -4.804602037813118E+00, -2.055717552835790E-02, 6.938057869396651E-03, 3.105611135325833E-03, -1.675638249654545E-04,
2593714.500000000, A.D. 2389-Apr-01 00:00:00.0000, 69.185628, 4.015256485437472E+00, -3.036201573554782E+00, -7.576029807941261E-02, 4.457792453067387E-03, 6.380781965468951E-03, -1.269226344165909E-04,
2594079.500000000, A.D. 2390-Apr-01 00:00:00.0000, 69.185620, 4.942707164330580E+00, -3.631967436877505E-01, -1.080492224641098E-01, 4.576750035192130E-04, 7.887228894139873E-03, -4.473919651916740E-05,
2594444.500000000, A.D. 2391-Apr-01 00:00:00.0000, 69.185607, 4.319504526718246E+00, 2.419154175806579E+00, -1.064157533159049E-01, -3.782599557664802E-03, 6.943483096093789E-03, 5.346972654301755E-05,
2594810.500000000, A.D. 2392-Apr-01 00:00:00.0000, 69.185604, 2.330302794538047E+00, 4.446462158213714E+00, -7.117205363119802E-02, -6.776197927074950E-03, 3.860218690661346E-03, 1.334016423964242E-04,
2595175.500000000, A.D. 2393-Apr-01 00:00:00.0000, 69.185603, -3.659735591735076E-01, 5.126141943247788E+00, -1.434114010614432E-02, -7.616979018181158E-03, -1.817201626083521E-04, 1.697322975051711E-04,
2595540.500000000, A.D. 2394-Apr-01 00:00:00.0000, 69.185608, -2.967822687335381E+00, 4.355863244405123E+00, 4.674488819171262E-02, -6.323199453187339E-03, -3.893978158950242E-03, 1.573050012770627E-04,
2595905.500000000, A.D. 2395-Apr-01 00:00:00.0000, 69.185616, -4.796071382739274E+00, 2.436202685137800E+00, 9.570445198633147E-02, -3.504377684273721E-03, -6.371401229280269E-03, 1.056454931816076E-04,
2596271.500000000, A.D. 2396-Apr-01 00:00:00.0000, 69.185620, -5.438555837906081E+00, -9.869893835771325E-02, 1.210575799147568E-01, 4.861386574588078E-05, -7.187923700802861E-03, 3.043492973968963E-05,
2596636.500000000, A.D. 2397-Apr-01 00:00:00.0000, 69.185628, -4.773478608592661E+00, -2.605417445242493E+00, 1.172888539465847E-01, 3.523130942634677E-03, -6.267913981097552E-03, -5.066994936067101E-05,
2597001.500000000, A.D. 2398-Apr-01 00:00:00.0000, 69.185636, -2.963943680383324E+00, -4.485684140136897E+00, 8.540190065770065E-02, 6.201905567299507E-03, -3.807508034618770E-03, -1.208511535882638E-04,
2597366.500000000, A.D. 2399-Apr-01 00:00:00.0000, 69.185637, -4.234767023489900E-01, -5.250480390428324E+00, 3.242860530698821E-02, 7.428444828396636E-03, -2.555680446627480E-04, -1.635390175311826E-04,
2597732.500000000, A.D. 2400-Apr-01 00:00:00.0000, 69.185641, 2.227046488473241E+00, -4.628661312813741E+00, -2.905862382391807E-02, 6.706837395271942E-03, 3.623070686753033E-03, -1.645476316689191E-04,
2598097.500000000, A.D. 2401-Apr-01 00:00:00.0000, 69.185633, 4.231161081448186E+00, -2.700367613572094E+00, -8.194456676434972E-02, 3.967354978422416E-03, 6.714006410729022E-03, -1.173399356593153E-04,
2598462.500000000, A.D. 2402-Apr-01 00:00:00.0000, 69.185621, 4.952158792783474E+00, 3.775005938115609E-02, -1.099376521197431E-01, -1.493677920852268E-04, 7.899471949070631E-03, -3.132324786129275E-05,
2598827.500000000, A.D. 2403-Apr-01 00:00:00.0000, 69.185610, 4.118245104886553E+00, 2.761642909805976E+00, -1.033966680711293E-01, -4.293581119263540E-03, 6.622158674997022E-03, 6.616023673437145E-05,
2599193.500000000, A.D. 2404-Apr-01 00:00:00.0000, 69.185600, 1.985973610634229E+00, 4.628102069205592E+00, -6.430822853377122E-02, -7.027219786209588E-03, 3.330747515214910E-03, 1.411752299550573E-04,
2599558.500000000, A.D. 2405-Apr-01 00:00:00.0000, 69.185601, -7.454060525449127E-01, 5.104532832780342E+00, -5.836421650463658E-03, -7.560196958160961E-03, -7.365838195097200E-04, 1.708845532160743E-04,
2599923.500000000, A.D. 2406-Apr-01 00:00:00.0000, 69.185607, -3.277994155654015E+00, 4.150424265833990E+00, 5.450783484095430E-02, -6.015737115944739E-03, -4.324910339177509E-03, 1.523893030876905E-04,
2600288.500000000, A.D. 2407-Apr-01 00:00:00.0000, 69.185608, -4.962627236577985E+00, 2.109470247001838E+00, 1.008242320588845E-01, -3.045818833253148E-03, -6.594315188533811E-03, 9.646275648462609E-05,
2600654.500000000, A.D. 2408-Apr-01 00:00:00.0000, 69.185617, -5.425980140181265E+00, -4.629789524008010E-01, 1.223983291117703E-01, 5.469667381101107E-04, -7.168466305466845E-03, 1.932393716495573E-05,
2601019.500000000, A.D. 2409-Apr-01 00:00:00.0000, 69.185622, -4.587146183908930E+00, -2.919326685166916E+00, 1.145931067929078E-01, 3.956958543454187E-03, -6.016437099728583E-03, -6.133041251448166E-05,
2601384.500000000, A.D. 2410-Apr-01 00:00:00.0000, 69.185626, -2.646342144728297E+00, -4.671534100329176E+00, 7.926511525888780E-02, 6.471135473661159E-03, -3.368132669190736E-03, -1.286650821148706E-04,
2601749.500000000, A.D. 2411-Apr-01 00:00:00.0000, 69.185630, -5.035919947332210E-02, -5.254982704428809E+00, 2.427874566516952E-02, 7.450249427111672E-03, 2.809111725253816E-04, -1.664207885642923E-04,
2602115.500000000, A.D. 2412-Apr-01 00:00:00.0000, 69.185627, 2.556414983102318E+00, -4.439004731404226E+00, -3.709418289462911E-02, 6.442513261428272E-03, 4.121307215829885E-03, -1.609306657627641E-04,
2602480.500000000, A.D. 2413-Apr-01 00:00:00.0000, 69.185621, 4.416639512147028E+00, -2.360597773167160E+00, -8.746364971203861E-02, 3.458273730528821E-03, 7.009634211079044E-03, -1.074885166850612E-04,
2602845.500000000, A.D. 2414-Apr-01 00:00:00.0000, 69.185612, 4.928559592639536E+00, 4.289769887388312E-01, -1.110699472056143E-01, -7.522240183549475E-04, 7.870142198243590E-03, -1.790647310043834E-05,
2603210.500000000, A.D. 2415-Apr-01 00:00:00.0000, 69.185597, 3.888986526774610E+00, 3.080701504300316E+00, -9.968155660829858E-02, -4.782241831980625E-03, 6.266767762406913E-03, 7.843973194229097E-05,
2603576.500000000, A.D. 2416-Apr-01 00:00:00.0000, 69.185594, 1.625423547626146E+00, 4.776516068558639E+00, -5.696766307655852E-02, -7.238041301648208E-03, 2.783686768916575E-03, 1.481965226602598E-04,
2603941.500000000, A.D. 2417-Apr-01 00:00:00.0000, 69.185597, -1.125507580731431E+00, 5.046995730860724E+00, 2.802951032025188E-03, -7.460196715429892E-03, -1.288176263744962E-03, 1.709404537706467E-04,
2604306.500000000, A.D. 2418-Apr-01 00:00:00.0000, 69.185601, -3.573566146828700E+00, 3.914928074336646E+00, 6.201545760571522E-02, -5.668952275507643E-03, -4.730314784395597E-03, 1.463712445825277E-04,
2604671.500000000, A.D. 2419-Apr-01 00:00:00.0000, 69.185609, -5.103976878935651E+00, 1.766304932741034E+00, 1.053563804656415E-01, -2.565217079137963E-03, -6.770864517160503E-03, 8.662205745177162E-05,
2605037.500000000, A.D. 2420-Apr-01 00:00:00.0000, 69.185615, -5.385678000725782E+00, -8.258843369748610E-01, 1.229765281928110E-01, 1.043510097352878E-03, -7.098402917926526E-03, 8.093620367827328E-06,
