2458940.500000000, A.D. 2020-Apr-01 00:00:00.0000, 69.185679, -2.416905337362640E-01, -1.448973188524631E+00, -2.465055343825679E-02, 1.433216192498350E-02, -1.049040303433247E-03, -3.735190783588904E-04,
2459305.500000000, A.D. 2021-Apr-01 00:00:00.0000, 69.185671, -5.663079618736299E-01, 1.520312762100824E+00, 4.558433433237965E-02, -1.260543481481087E-02, -3.663162601645703E-03, 2.326408141280739E-04,
2459670.500000000, A.D. 2022-Apr-01 00:00:00.0000, 69.185661, 3.730880115771331E-01, -1.370708982207369E+00, -3.796427770955300E-02, 1.400627392382016E-02, 4.944216222799973E-03, -2.397017655452213E-04,
2460035.500000000, A.D. 2023-Apr-01 00:00:00.0000, 69.185650, -1.063626083723047E+00, 1.264962637938976E+00, 5.261080019183326E-02, -1.021997577341464E-02, -7.775836539538178E-03, 8.797906195957044E-05,
2460401.500000000, A.D. 2024-Apr-01 00:00:00.0000, 69.185640, 9.323476259882687E-01, -1.028656808328908E+00, -4.433190825310492E-02, 1.084948761203419E-02, 1.064791820024691E-02, -4.276830286487749E-05,
2460766.500000000, A.D. 2025-Apr-01 00:00:00.0000, 69.185634, -1.434480345477845E+00, 8.466113635289352E-01, 5.307170606262963E-02, -6.631142417068268E-03, -1.082869250117370E-02, -6.420900240544144E-05,
2461131.500000000, A.D. 2026-Apr-01 00:00:00.0000, 69.185633, 1.292926834866890E+00, -4.838367000224560E-01, -4.166872581663521E-02, 5.390114680644440E-03, 1.432503639350654E-02, 1.680380676549764E-04,
2461496.500000000, A.D. 2027-Apr-01 00:00:00.0000, 69.185639, -1.625836344467574E+00, 3.404636634484119E-01, 4.715866112568484E-02, -2.378849064056765E-03, -1.248880657343109E-02, -2.035051443109942E-04,
2461862.500000000, A.D. 2028-Apr-01 00:00:00.0000, 69.185649, 1.387479790494861E+00, 1.772690240210999E-01, -3.017565112740381E-02, -1.265308586100767E-03, 1.508080690536825E-02, 3.470016518644660E-04,
2462227.500000000, A.D. 2029-Apr-01 00:00:00.0000, 69.185650, -1.625703322579532E+00, -2.160965452033142E-01, 3.540655064141648E-02, 2.354531662888332E-03, -1.267193449463854E-02, -3.234597400245924E-04,
2462592.500000000, A.D. 2030-Apr-01 00:00:00.0000, 69.185655, 1.200864881883653E+00, 7.909738138558620E-01, -1.282682416337920E-02, -7.166447356688539E-03, 1.288763413702999E-02, 4.456953293109198E-04,
2462957.500000000, A.D. 2031-Apr-01 00:00:00.0000, 69.185663, -1.427303602589184E+00, -7.342301771857398E-01, 1.961024600204486E-02, 6.932888425278680E-03, -1.123904316512634E-02, -4.055413250409718E-04,
2463323.500000000, A.D. 2032-Apr-01 00:00:00.0000, 69.185666, 7.814018010624753E-01, 1.268937336177496E+00, 7.451230468472829E-03, -1.137442059796037E-02, 8.552312737123299E-03, 4.580487826964771E-04,
2463688.500000000, A.D. 2033-Apr-01 00:00:00.0000, 69.185663, -1.031985298261749E+00, -1.167087716875095E+00, 8.667603570595000E-04, 1.102342233869725E-02, -8.055055683196330E-03, -4.388671244092151E-04,
2464053.500000000, A.D. 2034-Apr-01 00:00:00.0000, 69.185653, 2.411810394571292E-01, 1.524015302507456E+00, 2.612089502812961E-02, -1.328433729467822E-02, 3.411354748801736E-03, 3.971775859690716E-04,
2464418.500000000, A.D. 2035-Apr-01 00:00:00.0000, 69.185643, -4.924433858206980E-01, -1.422386520214465E+00, -1.761002506298176E-02, 1.376076896253240E-02, -3.364458879184938E-03, -4.075806975226537E-04,
2464784.500000000, A.D. 2036-Apr-01 00:00:00.0000, 69.185639, -3.441080234934579E-01, 1.553659767598704E+00, 4.117138560885403E-02, -1.313305709221097E-02, -1.809883436579864E-03, 2.838805172662937E-04,
2465149.500000000, A.D. 2037-Apr-01 00:00:00.0000, 69.185633, 1.428750120430566E-01, -1.444245321852448E+00, -3.359167631661015E-02, 1.446264088011294E-02, 2.578220296632544E-03, -3.002987299608794E-04,
2465514.500000000, A.D. 2038-Apr-01 00:00:00.0000, 69.185634, -8.693073226684739E-01, 1.377421358322099E+00, 5.031350051674515E-02, -1.130018794150910E-02, -6.271786195027624E-03, 1.451855598329758E-04,
2465879.500000000, A.D. 2039-Apr-01 00:00:00.0000, 69.185644, 7.364945002608164E-01, -1.201003815226111E+00, -4.312754600123867E-02, 1.247700931439417E-02, 8.501203623510178E-03, -1.275515117470716E-04,
2466245.500000000, A.D. 2040-Apr-01 00:00:00.0000, 69.185651, -1.298284492665473E+00, 1.024044513629870E+00, 5.327402346672890E-02, -8.118841291473253E-03, -9.801152733196396E-03, -6.870834246740256E-06,
2466610.500000000, A.D. 2041-Apr-01 00:00:00.0000, 69.185656, 1.190583207560250E+00, -7.101855183751806E-01, -4.411664535926441E-02, 7.735847504489376E-03, 1.320026909496832E-02, 8.707999269623644E-05,
2466975.500000000, A.D. 2042-Apr-01 00:00:00.0000, 69.185664, -1.566172952851991E+00, 5.551991863535624E-01, 4.985681105552045E-02, -4.117508305358462E-03, -1.200234050100848E-02, -1.509362959398114E-04,
2467340.500000000, A.D. 2043-Apr-01 00:00:00.0000, 69.185670, 1.387295862188302E+00, -8.547943249219130E-02, -3.593434319554203E-02, 1.441351999411315E-03, 1.516150572204461E-02, 2.824674951237921E-04,
2467706.500000000, A.D. 2044-Apr-01 00:00:00.0000, 69.185677, -1.651860108542348E+00, 4.842007015801339E-03, 4.036691543480929E-02, 5.155931807571411E-04, -1.279887751684835E-02, -2.808740605145050E-04,
2468071.500000000, A.D. 2045-Apr-01 00:00:00.0000, 69.185671, 1.300333122995708E+00, 5.672378867998905E-01, -2.007994816855622E-02, -5.022392459472630E-03, 1.403669996853717E-02, 4.173658282393994E-04,
2468436.500000000, A.D. 2046-Apr-01 00:00:00.0000, 69.185658, -1.532494560537724E+00, -5.381521241259767E-01, 2.615540741589703E-02, 5.178420689365452E-03, -1.200580412008645E-02, -3.782674727616761E-04,
2468801.500000000, A.D. 2047-Apr-01 00:00:00.0000, 69.185650, 9.708421966049811E-01, 1.096658439946287E+00, -7.751122025800687E-04, -9.929463124806305E-03, 1.048313043224490E-02, 4.630228909381938E-04,
2469167.500000000, A.D. 2048-Apr-01 00:00:00.0000, 69.185642, -1.203658611267834E+00, -1.021503552431477E+00, 8.110459718030509E-03, 9.581380178219906E-03, -9.477724769911971E-03, -4.330609607537839E-04,
2469532.500000000, A.D. 2049-Apr-01 00:00:00.0000, 69.185637, 4.657119249036954E-01, 1.448365322966586E+00, 1.906098978717199E-02, -1.278904313254910E-02, 5.470277253902376E-03, 4.277114295283793E-04,
2469897.500000000, A.D. 2050-Apr-01 00:00:00.0000, 69.185640, -7.122360516608806E-01, -1.346123169334776E+00, -1.069149383270407E-02, 1.288912406940346E-02, -5.359412795983108E-03, -4.277517101849668E-04,
2470262.500000000, A.D. 2051-Apr-01 00:00:00.0000, 69.185645, -1.027368988365674E-01, 1.573223957118508E+00, 3.557930364941237E-02, -1.343187612183379E-02, 2.617030775824308E-04, 3.340114999351833E-04,
2470628.500000000, A.D. 2052-Apr-01 00:00:00.0000, 69.185654, -1.003184612840105E-01, -1.460058458886171E+00, -2.811892180279504E-02, 1.448222227424581E-02, 2.247884093993183E-04, -3.496906916232007E-04,
2470993.500000000, A.D. 2053-Apr-01 00:00:00.0000, 69.185656, -6.736267767297315E-01, 1.477950490353370E+00, 4.747585061973490E-02, -1.220128831780569E-02, -4.628744299068908E-03, 2.013342601079841E-04,
2471358.500000000, A.D. 2054-Apr-01 00:00:00.0000, 69.185658, 5.108140749687569E-01, -1.317746006727768E+00, -4.014475347275644E-02, 1.357113060925055E-02, 6.248728608395383E-03, -2.009929865151209E-04,
2471723.500000000, A.D. 2055-Apr-01 00:00:00.0000, 69.185666, -1.149744380669244E+00, 1.192647477839723E+00, 5.310626417924454E-02, -9.552090908163164E-03, -8.525653418681837E-03, 5.492462194124239E-05,
2472089.500000000, A.D. 2056-Apr-01 00:00:00.0000, 69.185668, 1.031378792186905E+00, -9.186306904382018E-01, -4.447462862312920E-02, 9.822030284898364E-03, 1.165164331066086E-02, 4.224286883295965E-06,
2472454.500000000, A.D. 2057-Apr-01 00:00:00.0000, 69.185658, -1.493946882317730E+00, 7.477990608073102E-01, 5.228158790418745E-02, -5.764797865970124E-03, -1.131616051045114E-02, -9.611620301518627E-05,
2472819.500000000, A.D. 2058-Apr-01 00:00:00.0000, 69.185649, 1.332292680282313E+00, -3.463194208214068E-01, -3.969388432121866E-02, 4.010344758352683E-03, 1.474495258221716E-02, 2.113462846395703E-04,
2473184.500000000, A.D. 2059-Apr-01 00:00:00.0000, 69.185637, -1.648625672576469E+00, 2.209674564382058E-01, 4.517038959724388E-02, -1.387261201468384E-03, -1.267311522436519E-02, -2.316357722242679E-04,
2473550.500000000, A.D. 2060-Apr-01 00:00:00.0000, 69.185633, 1.365645558392713E+00, 3.115320485676382E-01, -2.658465214217329E-02, -2.640136047443557E-03, 1.482013816837078E-02, 3.753984568815021E-04,
2473915.500000000, A.D. 2061-Apr-01 00:00:00.0000, 69.185630, -1.599781306116108E+00, -3.414133121642770E-01, 3.223788653143526E-02, 3.379353563797422E-03, -1.250144283901380E-02, -3.447551125453819E-04,
2474280.500000000, A.D. 2062-Apr-01 00:00:00.0000, 69.185630, 1.131858831067436E+00, 8.998916585974589E-01, -8.533680256192026E-03, -8.230871521152754E-03, 1.210570740587440E-02, 4.549024225516828E-04,
2474645.500000000, A.D. 2063-Apr-01 00:00:00.0000, 69.185640, -1.351276955500585E+00, -8.437790298589296E-01, 1.553464782177366E-02, 7.878675564142899E-03, -1.069889811442900E-02, -4.171257030923778E-04,
2475011.500000000, A.D. 2064-Apr-01 00:00:00.0000, 69.185649, 6.817476467768995E-01, 1.340057200957031E+00, 1.156767253821987E-02, -1.197495107796259E-02, 7.487747422260636E-03, 4.494675786049033E-04,
2475376.500000000, A.D. 2065-Apr-01 00:00:00.0000, 69.185651, -9.144774043409473E-01, -1.237820647054755E+00, -3.565287762571841E-03, 1.174655609487947E-02, -7.145568511997094E-03, -4.371330762722653E-04,
2475741.500000000, A.D. 2066-Apr-01 00:00:00.0000, 69.185660, 1.262624870928936E-01, 1.555312005856256E+00, 2.950371198128517E-02, -1.343174650246986E-02, 2.285479626794111E-03, 3.759814804960011E-04,
2476106.500000000, A.D. 2067-Apr-01 00:00:00.0000, 69.185668, -3.556354766616041E-01, -1.439680887080331E+00, -2.157106354041626E-02, 1.409887947087235E-02, -2.168281357157412E-03, -3.900256768357989E-04,
2476472.500000000, A.D. 2068-Apr-01 00:00:00.0000, 69.185671, -4.636209710885980E-01, 1.541724313354785E+00, 4.357649533757063E-02, -1.287845426649674E-02, -2.853177407385213E-03, 2.547906271273597E-04,
2476837.500000000, A.D. 2069-Apr-01 00:00:00.0000, 69.185665, 2.740818271945394E-01, -1.405312382649761E+00, -3.622913560347356E-02, 1.425324377022521E-02, 3.887828270715337E-03, -2.665411815309423E-04,
2477202.500000000, A.D. 2070-Apr-01 00:00:00.0000, 69.185652, -9.784436327054828E-01, 1.320356585269811E+00, 5.157885292632190E-02, -1.072629155272832E-02, -7.133488147200663E-03, 1.125222148138217E-04,
2477567.500000000, A.D. 2071-Apr-01 00:00:00.0000, 69.185643, 8.424388312333918E-01, -1.114806900867595E+00, -4.392936189032744E-02, 1.167944019066566E-02, 9.650399036639433E-03, -8.276747557488784E-05,
2477933.500000000, A.D. 2072-Apr-01 00:00:00.0000, 69.185641, -1.376547460854161E+00, 9.270705824275371E-01, 5.312021563635452E-02, -7.305230325971111E-03, -1.040029046124729E-02, -3.966877569837909E-05,
2478298.500000000, A.D. 2073-Apr-01 00:00:00.0000, 69.185635, 1.253819913773927E+00, -5.884304601291399E-01, -4.289810023444254E-02, 6.467168694946610E-03, 1.387587319936550E-02, 1.330268060259158E-04,
2478663.500000000, A.D. 2074-Apr-01 00:00:00.0000, 69.185641, -1.599989791325974E+00, 4.353457354467449E-01, 4.822415001339623E-02, -3.155626141902122E-03, -1.229780377695711E-02, -1.810116875187631E-04,
2479028.500000000, A.D. 2075-Apr-01 00:00:00.0000, 69.185650, 1.397664406884223E+00, 5.105755855214039E-02, -3.307182627548866E-02, 2.424668342503506E-05, 1.519228562453583E-02, 3.179166942122436E-04,
2479394.500000000, A.D. 2076-Apr-01 00:00:00.0000, 69.185656, -1.635891341178700E+00, -1.174603308603304E-01, 3.739327811974286E-02, 1.538473545522704E-03, -1.275078568176049E-02, -3.051800875887322E-04,
2479759.500000000, A.D. 2077-Apr-01 00:00:00.0000, 69.185662, 1.255074955431316E+00, 6.961875813828333E-01, -1.617031583272638E-02, -6.243431241509088E-03, 1.345387190791827E-02, 4.344938838687537E-04,
2480124.500000000, A.D. 2078-Apr-01 00:00:00.0000, 69.185665, -1.473392890056667E+00, -6.437445587555201E-01, 2.230043683452230E-02, 6.156388816767552E-03, -1.160271909668395E-02, -3.936950966283898E-04,
2480489.500000000, A.D. 2079-Apr-01 00:00:00.0000, 69.185670, 8.773624971266439E-01, 1.197600700381896E+00, 3.537981115416375E-03, -1.074275214994845E-02, 9.501741354395774E-03, 4.615280591125563E-04,
2480855.500000000, A.D. 2080-Apr-01 00:00:00.0000, 69.185674, -1.111898788416423E+00, -1.098338726263847E+00, 3.970888801443838E-03, 1.039123000299956E-02, -8.716041761598896E-03, -4.362621055391272E-04,
2481220.500000000, A.D. 2081-Apr-01 00:00:00.0000, 69.185660, 3.389000234183087E-01, 1.500729876541048E+00, 2.315225558878380E-02, -1.311450152440344E-02, 4.325760259191197E-03, 4.109823622709964E-04,
2481585.500000000, A.D. 2082-Apr-01 00:00:00.0000, 69.185649, -5.973168182780443E-01, -1.388650427532928E+00, -1.452364341247387E-02, 1.339945951010560E-02, -4.282243226477389E-03, -4.165404954286072E-04,
2481950.500000000, A.D. 2083-Apr-01 00:00:00.0000, 69.185640, -2.361780320601684E-01, 1.568678216324178E+00, 3.878551422740105E-02, -1.331670086030230E-02, -8.442841630930318E-04, 3.074069559696351E-04,
2482316.500000000, A.D. 2084-Apr-01 00:00:00.0000, 69.185633, 2.904482601927467E-02, -1.457465756361054E+00, -3.110009085744860E-02, 1.452070435094574E-02, 1.515609238548779E-03, -3.223474743163190E-04,
2482681.500000000, A.D. 2085-Apr-01 00:00:00.0000, 69.185632, -7.884886111696763E-01, 1.422069063359903E+00, 4.926888173087563E-02, -1.172288504324567E-02, -5.565610202722162E-03, 1.692236598809185E-04,
2483046.500000000, A.D. 2086-Apr-01 00:00:00.0000, 69.185633, 6.357483338875332E-01, -1.262231202976091E+00, -4.178681045288718E-02, 1.302369070614168E-02, 7.512364246699813E-03, -1.601100285771184E-04,
2483411.500000000, A.D. 2087-Apr-01 00:00:00.0000, 69.185639, -1.230799460057199E+00, 1.102119724443288E+00, 5.329975487569147E-02, -8.813277860143798E-03, -9.221008524521334E-03, 2.136267849653521E-05,
2483777.500000000, A.D. 2088-Apr-01 00:00:00.0000, 69.185648, 1.125415065678958E+00, -8.104843543900297E-01, -4.434136174087661E-02, 8.710490854576624E-03, 1.255757174039698E-02, 5.087957971418682E-05,
2484142.500000000, A.D. 2089-Apr-01 00:00:00.0000, 69.185648, -1.534859688887241E+00, 6.396529259378555E-01, 5.090692845836894E-02, -4.855833855275688E-03, -1.171872399318038E-02, -1.275708305389028E-04,
2484507.500000000, A.D. 2090-Apr-01 00:00:00.0000, 69.185655, 1.371061019280680E+00, -2.034120036541237E-01, -3.768193467779710E-02, 2.595172672619570E-03, 1.503990992243862E-02, 2.521362399367431E-04,
2484872.500000000, A.D. 2091-Apr-01 00:00:00.0000, 69.185664, -1.652486669484220E+00, 1.088361672191411E-01, 4.257419891821319E-02, -3.959290524640995E-04, -1.276643748391673E-02, -2.581636562716347E-04,
2485238.500000000, A.D. 2092-Apr-01 00:00:00.0000, 69.185663, 1.334892991687418E+00, 4.563183700876116E-01, -2.295408044309863E-02, -3.988462934045697E-03, 1.443947116238372E-02, 4.002329902613373E-04,
2485603.500000000, A.D. 2093-Apr-01 00:00:00.0000, 69.185656, -1.567139875711832E+00, -4.511829958274975E-01, 2.878616428856635E-02, 4.380430528971576E-03, -1.225683974755705E-02, -3.638077085795554E-04,
2485968.500000000, A.D. 2094-Apr-01 00:00:00.0000, 69.185643, 1.044137658599614E+00, 1.011729825248114E+00, -4.125392797531853E-03, -9.215492124225344E-03, 1.123480226808770E-02, 4.604778409772838E-04,
2486333.500000000, A.D. 2095-Apr-01 00:00:00.0000, 69.185634, -1.279599394050878E+00, -9.420866788508181E-01, 1.156434662368666E-02, 8.790669198419979E-03, -1.009651482245459E-02, -4.260240622836358E-04,
2486699.500000000, A.D. 2096-Apr-01 00:00:00.0000, 69.185635, 5.629440199052729E-01, 1.400415064584087E+00, 1.580746857868128E-02, -1.246756713799170E-02, 6.374923719870959E-03, 4.375811720687097E-04,
2487064.500000000, A.D. 2097-Apr-01 00:00:00.0000, 69.185631, -8.035352305005189E-01, -1.306189566357731E+00, -7.697583056166344E-03, 1.241305388030488E-02, -6.181323238170139E-03, -4.322614519015637E-04,
2487429.500000000, A.D. 2098-Apr-01 00:00:00.0000, 69.185637, 2.222113113837903E-03, 1.565067276702054E+00, 3.285309976669059E-02, -1.346452011260573E-02, 1.155110587212978E-03, 3.520946580155062E-04,
2487794.500000000, A.D. 2099-Apr-01 00:00:00.0000, 69.185649, -2.179975201654840E-01, -1.459042878564852E+00, -2.531392072957781E-02, 1.434991137596527E-02, -9.307039775471595E-04, -3.693475048562154E-04,
2488159.500000000, A.D. 2100-Apr-01 00:00:00.0000, 69.185652, -5.629335150313838E-01, 1.512450652734881E+00, 4.536285550161442E-02, -1.256962786216760E-02, -3.745746812268998E-03, 2.273861837434227E-04,
2488524.500000000, A.D. 2101-Apr-01 00:00:00.0000, 69.185658, 3.993919107787544E-01, -1.365677994315205E+00, -3.854941932719405E-02, 1.396612986115560E-02, 5.067467792714856E-03, -2.340562820713224E-04,
2488889.500000000, A.D. 2102-Apr-01 00:00:00.0000, 69.185665, -1.060183356493638E+00, 1.263753413642554E+00, 5.212742754505458E-02, -1.016957690721749E-02, -7.841077318780794E-03, 8.309442074959355E-05,
2489254.500000000, A.D. 2103-Apr-01 00:00:00.0000, 69.185667, 9.383097978948327E-01, -1.021596606015813E+00, -4.451391989600843E-02, 1.085819575929548E-02, 1.062757806358144E-02, -4.143351418330918E-05,
2489620.500000000, A.D. 2104-Apr-01 00:00:00.0000, 69.185670, -1.437211150515910E+00, 8.464156714752740E-01, 5.255457204735132E-02, -6.561577341040539E-03, -1.088171166035759E-02, -6.843564456903692E-05,
2489985.500000000, A.D. 2105-Apr-01 00:00:00.0000, 69.185656, 1.295831437956129E+00, -4.649620874162047E-01, -4.145669277658627E-02, 5.269522668806400E-03, 1.435932352648565E-02, 1.732009552030553E-04,
2490350.500000000, A.D. 2106-Apr-01 00:00:00.0000, 69.185643, -1.631533508725145E+00, 3.335141664447730E-01, 4.665365444253353E-02, -2.286376712079879E-03, -1.251842124530944E-02, -2.068278641810307E-04,
2490715.500000000, A.D. 2107-Apr-01 00:00:00.0000, 69.185638, 1.384159085430979E+00, 1.745418807766956E-01, -3.004400906580127E-02, -1.231582742494228E-03, 1.507657013004202E-02, 3.465251631002745E-04,
2491081.500000000, A.D. 2108-Apr-01 00:00:00.0000, 69.185634, -1.625679845281933E+00, -2.296411909741745E-01, 3.479751095373438E-02, 2.455790644755647E-03, -1.266066714456422E-02, -3.253655308069922E-04,
2491446.500000000, A.D. 2109-Apr-01 00:00:00.0000, 69.185633, 1.195930931973932E+00, 7.979346787256623E-01, -1.231321666479556E-02, -7.259357993912853E-03, 1.282398493824826E-02, 4.457889175145062E-04,
2491811.500000000, A.D. 2110-Apr-01 00:00:00.0000, 69.185639, -1.417246502987160E+00, -7.473024288575181E-01, 1.884686306038970E-02, 7.023223446791470E-03, -1.118385107882569E-02, -4.057178022429980E-04,
2492176.500000000, A.D. 2111-Apr-01 00:00:00.0000, 69.185642, 7.897380031364721E-01, 1.266419462238281E+00, 7.362799743949953E-03, -1.136589152085344E-02, 8.583020244076516E-03, 4.566328848197628E-04,
2492542.500000000, A.D. 2112-Apr-01 00:00:00.0000, 69.185653, -1.014816461956476E+00, -1.171575977927990E+00, 7.198573101895934E-05, 1.108504693667979E-02, -7.961981833911502E-03, -4.369723965154404E-04,
2492907.500000000, A.D. 2113-Apr-01 00:00:00.0000, 69.185653, 2.364917919909160E-01, 1.532882158613920E+00, 2.634501261024760E-02, -1.331671097176782E-02, 3.319209041719783E-03, 3.936453442831920E-04,
2493272.500000000, A.D. 2114-Apr-01 00:00:00.0000, 69.185656, -4.776894332460046E-01, -1.415773209346515E+00, -1.816726430742352E-02, 1.377764699675042E-02, -3.253327148579642E-03, -4.034974400225011E-04,
2493637.500000000, A.D. 2115-Apr-01 00:00:00.0000, 69.185663, -3.437498860222172E-01, 1.564007116245628E+00, 4.112215178672848E-02, -1.315683057216573E-02, -1.799448433262252E-03, 2.824049966433448E-04,
2494003.500000000, A.D. 2116-Apr-01 00:00:00.0000, 69.185658, 1.481106936923352E-01, -1.433587850712726E+00, -3.370406354778092E-02, 1.443085126987614E-02, 2.681973260254098E-03, -2.945883817580636E-04,
2494368.500000000, A.D. 2117-Apr-01 00:00:00.0000, 69.185645, -8.892260214832610E-01, 1.376316498533957E+00, 5.057557063444885E-02, -1.125676575727585E-02, -6.371662273979978E-03, 1.402867227851541E-04,
2494733.500000000, A.D. 2118-Apr-01 00:00:00.0000, 69.185635, 7.357015651739613E-01, -1.194902562835424E+00, -4.284209574986671E-02, 1.240822169005415E-02, 8.584506706375008E-03, -1.214393258304766E-04,
2495098.500000000, A.D. 2119-Apr-01 00:00:00.0000, 69.185624, -1.306982315226177E+00, 1.019150148606506E+00, 5.336760884728255E-02, -8.121722601767876E-03, -9.807967316172186E-03, -8.199908227004326E-06,
2495464.500000000, A.D. 2120-Apr-01 00:00:00.0000, 69.185625, 1.191163203252854E+00, -7.088757129636394E-01, -4.362945538959596E-02, 7.638826882666047E-03, 1.325623825459751E-02, 9.243711934212479E-05,
2495829.500000000, A.D. 2121-Apr-01 00:00:00.0000, 69.185624, -1.570891761890895E+00, 5.327880897876232E-01, 4.957177672409713E-02, -4.013854842427725E-03, -1.203356383123227E-02, -1.550827279719670E-04,
2496194.500000000, A.D. 2122-Apr-01 00:00:00.0000, 69.185628, 1.392282844245667E+00, -8.422525226941835E-02, -3.547177418692277E-02, 1.331709499811736E-03, 1.518038018904442E-02, 2.860697985533395E-04,
2496559.500000000, A.D. 2123-Apr-01 00:00:00.0000, 69.185641, -1.643634850496199E+00, -2.446359863146076E-03, 3.997261991319748E-02, 5.145696285015858E-04, -1.278495521722530E-02, -2.811110751063507E-04,
2496925.500000000, A.D. 2124-Apr-01 00:00:00.0000, 69.185648, 1.307059373312881E+00, 5.739971727511670E-01, -1.974485024084553E-02, -5.129643027589662E-03, 1.401126320778375E-02, 4.185876232858086E-04,
2497290.500000000, A.D. 2125-Apr-01 00:00:00.0000, 69.185652, -1.516869333059661E+00, -5.482737163000333E-01, 2.526988524980729E-02, 5.268228793028663E-03, -1.195258218353710E-02, -3.791455720776644E-04,
2497655.500000000, A.D. 2126-Apr-01 00:00:00.0000, 69.185662, 9.715906611177479E-01, 1.109914598860123E+00, -4.712311202822811E-04, -1.001968368484011E-02, 1.041152092843752E-02, 4.619541788534186E-04,
2498020.500000000, A.D. 2127-Apr-01 00:00:00.0000, 69.185663, -1.200020034937533E+00, -1.013456000788452E+00, 7.720277141192215E-03, 9.550929306007061E-03, -9.478191207594062E-03, -4.310843920945987E-04,
2498386.500000000, A.D. 2128-Apr-01 00:00:00.0000, 69.185664, 4.555997241529346E-01, 1.459667243143810E+00, 1.940779578498089E-02, -1.283992518673020E-02, 5.364402088924543E-03, 4.246925679332077E-04,
2498751.500000000, A.D. 2129-Apr-01 00:00:00.0000, 69.185652, -7.031942647082172E-01, -1.346634382669367E+00, -1.130350317925105E-02, 1.292532329789027E-02, -5.267771803518400E-03, -4.245265878335182E-04,
2499116.500000000, A.D. 2130-Apr-01 00:00:00.0000, 69.185637, -1.174207950827647E-01, 1.573971694665721E+00, 3.582186144051046E-02, -1.343172228768438E-02, 1.494435903249209E-04, 3.296145281994649E-04,
2499481.500000000, A.D. 2131-Apr-01 00:00:00.0000, 69.185635, -1.041397203251090E-01, -1.462649676459072E+00, -2.820897382726089E-02, 1.448150281266079E-02, 1.955394318610239E-04, -3.476691976625640E-04,
2499847.500000000, A.D. 2132-Apr-01 00:00:00.0000, 69.185634, -6.830233027153068E-01, 1.469057699175383E+00, 4.740237350110297E-02, -1.215493255820933E-02, -4.722918121298964E-03, 1.960963411806905E-04,
2500212.500000000, A.D. 2133-Apr-01 00:00:00.0000, 69.185633, 5.265168493292379E-01, -1.317389419183834E+00, -4.048831085836276E-02, 1.353771336964862E-02, 6.360200434391110E-03, -1.953748239316304E-04,
2500577.500000000, A.D. 2134-Apr-01 00:00:00.0000, 69.185642, -1.149742332305792E+00, 1.181958810901026E+00, 5.264510910743072E-02, -9.475435768545619E-03, -8.589068258677343E-03, 4.965160402328103E-05,
2500942.500000000, A.D. 2135-Apr-01 00:00:00.0000, 69.185647, 1.039981529804394E+00, -9.208030349101470E-01, -4.473646194317397E-02, 9.853571519194694E-03, 1.163863230809939E-02, 4.912768378815574E-06,
2501308.500000000, A.D. 2136-Apr-01 00:00:00.0000, 69.185655, -1.487693343663530E+00, 7.429860960434299E-01, 5.152285540584126E-02, -5.678475965854966E-03, -1.134376812324789E-02, -1.004146995348937E-04,
2501673.500000000, A.D. 2137-Apr-01 00:00:00.0000, 69.185659, 1.345150485986162E+00, -3.245128944787807E-01, -3.971816460755900E-02, 3.886394097580619E-03, 1.478709353353201E-02, 2.159944600996710E-04,
2502038.500000000, A.D. 2138-Apr-01 00:00:00.0000, 69.185660, -1.644546473435116E+00, 2.234816597225455E-01, 4.436753247368620E-02, -1.305787873143316E-03, -1.267451246944360E-02, -2.343657228420558E-04,
2502403.500000000, A.D. 2139-Apr-01 00:00:00.0000, 69.185666, 1.365965555453263E+00, 3.239244073485563E-01, -2.658595965447954E-02, -2.626927578577790E-03, 1.483264896101497E-02, 3.752944643087594E-04,
2502769.500000000, A.D. 2140-Apr-01 00:00:00.0000, 69.185663, -1.602517259367682E+00, -3.390491188200488E-01, 3.161353125281435E-02, 3.460854115668047E-03, -1.248403016655666E-02, -3.459103727262672E-04,
2503134.500000000, A.D. 2141-Apr-01 00:00:00.0000, 69.185646, 1.115275539175732E+00, 9.193169553601468E-01, -7.849682765149415E-03, -8.331762468109977E-03, 1.202914113725353E-02, 4.550609272240816E-04,
2503499.500000000, A.D. 2142-Apr-01 00:00:00.0000, 69.185637, -1.355746336348854E+00, -8.484882617078925E-01, 1.510062761594619E-02, 7.962849825245493E-03, -1.065471428321037E-02, -4.167640790800391E-04,
2503864.500000000, A.D. 2143-Apr-01 00:00:00.0000, 69.185627, 6.732526272142317E-01, 1.338439067942828E+00, 1.183727506026145E-02, -1.196614039373544E-02, 7.499709383606138E-03, 4.480257299530934E-04,
2504230.500000000, A.D. 2144-Apr-01 00:00:00.0000, 69.185627, -9.126546996905115E-01, -1.247478813487986E+00, -3.927131470974714E-03, 1.181358527802128E-02, -7.065389068905237E-03, -4.349488800632588E-04,
2504595.500000000, A.D. 2145-Apr-01 00:00:00.0000, 69.185628, 1.105104630195451E-01, 1.551729059049167E+00, 3.001288824281239E-02, -1.343325578425828E-02, 2.177384340619316E-03, 3.715897335772140E-04,
2504960.500000000, A.D. 2146-Apr-01 00:00:00.0000, 69.185630, -3.447232894467786E-01, -1.446711778660652E+00, -2.193247872596921E-02, 1.412587315306846E-02, -2.059714550138087E-03, -3.860528483889906E-04,
2505325.500000000, A.D. 2147-Apr-01 00:00:00.0000, 69.185640, -4.595566253980468E-01, 1.538861915663222E+00, 4.349697046401605E-02, -1.287950349538841E-02, -2.834921260010955E-03, 2.527482133143855E-04,
2505691.500000000, A.D. 2148-Apr-01 00:00:00.0000, 69.185648, 2.897074319500312E-01, -1.401956634040689E+00, -3.649104172762112E-02, 1.422501281342226E-02, 4.007167597975492E-03, -2.610685524478838E-04,
2506056.500000000, A.D. 2149-Apr-01 00:00:00.0000, 69.185648, -9.847393711948288E-01, 1.317550585410886E+00, 5.147967769537442E-02, -1.067602722013121E-02, -7.205284236734270E-03, 1.075545955516052E-04,
2506421.500000000, A.D. 2150-Apr-01 00:00:00.0000, 69.185657, 8.523091813918707E-01, -1.100639341440919E+00, -4.387780550709336E-02, 1.159588469411369E-02, 9.748230365576878E-03, -7.657557669065110E-05,
2506786.500000000, A.D. 2151-Apr-01 00:00:00.0000, 69.185657, -1.379129825703697E+00, 9.345254796989364E-01, 5.296761941887878E-02, -7.325008982305080E-03, -1.039910770522658E-02, -4.068483530258068E-05,
2507152.500000000, A.D. 2152-Apr-01 00:00:00.0000, 69.185653, 1.251881334588178E+00, -5.729207776250058E-01, -4.245238604914798E-02, 6.351203317387573E-03, 1.391950127915018E-02, 1.384089901708587E-04,
2507517.500000000, A.D. 2153-Apr-01 00:00:00.0000, 69.185642, -1.611543478933571E+00, 4.249411237964290E-01, 4.797628440831899E-02, -3.062176103567341E-03, -1.233477548755040E-02, -1.846600138181304E-04,
2507882.500000000, A.D. 2154-Apr-01 00:00:00.0000, 69.185629, 1.389424465728303E+00, 5.948959707122918E-02, -3.241733056612949E-02, -9.181754279145663E-05, 1.517786004418637E-02, 3.210583035029144E-04,
2508247.500000000, A.D. 2155-Apr-01 00:00:00.0000, 69.185627, -1.641823898567881E+00, -1.231592914245969E-01, 3.725919997420293E-02, 1.536451336176799E-03, -1.275576329577857E-02, -3.050834671558236E-04,
2508613.500000000, A.D. 2156-Apr-01 00:00:00.0000, 69.185632, 1.248442643137885E+00, 6.984402013811285E-01, -1.556690637071913E-02, -6.338360958082267E-03, 1.339559460033191E-02, 4.348488030922307E-04,
2508978.500000000, A.D. 2157-Apr-01 00:00:00.0000, 69.185630, -1.464916621037865E+00, -6.627281637151300E-01, 2.157001622403054E-02, 6.255009112266409E-03, -1.155292500638517E-02, -3.943819323452282E-04,
2509343.500000000, A.D. 2158-Apr-01 00:00:00.0000, 69.185641, 8.755438734131482E-01, 1.199198651421383E+00, 3.881756006911448E-03, -1.080729407181618E-02, 9.422765293220352E-03, 4.595907114448983E-04,
2509708.500000000, A.D. 2159-Apr-01 00:00:00.0000, 69.185649, -1.102884922831573E+00, -1.099518984393506E+00, 3.469962136522711E-03, 1.037745068819335E-02, -8.710085815922173E-03, -4.346393698283975E-04,
2510074.500000000, A.D. 2160-Apr-01 00:00:00.0000, 69.185655, 3.388032696931392E-01, 1.507104221509078E+00, 2.320086070252189E-02, -1.314955187604195E-02, 4.238437405537972E-03, 4.074787160349487E-04,
2510439.500000000, A.D. 2161-Apr-01 00:00:00.0000, 69.185661, -5.766064304488080E-01, -1.384051865967555E+00, -1.538773330333677E-02, 1.342665530508296E-02, -4.166844336466510E-03, -4.129431593894656E-04,
2510804.500000000, A.D. 2162-Apr-01 00:00:00.0000, 69.185663, -2.423385686403179E-01, 1.579492286449896E+00, 3.872397875098458E-02, -1.332255302816889E-02, -9.406962978196474E-04, 3.029932341650926E-04,
2511169.500000000, A.D. 2163-Apr-01 00:00:00.0000, 69.185665, 2.627801346410938E-02, -1.444736320210669E+00, -3.127847095104736E-02, 1.449913658728402E-02, 1.487467165022010E-03, -3.198898319116447E-04,
2511535.500000000, A.D. 2164-Apr-01 00:00:00.0000, 69.185662, -8.036965546994390E-01, 1.428628843034854E+00, 4.922580990017374E-02, -1.168948099442392E-02, -5.662891230692987E-03, 1.643739983704901E-04,
2511900.500000000, A.D. 2165-Apr-01 00:00:00.0000, 69.185644, 6.381389782127109E-01, -1.248093262789949E+00, -4.184428965487144E-02, 1.295747233433524E-02, 7.602821472754204E-03, -1.539255056922076E-04,
2512265.500000000, A.D. 2166-Apr-01 00:00:00.0000, 69.185636, -1.247722932373391E+00, 1.097914485477290E+00, 5.318350421254095E-02, -8.742437280345560E-03, -9.297383684487234E-03, 1.664838993779500E-05,
2512630.500000000, A.D. 2167-Apr-01 00:00:00.0000, 69.185631, 1.116079899660988E+00, -8.122552698250818E-01, -4.412516008896863E-02, 8.739040791863658E-03, 1.252975255627408E-02, 5.163789009603795E-05,
2512996.500000000, A.D. 2168-Apr-01 00:00:00.0000, 69.185630, -1.544420754313550E+00, 6.274520964845820E-01, 5.056045450184747E-02, -4.760908071318208E-03, -1.175663315273594E-02, -1.316380271187713E-04,
2513361.500000000, A.D. 2169-Apr-01 00:00:00.0000, 69.185632, 1.370922245106796E+00, -1.933072804641718E-01, -3.726185044651097E-02, 2.482893400843580E-03, 1.506494680794234E-02, 2.562750596595801E-04,
2513726.500000000, A.D. 2170-Apr-01 00:00:00.0000, 69.185637, -1.652058044796201E+00, 9.675446932335248E-02, 4.198469093991406E-02, -2.940958332763215E-04, -1.276221938227760E-02, -2.610670008651757E-04,
2514091.500000000, A.D. 2171-Apr-01 00:00:00.0000, 69.185644, 1.337946882154375E+00, 4.553373044636729E-01, -2.289922157215668E-02, -3.959202883552929E-03, 1.446831545556138E-02, 3.996826207173361E-04,
2514457.500000000, A.D. 2172-Apr-01 00:00:00.0000, 69.185653, -1.561356633681169E+00, -4.560364912734249E-01, 2.810695561478364E-02, 4.469701277133027E-03, -1.221329920068858E-02, -3.648284044853979E-04,
2514822.500000000, A.D. 2173-Apr-01 00:00:00.0000, 69.185652, 1.036134528235201E+00, 1.029777787869991E+00, -3.574418157971544E-03, -9.311644689093374E-03, 1.116891488785831E-02, 4.599721966300401E-04,
2515187.500000000, A.D. 2174-Apr-01 00:00:00.0000, 69.185657, -1.277202963240080E+00, -9.400970252158248E-01, 1.105247495129484E-02, 8.853161946224371E-03, -1.002845430097115E-02, -4.248403472481855E-04,
2515552.500000000, A.D. 2175-Apr-01 00:00:00.0000, 69.185658, 5.549604631946403E-01, 1.409122961041017E+00, 1.609975588911547E-02, -1.248003982733820E-02, 6.390161835929159E-03, 4.363738960530118E-04,
2515918.500000000, A.D. 2176-Apr-01 00:00:00.0000, 69.185648, -8.070416559358081E-01, -1.305385789784375E+00, -7.895053895988453E-03, 1.245160899760988E-02, -6.098540153275315E-03, -4.291832213086461E-04,
2516283.500000000, A.D. 2177-Apr-01 00:00:00.0000, 69.185634, -2.531311122947970E-02, 1.566906247760311E+00, 3.360828639217035E-02, -1.347331993121460E-02, 1.037761603392763E-03, 3.479917159118846E-04,
2516648.500000000, A.D. 2178-Apr-01 00:00:00.0000, 69.185623, -2.209776959134348E-01, -1.464286975571071E+00, -2.526734271309227E-02, 1.436613312445412E-02, -8.313206085005897E-04, -3.648804389086068E-04,
2517013.500000000, A.D. 2179-Apr-01 00:00:00.0000, 69.185619, -5.859703164196010E-01, 1.499983076306403E+00, 4.586616914290485E-02, -1.252921748186509E-02, -3.848761038486805E-03, 2.222634613032309E-04,
2517379.500000000, A.D. 2180-Apr-01 00:00:00.0000, 69.185624, 4.169167821808689E-01, -1.367810206469664E+00, -3.863367510275562E-02, 1.390357556717573E-02, 5.315350901820811E-03, -2.246726421606550E-04,
2517744.500000000, A.D. 2181-Apr-01 00:00:00.0000, 69.185624, -1.081758324728240E+00, 1.236613577052504E+00, 5.227896800913200E-02, -1.002243879592455E-02, -7.996843768979897E-03, 7.421598529735527E-05,
2518109.500000000, A.D. 2182-Apr-01 00:00:00.0000, 69.185633, 9.593316805184021E-01, -1.012942252911092E+00, -4.440655076330990E-02, 1.068547887795123E-02, 1.083299690118324E-02, -3.098758319102074E-05,
2518474.500000000, A.D. 2183-Apr-01 00:00:00.0000, 69.185643, -1.437898717980501E+00, 8.298720679171236E-01, 5.219821723641634E-02, -6.470025522759849E-03, -1.091772390996555E-02, -7.316648708065058E-05,
2518840.500000000, A.D. 2184-Apr-01 00:00:00.0000, 69.185648, 1.311379502948415E+00, -4.414645978902454E-01, -4.106737522052860E-02, 5.010280531258863E-03, 1.446300817350222E-02, 1.825204173599412E-04,
2519205.500000000, A.D. 2185-Apr-01 00:00:00.0000, 69.185653, -1.630967787030524E+00, 3.119113533191739E-01, 4.584458856389982E-02, -2.092765461833481E-03, -1.254356872718108E-02, -2.130526960605099E-04,
2519570.500000000, A.D. 2186-Apr-01 00:00:00.0000, 69.185659, 1.383192461659512E+00, 2.069475218102661E-01, -2.925779028380377E-02, -1.512248516317185E-03, 1.504925328657263E-02, 3.526917496978463E-04,
2519935.500000000, A.D. 2187-Apr-01 00:00:00.0000, 69.185658, -1.626189873045460E+00, -2.357145783494528E-01, 3.419498559592308E-02, 2.541560724455896E-03, -1.264400267020661E-02, -3.270065222555008E-04,
2520301.500000000, A.D. 2188-Apr-01 00:00:00.0000, 69.185655, 1.176258967359754E+00, 8.245675378581518E-01, -1.122601294756327E-02, -7.484659514239360E-03, 1.267793193304762E-02, 4.474272286843084E-04,
2520666.500000000, A.D. 2189-Apr-01 00:00:00.0000, 69.185639, -1.411554676481263E+00, -7.683949474072727E-01, 1.790785427498671E-02, 7.212236560878509E-03, -1.108689667716629E-02, -4.071162839596123E-04,
2521031.500000000, A.D. 2190-Apr-01 00:00:00.0000, 69.185631, 7.616219849655733E-01, 1.278162442447570E+00, 8.430767202937516E-03, -1.149491158383406E-02, 8.370947138877103E-03, 4.537927175016257E-04,
2521396.500000000, A.D. 2191-Apr-01 00:00:00.0000, 69.185631, -1.010135717479613E+00, -1.184562176690747E+00, -4.614263143078588E-04, 1.115891403494582E-02, -7.883466061363816E-03, -4.352382316003241E-04,
2521762.500000000, A.D. 2192-Apr-01 00:00:00.0000, 69.185631, 2.104556271188527E-01, 1.531606547942815E+00, 2.710170437075003E-02, -1.334464126099697E-02, 3.090716693672093E-03, 3.873054451437973E-04,
2522127.500000000, A.D. 2193-Apr-01 00:00:00.0000, 69.185634, -4.503539000230242E-01, -1.427733224994862E+00, -1.914060302659861E-02, 1.385361650739113E-02, -3.018928097689300E-03, -3.982036309057113E-04,
2522492.500000000, A.D. 2194-Apr-01 00:00:00.0000, 69.185641, -3.633582895211343E-01, 1.557041109947166E+00, 4.142952260133713E-02, -1.310593659027876E-02, -2.004947341728961E-03, 2.743075276082982E-04,
2522857.500000000, A.D. 2195-Apr-01 00:00:00.0000, 69.185646, 1.662793730359607E-01, -1.430564906030623E+00, -3.419658777021564E-02, 1.441129685502273E-02, 2.804505302305173E-03, -2.892962287856234E-04,
2523223.500000000, A.D. 2196-Apr-01 00:00:00.0000, 69.185655, -9.050495511122189E-01, 1.369538719134268E+00, 5.048358045892234E-02, -1.115185763835381E-02, -6.536444915844410E-03, 1.319274409365513E-04,
2523588.500000000, A.D. 2197-Apr-01 00:00:00.0000, 69.185656, 7.599998255981928E-01, -1.169626839759747E+00, -4.309934769824952E-02, 1.224957149612216E-02, 8.817887331304891E-03, -1.105391083042731E-04,
2523953.500000000, A.D. 2198-Apr-01 00:00:00.0000, 69.185659, -1.325404583374777E+00, 1.011495553343242E+00, 5.311031590755877E-02, -7.977062454223830E-03, -9.933611374990372E-03, -1.599346522468935E-05,
2524318.500000000, A.D. 2199-Apr-01 00:00:00.0000, 69.185658, 1.188214850264124E+00, -6.881621214820808E-01, -4.324105343531633E-02, 7.522575536962638E-03, 1.331110996470340E-02, 9.829161627857621E-05,
2524683.500000000, A.D. 2200-Apr-01 00:00:00.0000, 69.185645, -1.587658777309522E+00, 5.286011647837683E-01, 4.943458857931721E-02, -3.930549116732533E-03, -1.207751610594962E-02, -1.586641099031481E-04,
2525048.500000000, A.D. 2201-Apr-01 00:00:00.0000, 69.185627, 1.377866775390809E+00, -7.087476822911429E-02, -3.466649839971894E-02, 1.210873872528424E-03, 1.517396670697228E-02, 2.899118288084154E-04,
2525413.500000000, A.D. 2202-Apr-01 00:00:00.0000, 69.185620, -1.658318307428616E+00, -1.734957880138090E-02, 3.984285372131458E-02, 6.157817818265435E-04, -1.279526659030099E-02, -2.835575915448522E-04,
2525778.500000000, A.D. 2203-Apr-01 00:00:00.0000, 69.185616, 1.295571115001463E+00, 5.635681691112773E-01, -1.920790711832143E-02, -5.096617523381053E-03, 1.401521592294434E-02, 4.176331521435054E-04,
2526144.500000000, A.D. 2204-Apr-01 00:00:00.0000, 69.185620, -1.521216755054905E+00, -5.689403616067334E-01, 2.499517039215006E-02, 5.367300795595946E-03, -1.191780741538822E-02, -3.800013040050734E-04,
2526509.500000000, A.D. 2205-Apr-01 00:00:00.0000, 69.185623, 9.585414197284258E-01, 1.107853225799368E+00, 3.690983462789182E-04, -1.008914081082893E-02, 1.033060878323181E-02, 4.604829006717742E-04,
2526874.500000000, A.D. 2206-Apr-01 00:00:00.0000, 69.185628, -1.192742935292149E+00, -1.030899551351558E+00, 7.289158260414229E-03, 9.629730666143388E-03, -9.401266334673997E-03, -4.301095830385928E-04,
2527239.500000000, A.D. 2207-Apr-01 00:00:00.0000, 69.185637, 4.589405847026174E-01, 1.452286427297035E+00, 1.956705341148704E-02, -1.283977403988399E-02, 5.396331173245472E-03, 4.230835524487768E-04,
2527605.500000000, A.D. 2208-Apr-01 00:00:00.0000, 69.185644, -6.907425917005365E-01, -1.353706370098236E+00, -1.171370744763376E-02, 1.296522323054289E-02, -5.160913918952311E-03, -4.214003712302463E-04,
2527970.500000000, A.D. 2209-Apr-01 00:00:00.0000, 69.185644, -1.292252868724213E-01, 1.573987525704578E+00, 3.622928055687956E-02, -1.344015290367077E-02, 5.267229864726076E-05, 3.252804106755242E-04,
2528335.500000000, A.D. 2210-Apr-01 00:00:00.0000, 69.185649, -9.642303289712584E-02, -1.461168583657763E+00, -2.835423989937284E-02, 1.447185631864623E-02, 3.059613395715603E-04, -3.426275095452079E-04,
2528700.500000000, A.D. 2211-Apr-01 00:00:00.0000, 69.185646, -6.889330672937558E-01, 1.469489590506303E+00, 4.755045559998240E-02, -1.217307252724576E-02, -4.721246448521171E-03, 1.944507246940375E-04,
2529066.500000000, A.D. 2212-Apr-01 00:00:00.0000, 69.185638, 5.274838537847988E-01, -1.315873516523901E+00, -4.028749023446954E-02, 1.348402522301269E-02, 6.453432197833326E-03, -1.894161111824280E-04,
2529431.500000000, A.D. 2213-Apr-01 00:00:00.0000, 69.185626, -1.168014527289180E+00, 1.166468011265358E+00, 5.282630222476190E-02, -9.406340504750258E-03, -8.671621502558935E-03, 4.469105267684784E-05,
2529796.500000000, A.D. 2214-Apr-01 00:00:00.0000, 69.185618, 1.040481836719597E+00, -9.231142781635243E-01, -4.432309491311437E-02, 9.767860426968282E-03, 1.170775483942438E-02, 1.056785980590205E-05,
2530161.500000000, A.D. 2215-Apr-01 00:00:00.0000, 69.185619, -1.490699415174516E+00, 7.298765277566119E-01, 5.144995049834772E-02, -5.677492774531515E-03, -1.134189414802488E-02, -1.015526552515414E-04,
2530527.500000000, A.D. 2216-Apr-01 00:00:00.0000, 69.185626, 1.349485749495673E+00, -3.272224355852169E-01, -3.927381774768369E-02, 3.780169077082439E-03, 1.482217440224545E-02, 2.202612336464226E-04,
2530892.500000000, A.D. 2217-Apr-01 00:00:00.0000, 69.185627, -1.639642260485102E+00, 1.989141930655985E-01, 4.377694902963530E-02, -1.199054437756549E-03, -1.267570427727318E-02, -2.377476208194809E-04,
2531257.500000000, A.D. 2218-Apr-01 00:00:00.0000, 69.185637, 1.373379366668991E+00, 3.260592948704881E-01, -2.625441005874800E-02, -2.736555644268635E-03, 1.482692697968762E-02, 3.774272267457372E-04,
2531622.500000000, A.D. 2219-Apr-01 00:00:00.0000, 69.185645, -1.591507700578306E+00, -3.422022078034743E-01, 3.108730066216501E-02, 3.450059353563187E-03, -1.246623459845397E-02, -3.454063348008900E-04,
2531988.500000000, A.D. 2220-Apr-01 00:00:00.0000, 69.185652, 1.119209097275974E+00, 9.296815782909840E-01, -7.577986367743574E-03, -8.431261573155789E-03, 1.197722832285202E-02, 4.548310078046127E-04,
2532353.500000000, A.D. 2221-Apr-01 00:00:00.0000, 69.185656, -1.341560531141239E+00, -8.525911433439719E-01, 1.423813018804675E-02, 8.032577638910052E-03, -1.058398479266596E-02, -4.160913428021874E-04,
2532718.500000000, A.D. 2222-Apr-01 00:00:00.0000, 69.185658, 6.656897612968358E-01, 1.352047488670292E+00, 1.220829398412948E-02, -1.203684495841990E-02, 7.405599918506910E-03, 4.457590425001660E-04,
2533083.500000000, A.D. 2223-Apr-01 00:00:00.0000, 69.185654, -9.168964217483607E-01, -1.239928320884720E+00, -4.096920687178734E-03, 1.178169326127220E-02, -7.079609766976372E-03, -4.325194757886218E-04,
2533449.500000000, A.D. 2224-Apr-01 00:00:00.0000, 69.185646, 9.257850219175227E-02, 1.557324467980973E+00, 3.045332252348639E-02, -1.345569227627166E-02, 2.063103960242933E-03, 3.677535340407404E-04,
2533814.500000000, A.D. 2225-Apr-01 00:00:00.0000, 69.185627, -3.403385469213062E-01, -1.448721619265632E+00, -2.223217246554600E-02, 1.414336519017162E-02, -1.959358789627379E-03, -3.817110948550622E-04,
2534179.500000000, A.D. 2226-Apr-01 00:00:00.0000, 69.185622, -4.778575851279107E-01, 1.532032193428000E+00, 4.380338574418628E-02, -1.285189577158052E-02, -2.940930578781567E-03, 2.478827746456009E-04,
2534544.500000000, A.D. 2227-Apr-01 00:00:00.0000, 69.185621, 2.825470577446553E-01, -1.409418513698819E+00, -3.630662563214831E-02, 1.423604589401732E-02, 3.976253731310550E-03, -2.592342096352482E-04,
2534910.500000000, A.D. 2228-Apr-01 00:00:00.0000, 69.185623, -9.955098607535855E-01, 1.303063941098017E+00, 5.149338235078615E-02, -1.060936606308420E-02, -7.285292310561620E-03, 1.022964536032134E-04,
2535275.500000000, A.D. 2229-Apr-01 00:00:00.0000, 69.185628, 8.630356974220247E-01, -1.100128187034686E+00, -4.380553536076289E-02, 1.153183552553574E-02, 9.845643883826336E-03, -7.075581564096703E-05,
2535640.500000000, A.D. 2230-Apr-01 00:00:00.0000, 69.185634, -1.381547312308084E+00, 9.204867184025478E-01, 5.268534903077963E-02, -7.238393403513419E-03, -1.044429179024603E-02, -4.542526939638028E-05,
2536005.500000000, A.D. 2231-Apr-01 00:00:00.0000, 69.185639, 1.255291356356069E+00, -5.773049392091526E-01, -4.233488502803237E-02, 6.383641291494993E-03, 1.391420501133603E-02, 1.387468120174325E-04,
2536371.500000000, A.D. 2232-Apr-01 00:00:00.0000, 69.185647, -1.611157718631950E+00, 4.163088811501871E-01, 4.754423071635469E-02, -2.975206550591663E-03, -1.234711070298333E-02, -1.880076159593597E-04,
2536736.500000000, A.D. 2233-Apr-01 00:00:00.0000, 69.185645, 1.389081629632974E+00, 7.644357865475149E-02, -3.183294541943293E-02, -2.231449931709465E-04, 1.517900856951737E-02, 3.245121770741942E-04,
2537101.500000000, A.D. 2234-Apr-01 00:00:00.0000, 69.185647, -1.645412245340779E+00, -1.299016622382512E-01, 3.689998136590417E-02, 1.620031063375878E-03, -1.274706440534665E-02, -3.068669665907502E-04,
2537466.500000000, A.D. 2235-Apr-01 00:00:00.0000, 69.185643, 1.240521351897552E+00, 6.980326536038715E-01, -1.509765146509147E-02, -6.325711528842797E-03, 1.340705919234518E-02, 4.343214801467709E-04,
2537832.500000000, A.D. 2236-Apr-01 00:00:00.0000, 69.185630, -1.470771886712572E+00, -6.754327637845332E-01, 2.134920958439501E-02, 6.341922932252449E-03, -1.152096179782180E-02, -3.946709269879863E-04,
2538197.500000000, A.D. 2237-Apr-01 00:00:00.0000, 69.185619, 8.554102171366459E-01, 1.198963717413967E+00, 4.842525735510937E-03, -1.087378211090691E-02, 9.325327428190488E-03, 4.579026138887073E-04,
2538562.500000000, A.D. 2238-Apr-01 00:00:00.0000, 69.185613, -1.102732195354582E+00, -1.119232563745360E+00, 3.269557131322498E-03, 1.045798625424235E-02, -8.643852967352390E-03, -4.333119568782463E-04,
2538927.500000000, A.D. 2239-Apr-01 00:00:00.0000, 69.185613, 3.366040654695788E-01, 1.491009168982844E+00, 2.351241896566030E-02, -1.313725700390670E-02, 4.252247394626424E-03, 4.054208199627408E-04,
2539293.500000000, A.D. 2240-Apr-01 00:00:00.0000, 69.185621, -5.650801598746766E-01, -1.403596542506754E+00, -1.568931655617998E-02, 1.347454808138592E-02, -4.066589838104651E-03, -4.097660564869719E-04,
2539658.500000000, A.D. 2241-Apr-01 00:00:00.0000, 69.185622, -2.482211478774862E-01, 1.563847322125460E+00, 3.901691493958058E-02, -1.329735510565017E-02, -1.037113091570108E-03, 2.978031075755437E-04,
2540023.500000000, A.D. 2242-Apr-01 00:00:00.0000, 69.185631, 4.740093749512103E-02, -1.454988656371558E+00, -3.166118760869610E-02, 1.449654939561846E-02, 1.607060729908431E-03, -3.151039692797827E-04,
2540388.500000000, A.D. 2243-Apr-01 00:00:00.0000, 69.185641, -7.909364604644475E-01, 1.422475754275786E+00, 4.892790863768665E-02, -1.169693791149759E-02, -5.640281228310316E-03, 1.624838336758883E-04,
2540754.500000000, A.D. 2244-Apr-01 00:00:00.0000, 69.185646, 6.594131451510227E-01, -1.243768515319056E+00, -4.208952424300098E-02, 1.289530896831821E-02, 7.715882201417991E-03, -1.480201128203862E-04,
2541119.500000000, A.D. 2245-Apr-01 00:00:00.0000, 69.185651, -1.247396003027709E+00, 1.091199950869655E+00, 5.281686890223049E-02, -8.681739182572038E-03, -9.355618183287014E-03, 1.196890179892773E-05,
2541484.500000000, A.D. 2246-Apr-01 00:00:00.0000, 69.185654, 1.126823745032312E+00, -7.991558227945872E-01, -4.402364589064790E-02, 8.631982657033401E-03, 1.259995598686908E-02, 5.745146565010839E-05,
2541849.500000000, A.D. 2247-Apr-01 00:00:00.0000, 69.185646, -1.543642739158308E+00, 6.306552334853919E-01, 5.027008386615895E-02, -4.778168147759204E-03, -1.175980483964962E-02, -1.323195223826661E-04,
2542215.500000000, A.D. 2248-Apr-01 00:00:00.0000, 69.185639, 1.370775550724594E+00, -1.825041438598975E-01, -3.684362314676311E-02, 2.362707931968201E-03, 1.507395863263958E-02, 2.603453576517476E-04,
2542580.500000000, A.D. 2249-Apr-01 00:00:00.0000, 69.185624, -1.654379641731155E+00, 8.109773440613825E-02, 4.147469511321607E-02, -1.932723133591187E-04, -1.277459555748325E-02, -2.638649625591587E-04,
2542945.500000000, A.D. 2250-Apr-01 00:00:00.0000, 69.185620, 1.334813678787699E+00, 4.599030031542981E-01, -2.238415235621199E-02, -4.065619840023313E-03, 1.442560512042784E-02, 4.011163246015003E-04,
2543310.500000000, A.D. 2251-Apr-01 00:00:00.0000, 69.185624, -1.558826127415670E+00, -4.628548754730636E-01, 2.776292472437719E-02, 4.463673805960749E-03, -1.221302708015841E-02, -3.641175425973512E-04,
2543676.500000000, A.D. 2252-Apr-01 00:00:00.0000, 69.185627, 1.035232404926442E+00, 1.031523171231813E+00, -3.176416228844127E-03, -9.389300043000186E-03, 1.109469603905623E-02, 4.588199129563506E-04,
2544041.500000000, A.D. 2253-Apr-01 00:00:00.0000, 69.185632, -1.259381517116692E+00, -9.539717759471321E-01, 1.015853043997802E-02, 8.934850082398823E-03, -9.953074600143429E-03, -4.241532214158505E-04,
2544406.500000000, A.D. 2254-Apr-01 00:00:00.0000, 69.185641, 5.562270375957949E-01, 1.413312053850457E+00, 1.626746759359122E-02, -1.252721578596669E-02, 6.304262838225898E-03, 4.334279221380196E-04,
2544771.500000000, A.D. 2255-Apr-01 00:00:00.0000, 69.185644, -7.971295784171754E-01, -1.300673518300798E+00, -8.339758739263198E-03, 1.243028249066890E-02, -6.098481746890659E-03, -4.269971743790841E-04,
2545137.500000000, A.D. 2256-Apr-01 00:00:00.0000, 69.185652, -2.796893428192443E-02, 1.575760126910512E+00, 3.364566193893499E-02, -1.349185064509747E-02, 9.438100349084803E-04, 3.439238852488513E-04,
2545502.500000000, A.D. 2257-Apr-01 00:00:00.0000, 69.185651, -2.051472118105956E-01, -1.453894628116223E+00, -2.580532344168260E-02, 1.435994320450213E-02, -7.164427379835602E-04, -3.599172380868677E-04,
2545867.500000000, A.D. 2258-Apr-01 00:00:00.0000, 69.185648, -5.985471623360366E-01, 1.507444352657436E+00, 4.596289130995983E-02, -1.251269615980368E-02, -3.950054676162907E-03, 2.175904537601398E-04,
2546232.500000000, A.D. 2259-Apr-01 00:00:00.0000, 69.185644, 4.075261108113857E-01, -1.360658370093239E+00, -3.844689605040762E-02, 1.389344279661414E-02, 5.273303866098591E-03, -2.225012292633724E-04,
2546598.500000000, A.D. 2260-Apr-01 00:00:00.0000, 69.185629, -1.100293058850228E+00, 1.233062610740163E+00, 5.240880671486586E-02, -9.964293823516624E-03, -8.087024510987641E-03, 6.942994668398931E-05,
2546963.500000000, A.D. 2261-Apr-01 00:00:00.0000, 69.185616, 9.581696228305147E-01, -1.005733791728521E+00, -4.402918388709325E-02, 1.059952554388308E-02, 1.090345802125843E-02, -2.499001242780825E-05,
2547328.500000000, A.D. 2262-Apr-01 00:00:00.0000, 69.185614, -1.451652585046588E+00, 8.140328159719763E-01, 5.216451227223948E-02, -6.380317854508622E-03, -1.097507759216634E-02, -7.753874066144503E-05,
2547693.500000000, A.D. 2263-Apr-01 00:00:00.0000, 69.185612, 1.306105205691296E+00, -4.529594874249982E-01, -4.066823260098976E-02, 5.050388197574082E-03, 1.445006762733633E-02, 1.826690267032236E-04,
2548059.500000000, A.D. 2264-Apr-01 00:00:00.0000, 69.185619, -1.632898281449186E+00, 2.907949482234586E-01, 4.550563838871680E-02, -1.987919818582146E-03, -1.255747686828404E-02, -2.165171900762341E-04,
2548424.500000000, A.D. 2265-Apr-01 00:00:00.0000, 69.185622, 1.385705218826610E+00, 2.101474851739333E-01, -2.868605755542299E-02, -1.622024977739418E-03, 1.504561260450799E-02, 3.552764206176730E-04,
2548789.500000000, A.D. 2266-Apr-01 00:00:00.0000, 69.185627, -1.617183324840230E+00, -2.528045688171649E-01, 3.358862366297164E-02, 2.642739246738670E-03, -1.261487044086885E-02, -3.289588748545248E-04,
2549154.500000000, A.D. 2267-Apr-01 00:00:00.0000, 69.185637, 1.185415301796535E+00, 8.197145064713628E-01, -1.117491033291704E-02, -7.466597196820958E-03, 1.271268871300980E-02, 4.464533258703544E-04,
2549520.500000000, A.D. 2268-Apr-01 00:00:00.0000, 69.185641, -1.399212321377970E+00, -7.764340489780628E-01, 1.723525072579047E-02, 7.289612017687986E-03, -1.102375406097330E-02, -4.069032576954744E-04,
2549885.500000000, A.D. 2269-Apr-01 00:00:00.0000, 69.185643, 7.551799222785142E-01, 1.288659425983396E+00, 8.951390862744504E-03, -1.156781759528598E-02, 8.281777532840656E-03, 4.517233995379451E-04,
2550250.500000000, A.D. 2270-Apr-01 00:00:00.0000, 69.185647, -1.001595733089852E+00, -1.187966849579280E+00, -9.816858609843439E-04, 1.120779788467495E-02, -7.802621309650645E-03, -4.329484551005302E-04,
2550615.500000000, A.D. 2271-Apr-01 00:00:00.0000, 69.185636, 2.085912416335166E-01, 1.531984946647493E+00, 2.723510759752351E-02, -1.335553367004591E-02, 3.100656042273932E-03, 3.857165077442460E-04,
2550981.500000000, A.D. 2272-Apr-01 00:00:00.0000, 69.185628, -4.434257743676141E-01, -1.433392456131010E+00, -1.946209652362756E-02, 1.387862066480763E-02, -2.923171636712255E-03, -3.942872154319933E-04,
2551346.500000000, A.D. 2273-Apr-01 00:00:00.0000, 69.185617, -3.780923953736354E-01, 1.548094168339494E+00, 4.172560335616016E-02, -1.308272642218731E-02, -2.111978133333432E-03, 2.694190215573770E-04,
2551711.500000000, A.D. 2274-Apr-01 00:00:00.0000, 69.185612, 1.780029090861254E-01, -1.438005897237612E+00, -3.441868271123338E-02, 1.440531627152240E-02, 2.913916411130249E-03, -2.842113540698620E-04,
2552076.500000000, A.D. 2275-Apr-01 00:00:00.0000, 69.185619, -8.993069125720101E-01, 1.359307300972965E+00, 5.023064086269874E-02, -1.114926776243062E-02, -6.526771373359404E-03, 1.299225701628828E-04,
2552442.500000000, A.D. 2276-Apr-01 00:00:00.0000, 69.185623, 7.782623046872909E-01, -1.172468061740168E+00, -4.330888503616055E-02, 1.219776581042772E-02, 8.921477219622016E-03, -1.049405835610855E-04,
2552807.500000000, A.D. 2277-Apr-01 00:00:00.0000, 69.185628, -1.319741782741019E+00, 9.959933189424958E-01, 5.253651633463075E-02, -7.890412828799038E-03, -9.980739139428709E-03, -2.103559356753905E-05,
2553172.500000000, A.D. 2278-Apr-01 00:00:00.0000, 69.185640, 1.208839469589671E+00, -6.799163803454027E-01, -4.342329196193911E-02, 7.424209037045481E-03, 1.338360853952208E-02, 1.033860563920567E-04,
2553537.500000000, A.D. 2279-Apr-01 00:00:00.0000, 69.185645, -1.576530900607648E+00, 5.214448321286943E-01, 4.856069766259755E-02, -3.842113188401200E-03, -1.209007856186484E-02, -1.624101943068308E-04,
2553903.500000000, A.D. 2280-Apr-01 00:00:00.0000, 69.185652, 1.391910187765192E+00, -3.506889767324736E-02, -3.434740984493178E-02, 9.278620309479027E-04, 1.519830369622214E-02, 2.974087907474846E-04,
2554268.500000000, A.D. 2281-Apr-01 00:00:00.0000, 69.185654, -1.649782014647170E+00, -3.010883038244215E-02, 3.865634373892061E-02, 8.062100047509247E-04, -1.278264099458460E-02, -2.881914494854541E-04,
2554633.500000000, A.D. 2282-Apr-01 00:00:00.0000, 69.185648, 1.288049714553651E+00, 6.007866521295311E-01, -1.844495841612435E-02, -5.354022790743107E-03, 1.391101061425359E-02, 4.211118954652233E-04,
2554998.500000000, A.D. 2283-Apr-01 00:00:00.0000, 69.185642, -1.518879569740478E+00, -5.699659655998297E-01, 2.425190963441818E-02, 5.449864192658731E-03, -1.188652280492519E-02, -3.804736571822751E-04,
2555364.500000000, A.D. 2284-Apr-01 00:00:00.0000, 69.185629, 9.349830854880843E-01, 1.132261902307732E+00, 1.343712381426096E-03, -1.025953821180643E-02, 1.013601503950656E-02, 4.593117018405858E-04,
2555729.500000000, A.D. 2285-Apr-01 00:00:00.0000, 69.185616, -1.179765533757208E+00, -1.046446062598315E+00, 6.253223413426716E-03, 9.798176478372183E-03, -9.260373798340380E-03, -4.294296460805637E-04,
2556094.500000000, A.D. 2286-Apr-01 00:00:00.0000, 69.185619, 4.317848766080039E-01, 1.460663854627520E+00, 2.042758343788468E-02, -1.290786497871516E-02, 5.166353009854872E-03, 4.180091543904403E-04,
2556459.500000000, A.D. 2287-Apr-01 00:00:00.0000, 69.185618, -6.807651511900725E-01, -1.360760243218964E+00, -1.226341793845318E-02, 1.301596516140510E-02, -5.065207739134943E-03, -4.183351049285059E-04,
2556825.500000000, A.D. 2288-Apr-01 00:00:00.0000, 69.185623, -1.519941375301477E-01, 1.571303325452238E+00, 3.674428381928648E-02, -1.341575242386015E-02, -1.682743184606832E-04, 3.176888534374946E-04,
2557190.500000000, A.D. 2289-Apr-01 00:00:00.0000, 69.185628, -6.535870807846066E-02, -1.461084962906315E+00, -2.917514603087576E-02, 1.448221806063892E-02, 5.601843065840022E-04, -3.351516837522755E-04,
2557555.500000000, A.D. 2290-Apr-01 00:00:00.0000, 69.185631, -7.059881732821616E-01, 1.462960889155957E+00, 4.765880260381473E-02, -1.208457920220137E-02, -4.905666184231379E-03, 1.860598825951676E-04,
2557920.500000000, A.D. 2291-Apr-01 00:00:00.0000, 69.185638, 5.434645588256719E-01, -1.304270411512955E+00, -4.052615252644446E-02, 1.342891277547545E-02, 6.567903277486247E-03, -1.834412769206297E-04,
2558286.500000000, A.D. 2292-Apr-01 00:00:00.0000, 69.185643, -1.183877822325508E+00, 1.158793000417510E+00, 5.264892106768414E-02, -9.273345730538620E-03, -8.813102003189998E-03, 3.661035180107645E-05,
2558651.500000000, A.D. 2293-Apr-01 00:00:00.0000, 69.185640, 1.055149944525686E+00, -8.919745708572658E-01, -4.409243610485850E-02, 9.547652894636919E-03, 1.188497031581663E-02, 2.158997017181545E-05,
2559016.500000000, A.D. 2294-Apr-01 00:00:00.0000, 69.185641, -1.508461821937253E+00, 7.160808161375239E-01, 5.115902993794159E-02, -5.505170821464496E-03, -1.144038656970730E-02, -1.087910438032479E-04,
2559381.500000000, A.D. 2295-Apr-01 00:00:00.0000, 69.185630, 1.342022823752102E+00, -3.117655867927211E-01, -3.863638520480402E-02, 3.659139138325566E-03, 1.483845123929248E-02, 2.248593336077239E-04,
2559747.500000000, A.D. 2296-Apr-01 00:00:00.0000, 69.185617, -1.652803853410057E+00, 1.736072144600844E-01, 4.333323368222861E-02, -9.930840445954575E-04, -1.271221738524954E-02, -2.435721283261944E-04,
2560112.500000000, A.D. 2297-Apr-01 00:00:00.0000, 69.185610, 1.359132588655129E+00, 3.464857545317178E-01, -2.507505703678022E-02, -2.990497086481872E-03, 1.475173658263487E-02, 3.820849665282921E-04,
2560477.500000000, A.D. 2298-Apr-01 00:00:00.0000, 69.185607, -1.590462965564065E+00, -3.750818014571376E-01, 3.034551666765137E-02, 3.663077285266931E-03, -1.242322172664215E-02, -3.490857515993509E-04,
2560842.500000000, A.D. 2299-Apr-01 00:00:00.0000, 69.185612, 1.111630268177245E+00, 9.287326505977582E-01, -6.905283132985273E-03, -8.510878543679551E-03, 1.190403145121248E-02, 4.540053483582245E-04,
2561207.500000000, A.D. 2300-Apr-01 00:00:00.0000, 69.185616, -1.330335410056519E+00, -8.718619317168668E-01, 1.356691615263645E-02, 8.122602307055806E-03, -1.051951354911223E-02, -4.159216426985350E-04,
2561572.500000000, A.D. 2301-Apr-01 00:00:00.0000, 69.185620, 6.639381289831561E-01, 1.350938615291337E+00, 1.255490859054968E-02, -1.208434066253628E-02, 7.320567911422580E-03, 4.429211810099476E-04,
2561937.500000000, A.D. 2302-Apr-01 00:00:00.0000, 69.185632, -8.960147051983506E-01, -1.248672236321135E+00, -4.925593037225363E-03, 1.183907534866256E-02, -6.978498790043934E-03, -4.303167300778232E-04,
2562302.500000000, A.D. 2303-Apr-01 00:00:00.0000, 69.185639, 1.054652005090060E-01, 1.558942083832306E+00, 3.012622722574981E-02, -1.346767807575972E-02, 2.095094993356446E-03, 3.660529832585387E-04,
2562668.500000000, A.D. 2304-Apr-01 00:00:00.0000, 69.185643, -3.204701976063212E-01, -1.443841044203011E+00, -2.293086100464274E-02, 1.415141874479149E-02, -1.843062677276027E-03, -3.773427152050940E-04,
2563033.500000000, A.D. 2305-Apr-01 00:00:00.0000, 69.185646, -4.846289505886117E-01, 1.537814626707926E+00, 4.372311780465890E-02, -1.284005385802723E-02, -3.036948308855716E-03, 2.431374615970341E-04,
2563398.500000000, A.D. 2306-Apr-01 00:00:00.0000, 69.185641, 2.936650355046627E-01, -1.398156018553439E+00, -3.665932196121868E-02, 1.419514674686058E-02, 4.080473910427384E-03, -2.534598663496322E-04,
2563763.500000000, A.D. 2307-Apr-01 00:00:00.0000, 69.185630, -9.974135553652873E-01, 1.309519176248306E+00, 5.124609727786873E-02, -1.062487065362979E-02, -7.287362539732774E-03, 1.008045283704741E-04,
2564129.500000000, A.D. 2308-Apr-01 00:00:00.0000, 69.185622, 8.681736212636126E-01, -1.090288325207912E+00, -4.381758752742621E-02, 1.145325700849442E-02, 9.924773669239349E-03, -6.481096123077108E-05,
2564494.500000000, A.D. 2309-Apr-01 00:00:00.0000, 69.185611, -1.390877099673475E+00, 9.100247845138114E-01, 5.233278201022704E-02, -7.154762742731018E-03, -1.050424172658497E-02, -4.994661904805704E-05,
2564859.500000000, A.D. 2310-Apr-01 00:00:00.0000, 69.185614, 1.260410066223606E+00, -5.690371242502322E-01, -4.215941239551361E-02, 6.279745785715756E-03, 1.396292186615424E-02, 1.437305312327725E-04,
2565224.500000000, A.D. 2311-Apr-01 00:00:00.0000, 69.185619, -1.607403021501832E+00, 4.143820251989055E-01, 4.706412478558172E-02, -2.978173659683849E-03, -1.233918357580165E-02, -1.886166614103946E-04,
2565590.500000000, A.D. 2312-Apr-01 00:00:00.0000, 69.185623, 1.395472465720733E+00, 8.711372679899598E-02, -3.162565158035405E-02, -3.361379277582506E-04, 1.518727984212501E-02, 3.275674382638960E-04,
2565955.500000000, A.D. 2313-Apr-01 00:00:00.0000, 69.185630, -1.634989982661875E+00, -1.391846849948505E-01, 3.597749022182808E-02, 1.719706895185249E-03, -1.272285628270670E-02, -3.090469622609888E-04,
2566320.500000000, A.D. 2314-Apr-01 00:00:00.0000, 69.185635, 1.244617958959772E+00, 7.151047016632700E-01, -1.490249281430590E-02, -6.432852428627150E-03, 1.337196681834502E-02, 4.350692389131423E-04,
2566685.500000000, A.D. 2315-Apr-01 00:00:00.0000, 69.185639, -1.464646588559916E+00, -6.627592926548072E-01, 2.080426591385818E-02, 6.317462418304215E-03, -1.150889020861779E-02, -3.932484114799062E-04,
2567051.500000000, A.D. 2316-Apr-01 00:00:00.0000, 69.185646, 8.490878255031347E-01, 1.221054797328765E+00, 5.164838994033568E-03, -1.095944560564582E-02, 9.243994597600301E-03, 4.564271882301135E-04,
2567416.500000000, A.D. 2317-Apr-01 00:00:00.0000, 69.185641, -1.097015664756477E+00, -1.111452160998677E+00, 2.599601781631748E-03, 1.050704742575036E-02, -8.565224241556394E-03, -4.311449642112719E-04,
2567781.500000000, A.D. 2318-Apr-01 00:00:00.0000, 69.185638, 3.166709775905385E-01, 1.507844005318175E+00, 2.402750916648323E-02, -1.318124007956471E-02, 4.139707960815824E-03, 4.021976887243070E-04,
2568146.500000000, A.D. 2319-Apr-01 00:00:00.0000, 69.185627, -5.794484595291466E-01, -1.394235017516781E+00, -1.556883754154565E-02, 1.345050854005690E-02, -4.095859720664033E-03, -4.072270091365492E-04,
2568512.500000000, A.D. 2320-Apr-01 00:00:00.0000, 69.185612, -2.735676426617623E-01, 1.566310479351811E+00, 3.953524151004759E-02, -1.328802675184745E-02, -1.152594376061718E-03, 2.933179840710755E-04,
2568877.500000000, A.D. 2321-Apr-01 00:00:00.0000, 69.185605, 4.716954557598444E-02, -1.455017477446236E+00, -3.165585275474190E-02, 1.449413018804189E-02, 1.711770072043769E-03, -3.099754973745802E-04,
2569242.500000000, A.D. 2322-Apr-01 00:00:00.0000, 69.185605, -8.106446290421341E-01, 1.412131896698877E+00, 4.920874776054313E-02, -1.164230260782773E-02, -5.735082504700262E-03, 1.572903368271309E-04,
2569607.500000000, A.D. 2323-Apr-01 00:00:00.0000, 69.185606, 6.513414078133299E-01, -1.252137486236345E+00, -4.178445783703655E-02, 1.292047272903422E-02, 7.686921457361969E-03, -1.467087667152042E-04,
2569973.500000000, A.D. 2324-Apr-01 00:00:00.0000, 69.185614, -1.256392262208559E+00, 1.076124307592278E+00, 5.273192031743579E-02, -8.596912981464099E-03, -9.416426842896555E-03, 6.853287129679559E-06,
2570338.500000000, A.D. 2325-Apr-01 00:00:00.0000, 69.185617, 1.135408701791416E+00, -7.938667723227213E-01, -4.378919024657121E-02, 8.542414677370068E-03, 1.267639084530869E-02, 6.279319007847180E-05,
2570703.500000000, A.D. 2326-Apr-01 00:00:00.0000, 69.185626, -1.544493937177368E+00, 6.191559387991706E-01, 4.986915512603455E-02, -4.685538186099697E-03, -1.178340568972478E-02, -1.363959878663956E-04,
2571068.500000000, A.D. 2327-Apr-01 00:00:00.0000, 69.185634, 1.373266101539528E+00, -1.828288944658336E-01, -3.671081380193556E-02, 2.391788508991900E-03, 1.507995938191036E-02, 2.602428869580265E-04,
2571434.500000000, A.D. 2328-Apr-01 00:00:00.0000, 69.185636, -1.654556237233832E+00, 7.503427400766553E-02, 4.095185815765480E-02, -1.064663385688022E-04, -1.276971410987886E-02, -2.663186619430922E-04,
2571799.500000000, A.D. 2329-Apr-01 00:00:00.0000, 69.185638, 1.327763407802557E+00, 4.775963599161572E-01, -2.174116417959112E-02, -4.189981578321844E-03, 1.439044629655227E-02, 4.029714488162611E-04,
2572164.500000000, A.D. 2330-Apr-01 00:00:00.0000, 69.185633, -1.561978968299515E+00, -4.698218162991373E-01, 2.729145505449458E-02, 4.549278992435536E-03, -1.218762092674256E-02, -3.650264972825433E-04,
2572529.500000000, A.D. 2331-Apr-01 00:00:00.0000, 69.185620, 1.027968824480739E+00, 1.029732517724962E+00, -2.885924605467351E-03, -9.378067368225221E-03, 1.110944121256181E-02, 4.577836885139714E-04,
2572895.500000000, A.D. 2332-Apr-01 00:00:00.0000, 69.185613, -1.259990308887044E+00, -9.664146710004221E-01, 9.718980456149185E-03, 9.018856489691253E-03, -9.897512529630571E-03, -4.234627425305123E-04,
2573260.500000000, A.D. 2333-Apr-01 00:00:00.0000, 69.185606, 5.400527970907012E-01, 1.411184237847026E+00, 1.684772580707673E-02, -1.256310548937446E-02, 6.199687053076276E-03, 4.302266886310169E-04,
2573625.500000000, A.D. 2334-Apr-01 00:00:00.0000, 69.185610, -7.887951472017161E-01, -1.314515447458789E+00, -8.847362989233960E-03, 1.249177880803128E-02, -6.008105629092286E-03, -4.244994228582563E-04,
2573990.500000000, A.D. 2335-Apr-01 00:00:00.0000, 69.185617, -2.341768926651779E-02, 1.567095031786504E+00, 3.351986959359709E-02, -1.348414044272663E-02, 9.624841085724604E-04, 3.416703286384472E-04,
2574356.500000000, A.D. 2336-Apr-01 00:00:00.0000, 69.185622, -1.871682397375176E-01, -1.460590730251869E+00, -2.639158784120598E-02, 1.437550600569105E-02, -6.009695946156209E-04, -3.556363125079592E-04,
2574721.500000000, A.D. 2337-Apr-01 00:00:00.0000, 69.185628, -6.003277321803279E-01, 1.502002258557000E+00, 4.577041444527130E-02, -1.247418588532663E-02, -4.031615359271352E-03, 2.123399849049933E-04,
2575086.500000000, A.D. 2338-Apr-01 00:00:00.0000, 69.185637, 4.283881535133083E-01, -1.353134790678503E+00, -3.894605333313144E-02, 1.385173201429753E-02, 5.393275447676480E-03, -2.168681216101781E-04,
2575451.500000000, A.D. 2339-Apr-01 00:00:00.0000, 69.185640, -1.091499395714119E+00, 1.242151251495572E+00, 5.189150415141755E-02, -9.984077820375485E-03, -8.067619629518142E-03, 6.808678953599832E-05,
2575817.500000000, A.D. 2340-Apr-01 00:00:00.0000, 69.185645, 9.698644633067931E-01, -9.852052369475143E-01, -4.415750814122301E-02, 1.050277655786895E-02, 1.099360575810507E-02, -1.886756743550884E-05,
2576182.500000000, A.D. 2341-Apr-01 00:00:00.0000, 69.185643, -1.459248568201094E+00, 8.167473009067089E-01, 5.170790261092488E-02, -6.311996702001636E-03, -1.102478791159530E-02, -8.155864024699280E-05,
2576547.500000000, A.D. 2342-Apr-01 00:00:00.0000, 69.185635, 1.302941568395528E+00, -4.308699951134706E-01, -4.033090730188447E-02, 4.927793088738525E-03, 1.448207242266160E-02, 1.877142847030598E-04,
2576912.500000000, A.D. 2343-Apr-01 00:00:00.0000, 69.185625, -1.642826511627299E+00, 2.993484784227110E-01, 4.533390619875834E-02, -2.002814303907047E-03, -1.256664242644113E-02, -2.166577813998697E-04,
2577278.500000000, A.D. 2344-Apr-01 00:00:00.0000, 69.185613, 1.373446953337625E+00, 2.247535012930872E-01, -2.803840587290360E-02, -1.738529951753531E-03, 1.501761640290088E-02, 3.578632588955567E-04,
2577643.500000000, A.D. 2345-Apr-01 00:00:00.0000, 69.185607, -1.624766248935437E+00, -2.646908666068820E-01, 3.316348738906782E-02, 2.743128422322919E-03, -1.260434000937723E-02, -3.306252611043697E-04,
2578008.500000000, A.D. 2346-Apr-01 00:00:00.0000, 69.185610, 1.172144155437707E+00, 8.270921694506254E-01, -1.046142458685427E-02, -7.557609435921066E-03, 1.264373668309247E-02, 4.463164571229070E-04,
2578373.500000000, A.D. 2347-Apr-01 00:00:00.0000, 69.185611, -1.404303907933406E+00, -7.786974773293063E-01, 1.710183500350234E-02, 7.278719246709445E-03, -1.102487739014789E-02, -4.055982510158682E-04,
2578739.500000000, A.D. 2348-Apr-01 00:00:00.0000, 69.185618, 7.441527405720141E-01, 1.293160520673075E+00, 9.529543509286418E-03, -1.162517056103613E-02, 8.194156762524810E-03, 4.493794980295814E-04,
2579104.500000000, A.D. 2349-Apr-01 00:00:00.0000, 69.185623, -9.913847333869451E-01, -1.194390794890189E+00, -1.552167688313781E-03, 1.126927031853096E-02, -7.709741306437733E-03, -4.308897780472688E-04,
2579469.500000000, A.D. 2350-Apr-01 00:00:00.0000, 69.185628, 1.974606710354750E-01, 1.538039713626204E+00, 2.763996085904068E-02, -1.338314675499472E-02, 3.006867653583396E-03, 3.820048051199359E-04,
2579834.500000000, A.D. 2351-Apr-01 00:00:00.0000, 69.185634, -4.477918975075424E-01, -1.426172223651370E+00, -1.942799170649855E-02, 1.385593143898395E-02, -2.936391805128971E-03, -3.918210521016410E-04,
2580200.500000000, A.D. 2352-Apr-01 00:00:00.0000, 69.185635, -3.956619784111600E-01, 1.553950785801025E+00, 4.209333221750545E-02, -1.307805286569909E-02, -2.213111408450720E-03, 2.648793178861781E-04,
2580565.500000000, A.D. 2353-Apr-01 00:00:00.0000, 69.185631, 1.786786480053117E-01, -1.428925272516941E+00, -3.435488753065772E-02, 1.437187018594929E-02, 3.018832156439770E-03, -2.784653243021997E-04,
2580930.500000000, A.D. 2354-Apr-01 00:00:00.0000, 69.185625, -9.236836626593922E-01, 1.356445889230064E+00, 5.061455833042613E-02, -1.110421991311367E-02, -6.625095792267035E-03, 1.250292170607037E-04,
2581295.500000000, A.D. 2355-Apr-01 00:00:00.0000, 69.185609, 7.600836480210785E-01, -1.176434149872215E+00, -4.274234635308289E-02, 1.220844057280034E-02, 8.876390376330806E-03, -1.035023025022332E-04,
2581661.500000000, A.D. 2356-Apr-01 00:00:00.0000, 69.185601, -1.341500591383530E+00, 9.795977759272408E-01, 5.275420166119018E-02, -7.807767431176330E-03, -1.005260954549016E-02, -2.571714882832260E-05,
2582026.500000000, A.D. 2357-Apr-01 00:00:00.0000, 69.185598, 1.203793093667864E+00, -6.803981847002138E-01, -4.276270397599706E-02, 7.325652625292197E-03, 1.343478124926983E-02, 1.085702045113805E-04,
2582391.500000000, A.D. 2358-Apr-01 00:00:00.0000, 69.185601, -1.586373773211385E+00, 4.967746594429351E-01, 4.841831744952298E-02, -3.738339262941500E-03, -1.212011616445312E-02, -1.663854654968233E-04,
2582756.500000000, A.D. 2359-Apr-01 00:00:00.0000, 69.185609, 1.390424540957575E+00, -5.166784553699888E-02, -3.401343448081288E-02, 9.720694196770180E-04, 1.520719444876522E-02, 2.969799995698973E-04,
2583122.500000000, A.D. 2360-Apr-01 00:00:00.0000, 69.185616, -1.645584677613641E+00, -5.311785617139776E-02, 3.811948315616449E-02, 9.130344381755385E-04, -1.276689029978092E-02, -2.908610527353877E-04,
2583487.500000000, A.D. 2361-Apr-01 00:00:00.0000, 69.185621, 1.290173636269204E+00, 6.040746110731853E-01, -1.797201598175316E-02, -5.457939714262925E-03, 1.388361828215075E-02, 4.220756479090028E-04,
2583852.500000000, A.D. 2362-Apr-01 00:00:00.0000, 69.185632, -1.506812715443016E+00, -5.830938773492654E-01, 2.349415832533159E-02, 5.539169452850438E-03, -1.183141449233235E-02, -3.811791739158670E-04,
2584217.500000000, A.D. 2363-Apr-01 00:00:00.0000, 69.185636, 9.426091338324868E-01, 1.132031050463949E+00, 1.285879606129355E-03, -1.025790361530943E-02, 1.017082481882794E-02, 4.581263774730268E-04,
2584583.500000000, A.D. 2364-Apr-01 00:00:00.0000, 69.185639, -1.169599169693906E+00, -1.049811130078173E+00, 5.558969599877575E-03, 9.855818350025967E-03, -9.181347902470379E-03, -4.278278790020724E-04,
2584948.500000000, A.D. 2365-Apr-01 00:00:00.0000, 69.185638, 4.184656416008671E-01, 1.469891947548936E+00, 2.086829923283547E-02, -1.295668300743253E-02, 5.062394421911065E-03, 4.148579675630188E-04,
2585313.500000000, A.D. 2366-Apr-01 00:00:00.0000, 69.185630, -6.757485163270496E-01, -1.362312953200982E+00, -1.271765371256312E-02, 1.304674738464404E-02, -4.973817572017595E-03, -4.148836879137556E-04,
2585678.500000000, A.D. 2367-Apr-01 00:00:00.0000, 69.185618, -1.576940179989856E-01, 1.570544935469061E+00, 3.680075597467822E-02, -1.342635719532588E-02, -1.616951472782322E-04, 3.160376172524236E-04,
2586044.500000000, A.D. 2368-Apr-01 00:00:00.0000, 69.185611, -6.011938057068548E-02, -1.464901244229047E+00, -2.940489971448994E-02, 1.448566384972662E-02, 6.654791054506127E-04, -3.303168245448408E-04,
2586409.500000000, A.D. 2369-Apr-01 00:00:00.0000, 69.185605, -7.208839466804525E-01, 1.451521172697244E+00, 4.776179041900770E-02, -1.203820641591528E-02, -4.999266544885932E-03, 1.809303028615102E-04,
2586774.500000000, A.D. 2370-Apr-01 00:00:00.0000, 69.185611, 5.530406182642849E-01, -1.306812808639129E+00, -4.062093308133863E-02, 1.339301852528474E-02, 6.675612957390466E-03, -1.777935077189378E-04,
2587139.500000000, A.D. 2371-Apr-01 00:00:00.0000, 69.185615, -1.180193862228442E+00, 1.152794314397224E+00, 5.235589584157934E-02, -9.273283330731612E-03, -8.800464380971684E-03, 3.492041281948946E-05,
2587505.500000000, A.D. 2372-Apr-01 00:00:00.0000, 69.185619, 1.067580704940959E+00, -8.871283136089517E-01, -4.408426542330620E-02, 9.464659422321253E-03, 1.196990915499326E-02, 2.709769678841245E-05,
2587870.500000000, A.D. 2373-Apr-01 00:00:00.0000, 69.185626, -1.507015461387650E+00, 7.058182436103555E-01, 5.061693376822970E-02, -5.416873645416770E-03, -1.146723843902067E-02, -1.129624737840586E-04,
2588235.500000000, A.D. 2374-Apr-01 00:00:00.0000, 69.185632, 1.350129078930117E+00, -2.958897576391755E-01, -3.842083575150123E-02, 3.537863624821572E-03, 1.487709945632995E-02, 2.292511643757394E-04,
2588600.500000000, A.D. 2375-Apr-01 00:00:00.0000, 69.185636, -1.651174972348635E+00, 1.830385547233324E-01, 4.298121794930203E-02, -1.016961429685608E-03, -1.269917153521219E-02, -2.433267290766024E-04,
2588966.500000000, A.D. 2376-Apr-01 00:00:00.0000, 69.185639, 1.353205350062492E+00, 3.679217829875200E-01, -2.448521293944886E-02, -3.121193176734943E-03, 1.472725818928400E-02, 3.845027892865851E-04,
2589331.500000000, A.D. 2377-Apr-01 00:00:00.0000, 69.185632, -1.596153187899191E+00, -3.780472453762712E-01, 2.992917346469129E-02, 3.743389759448747E-03, -1.240292281742887E-02, -3.500047744671045E-04,
2589696.500000000, A.D. 2378-Apr-01 00:00:00.0000, 69.185623, 1.091515685490915E+00, 9.426560864212298E-01, -6.009723697433717E-03, -8.610796726109532E-03, 1.182506800609388E-02, 4.539380465600335E-04,
2590061.500000000, A.D. 2379-Apr-01 00:00:00.0000, 69.185609, -1.338023572858779E+00, -8.820703445883200E-01, 1.335613741774323E-02, 8.204989202275113E-03, -1.047417544232092E-02, -4.153353010473017E-04,
2590427.500000000, A.D. 2380-Apr-01 00:00:00.0000, 69.185598, 6.276480995832303E-01, 1.357672279370848E+00, 1.392084333199730E-02, -1.218869506642152E-02, 7.095210111843568E-03, 4.391502526195929E-04,
2590792.500000000, A.D. 2381-Apr-01 00:00:00.0000, 69.185598, -8.854272255858172E-01, -1.271776869672489E+00, -5.485814368651135E-03, 1.197836213208157E-02, -6.797047010750402E-03, -4.275891827648609E-04,
2591157.500000000, A.D. 2382-Apr-01 00:00:00.0000, 69.185601, 7.328523712292752E-02, 1.549755923903126E+00, 3.118423410390899E-02, -1.347273389743325E-02, 1.863750303285228E-03, 3.591372651270275E-04,
2591522.500000000, A.D. 2383-Apr-01 00:00:00.0000, 69.185605, -3.118109696212480E-01, -1.458480811802443E+00, -2.307855288499156E-02, 1.417883342508200E-02, -1.734695737379886E-03, -3.733018497900476E-04,
2591888.500000000, A.D. 2384-Apr-01 00:00:00.0000, 69.185613, -5.076678182534051E-01, 1.520443082187524E+00, 4.428079692854524E-02, -1.276704215390790E-02, -3.237596111713759E-03, 2.347137553724036E-04,
2592253.500000000, A.D. 2385-Apr-01 00:00:00.0000, 69.185617, 3.229176766768675E-01, -1.398806150377351E+00, -3.701084587415416E-02, 1.413693054988252E-02, 4.339732397045694E-03, -2.443533856581083E-04,
2592618.500000000, A.D. 2386-Apr-01 00:00:00.0000, 69.185625, -1.013586588334949E+00, 1.291036730568192E+00, 5.133106566831917E-02, -1.050262372887955E-02, -7.443437619332143E-03, 9.235257103848843E-05,
2592983.500000000, A.D. 2387-Apr-01 00:00:00.0000, 69.185630, 8.794125970362848E-01, -1.083380846011074E+00, -4.366695181323025E-02, 1.136912691874311E-02, 1.002297021267352E-02, -5.875807958899546E-05,
2593349.500000000, A.D. 2388-Apr-01 00:00:00.0000, 69.185629, -1.405635695070131E+00, 8.897717558315463E-01, 5.212148962038517E-02, -6.994126605541621E-03, -1.061590138010566E-02, -5.765951197849096E-05,
2593714.500000000, A.D. 2389-Apr-01 00:00:00.0000, 69.185628, 1.266496243897334E+00, -5.450889264841786E-01, -4.150177975265515E-02, 6.020932155066923E-03, 1.406979297159120E-02, 1.536612593089007E-04,
2594079.500000000, A.D. 2390-Apr-01 00:00:00.0000, 69.185620, -1.619815560159734E+00, 3.865353934591043E-01, 4.665689442645671E-02, -2.782127385426687E-03, -1.239865403784131E-02, -1.951189285076935E-04,
2594444.500000000, A.D. 2391-Apr-01 00:00:00.0000, 69.185607, 1.388257804733278E+00, 9.067502322045592E-02, -3.091144403717982E-02, -4.519191449846290E-04, 1.517145903450935E-02, 3.305081334823298E-04,
2594810.500000000, A.D. 2392-Apr-01 00:00:00.0000, 69.185604, -1.636351017153604E+00, -1.749817410431164E-01, 3.528420551040112E-02, 1.933830162223397E-03, -1.270792239455261E-02, -3.135955825763123E-04,
2595175.500000000, A.D. 2393-Apr-01 00:00:00.0000, 69.185603, 1.232032869392418E+00, 7.254273617639529E-01, -1.380309415989954E-02, -6.650705315792370E-03, 1.323853029567406E-02, 4.366475606443913E-04,
2595540.500000000, A.D. 2394-Apr-01 00:00:00.0000, 69.185608, -1.449022611873284E+00, -6.982238421172214E-01, 1.976144823112726E-02, 6.517630458380325E-03, -1.141094209066433E-02, -3.951719586635082E-04,
2595905.500000000, A.D. 2395-Apr-01 00:00:00.0000, 69.185616, 8.480126251924962E-01, 1.216767386059724E+00, 5.569367493882500E-03, -1.101976793347797E-02, 9.162688325936794E-03, 4.542331638870248E-04,
2596271.500000000, A.D. 2396-Apr-01 00:00:00.0000, 69.185620, -1.065866432274163E+00, -1.135405953930815E+00, 1.318876524655460E-03, 1.066076127501452E-02, -8.387152419369687E-03, -4.297849452535891E-04,
2596636.500000000, A.D. 2397-Apr-01 00:00:00.0000, 69.185628, 3.051354908217673E-01, 1.512013091127886E+00, 2.451953499167417E-02, -1.323732437387969E-02, 3.930354885608877E-03, 3.965575574226627E-04,
2597001.500000000, A.D. 2398-Apr-01 00:00:00.0000, 69.185636, -5.429794385980614E-01, -1.399208702373656E+00, -1.676741405562540E-02, 1.352506510244767E-02, -3.859881173140555E-03, -4.021528533681516E-04,
2597366.500000000, A.D. 2399-Apr-01 00:00:00.0000, 69.185637, -2.767385114563545E-01, 1.571479606136296E+00, 3.948784166088187E-02, -1.329114277739034E-02, -1.245296896221425E-03, 2.888627974771989E-04,
2597732.500000000, A.D. 2400-Apr-01 00:00:00.0000, 69.185641, 7.612616449844890E-02, -1.443420768959096E+00, -3.239207130081898E-02, 1.446157889989542E-02, 1.963541486554080E-03, -3.013636336454872E-04,
2598097.500000000, A.D. 2401-Apr-01 00:00:00.0000, 69.185633, -8.344579598085368E-01, 1.408496876050885E+00, 4.933990303559681E-02, -1.155313908773916E-02, -5.925359255398557E-03, 1.491558601008140E-04,
2598462.500000000, A.D. 2402-Apr-01 00:00:00.0000, 69.185621, 6.685012960601021E-01, -1.234107900189088E+00, -4.189881798932983E-02, 1.278218102891644E-02, 7.906329197536669E-03, -1.361178487394152E-04,
2598827.500000000, A.D. 2403-Apr-01 00:00:00.0000, 69.185610, -1.271267485564610E+00, 1.067748013345245E+00, 5.266958174835839E-02, -8.526326572043535E-03, -9.491555526667462E-03, 2.269458380300697E-06,
2599193.500000000, A.D. 2404-Apr-01 00:00:00.0000, 69.185600, 1.144327543198400E+00, -7.748717929028880E-01, -4.334684066039843E-02, 8.317265015091597E-03, 1.282089005467492E-02, 7.319870582439517E-05,
2599558.500000000, A.D. 2405-Apr-01 00:00:00.0000, 69.185601, -1.557071897630663E+00, 5.900985696687568E-01, 4.946507050187105E-02, -4.491476553559929E-03, -1.185997198040041E-02, -1.434654202869163E-04,
2599923.500000000, A.D. 2406-Apr-01 00:00:00.0000, 69.185607, 1.376744038974688E+00, -1.633145455069124E-01, -3.591955464638207E-02, 2.127287722620226E-03, 1.511938754092766E-02, 2.681868041783342E-04,
2600288.500000000, A.D. 2407-Apr-01 00:00:00.0000, 69.185608, -1.651815420486141E+00, 5.672037155918031E-02, 4.043927738329275E-02, -3.966057692013455E-06, -1.276489073488956E-02, -2.690423701926177E-04,
2600654.500000000, A.D. 2408-Apr-01 00:00:00.0000, 69.185617, 1.325065287171965E+00, 4.986190817532155E-01, -2.080750774605516E-02, -4.437152844596308E-03, 1.431719599416306E-02, 4.067604749924948E-04,
2601019.500000000, A.D. 2409-Apr-01 00:00:00.0000, 69.185622, -1.547515620741845E+00, -4.936435538371217E-01, 2.628708821952446E-02, 4.747186337947715E-03, -1.210952629592990E-02, -3.677792074406485E-04,
2601384.500000000, A.D. 2410-Apr-01 00:00:00.0000, 69.185626, 1.015195295602718E+00, 1.051904818285819E+00, -1.876266031196593E-03, -9.567704960943363E-03, 1.094491339870778E-02, 4.572363563445179E-04,
2601749.500000000, A.D. 2411-Apr-01 00:00:00.0000, 69.185630, -1.251665429816743E+00, -9.702806921150129E-01, 9.197744649374624E-03, 9.082314091779861E-03, -9.825795746581321E-03, -4.221582750863384E-04,
2602115.500000000, A.D. 2412-Apr-01 00:00:00.0000, 69.185627, 5.131465767773896E-01, 1.426886811215358E+00, 1.794279323044071E-02, -1.266514348413318E-02, 5.975435109147921E-03, 4.259454376184027E-04,
2602480.500000000, A.D. 2413-Apr-01 00:00:00.0000, 69.185621, -7.733054463558590E-01, -1.323780595695123E+00, -9.511890934803957E-03, 1.259255360168791E-02, -5.813615925183781E-03, -4.205276340309930E-04,
2602845.500000000, A.D. 2414-Apr-01 00:00:00.0000, 69.185612, -5.824924796970000E-02, 1.565877505917255E+00, 3.452653314863344E-02, -1.348834850001870E-02, 7.256508362531789E-04, 3.348305164075385E-04,
2603210.500000000, A.D. 2415-Apr-01 00:00:00.0000, 69.185597, -1.840627161141326E-01, -1.468923692281807E+00, -2.640128146337806E-02, 1.438763544699566E-02, -5.004380877449188E-04, -3.510515538944323E-04,
2603576.500000000, A.D. 2416-Apr-01 00:00:00.0000, 69.185594, -6.298866292611515E-01, 1.481915309187865E+00, 4.637510760478143E-02, -1.238834434037026E-02, -4.238361468405134E-03, 2.039529011924504E-04,
2603941.500000000, A.D. 2417-Apr-01 00:00:00.0000, 69.185597, 4.517078881829487E-01, -1.357763103938245E+00, -3.907969580664655E-02, 1.378280353291114E-02, 5.640500829638997E-03, -2.074162093627570E-04,
2604306.500000000, A.D. 2418-Apr-01 00:00:00.0000, 69.185601, -1.106737372289424E+00, 1.211413021035859E+00, 5.190414750468752E-02, -9.833216320968065E-03, -8.220275051650652E-03, 5.927051274673745E-05,
2604671.500000000, A.D. 2419-Apr-01 00:00:00.0000, 69.185609, 9.861960466147520E-01, -9.900720845611354E-01, -4.409977751482513E-02, 1.043260010945273E-02, 1.108617691139119E-02, -1.340128072457336E-05,
2605037.500000000, A.D. 2420-Apr-01 00:00:00.0000, 69.185615, -1.459134820403990E+00, 7.860268110721431E-01, 5.111516106400551E-02, -6.124045664930017E-03, -1.110902386748477E-02, -8.951778991975327E-05,