2458940.500000000, A.D. 2020-Apr-01 00:00:00.0000, 69.185679, 4.042742024418485E-05, -4.546722500822927E-01, -3.812047813936255E-02, 2.248156065054594E-02, 1.720136583079874E-03, -1.922060129176916E-03,
2459305.500000000, A.D. 2021-Apr-01 00:00:00.0000, 69.185671, 2.640982399439604E-01, -3.155299008934878E-01, -5.099441421292635E-02, 1.588531587280879E-02, 1.950785854255973E-02, 1.371223963204315E-04,
2459670.500000000, A.D. 2022-Apr-01 00:00:00.0000, 69.185661, 3.408828076751154E-01, 2.141892090216513E-02, -3.035395269277057E-02, -6.949538757185612E-03, 2.934267606859622E-02, 3.035925017868240E-03,
2460035.500000000, A.D. 2023-Apr-01 00:00:00.0000, 69.185650, 5.236287359319811E-02, 3.000443435014791E-01, 1.916926344079544E-02, -3.320715066946640E-02, 6.653906022299020E-03, 3.590591108640757E-03,
2460401.500000000, A.D. 2024-Apr-01 00:00:00.0000, 69.185640, -3.402594646871900E-01, 1.257383203080043E-01, 4.129032039449157E-02, -1.598667703094012E-02, -2.503512359732442E-02, -5.785842970001357E-04,
2460766.500000000, A.D. 2025-Apr-01 00:00:00.0000, 69.185634, -3.790951696587870E-01, -2.157281125408160E-01, 1.726819505120082E-02, 8.016549112701880E-03, -2.328900582794801E-02, -2.637756116848355E-03,
2461131.500000000, A.D. 2026-Apr-01 00:00:00.0000, 69.185633, -1.773421547829261E-01, -4.359634714847644E-01, -1.901898304106579E-02, 2.041445877818835E-02, -9.207361230985893E-03, -2.624413477934084E-03,
2461496.500000000, A.D. 2027-Apr-01 00:00:00.0000, 69.185639, 1.128986793672004E-01, -4.414849142574681E-01, -4.601239025663467E-02, 2.159990427953971E-02, 8.489907676599257E-03, -1.287173673957918E-03,
2461862.500000000, A.D. 2028-Apr-01 00:00:00.0000, 69.185649, 3.442088660134913E-01, -1.886845415387722E-01, -4.662179954063830E-02, 7.889621756529205E-03, 2.602644879291728E-02, 1.403168394791968E-03,
2462227.500000000, A.D. 2029-Apr-01 00:00:00.0000, 69.185650, 2.674367527420858E-01, 1.807242486699426E-01, -9.543736652795013E-03, -2.137187257330587E-02, 2.446835384924425E-02, 3.959257979993859E-03,
2462592.500000000, A.D. 2030-Apr-01 00:00:00.0000, 69.185655, -1.334962964777016E-01, 2.878219015956331E-01, 3.577878745706789E-02, -3.116486280458255E-02, -1.081609693330189E-02, 1.973546072830112E-03,
2462957.500000000, A.D. 2031-Apr-01 00:00:00.0000, 69.185663, -3.873846896256829E-01, 1.869131657370530E-03, 3.550937327642267E-02, -5.896012040664885E-03, -2.692680590443223E-02, -1.660424512212481E-03,
2463323.500000000, A.D. 2032-Apr-01 00:00:00.0000, 69.185666, -3.083173474316641E-01, -3.313046863619235E-01, 9.249006212918672E-04, 1.500399677843345E-02, -1.773905850936610E-02, -2.825862381266310E-03,
2463688.500000000, A.D. 2033-Apr-01 00:00:00.0000, 69.185663, -5.265430115032438E-02, -4.628508440644200E-01, -3.324543838436902E-02, 2.233805148011816E-02, -1.471768370944953E-03, -2.168405929189327E-03,
2464053.500000000, A.D. 2034-Apr-01 00:00:00.0000, 69.185653, 2.263276068189332E-01, -3.662105030530063E-01, -5.076075402973665E-02, 1.810844211512233E-02, 1.649470380074279E-02, -3.116528506608196E-04,
2464418.500000000, A.D. 2035-Apr-01 00:00:00.0000, 69.185643, 3.555204897011438E-01, -5.534460347781876E-02, -3.692632064919841E-02, -1.578551807785152E-03, 2.911875792182195E-02, 2.525604863089544E-03,
2464784.500000000, A.D. 2036-Apr-01 00:00:00.0000, 69.185639, 1.033294143445536E-01, 2.818360124210146E-01, 1.405555584718031E-02, -3.206607946964552E-02, 1.068564189388878E-02, 3.814381813941213E-03,
2465149.500000000, A.D. 2037-Apr-01 00:00:00.0000, 69.185633, -2.883679336381691E-01, 1.774724341227359E-01, 4.166972763225772E-02, -2.090638405538059E-02, -2.253180379921212E-02, 7.567704943334525E-05,
2465514.500000000, A.D. 2038-Apr-01 00:00:00.0000, 69.185634, -3.846849904937058E-01, -1.606480698842368E-01, 2.296041234415515E-02, 4.553515350415861E-03, -2.493496221855859E-02, -2.455603267735131E-03,
2465879.500000000, A.D. 2039-Apr-01 00:00:00.0000, 69.185644, -2.149204657074286E-01, -4.098284545088586E-01, -1.303223503669355E-02, 1.903522998259301E-02, -1.210689888248325E-02, -2.735225096277248E-03,
2466245.500000000, A.D. 2040-Apr-01 00:00:00.0000, 69.185651, 9.096010325961604E-02, -4.484211620362106E-01, -4.443112474027065E-02, 2.200879951405599E-02, 6.637967307187445E-03, -1.475891163814236E-03,
2466610.500000000, A.D. 2041-Apr-01 00:00:00.0000, 69.185656, 3.269164220809156E-01, -2.424722467858773E-01, -4.952406999900207E-02, 1.149914720187131E-02, 2.369055213841399E-02, 8.814216914522278E-04,
2466975.500000000, A.D. 2042-Apr-01 00:00:00.0000, 69.185664, 3.144862328134813E-01, 1.246082069033371E-01, -1.870751319858280E-02, -1.567919777913995E-02, 2.747005312844391E-02, 3.682074319960002E-03,
2467340.500000000, A.D. 2043-Apr-01 00:00:00.0000, 69.185670, -5.583283054362077E-02, 3.103490350221383E-01, 3.013055881609129E-02, -3.329300202700274E-02, -4.231736897429632E-03, 2.705528722204190E-03,
2467706.500000000, A.D. 2044-Apr-01 00:00:00.0000, 69.185677, -3.769656950650875E-01, 4.190303286660232E-02, 3.743185868785352E-02, -8.575471066905729E-03, -2.680017738384807E-02, -1.405033056252569E-03,
2468071.500000000, A.D. 2045-Apr-01 00:00:00.0000, 69.185671, -3.403779695452251E-01, -2.839198780236424E-01, 7.399182581721243E-03, 1.251607522664314E-02, -2.014326563671702E-02, -2.793877785173222E-03,
2468436.500000000, A.D. 2046-Apr-01 00:00:00.0000, 69.185658, -1.040548300559490E-01, -4.534682255007246E-01, -2.800620837141953E-02, 2.183537277789756E-02, -4.607274429347205E-03, -2.377682136864626E-03,
2468801.500000000, A.D. 2047-Apr-01 00:00:00.0000, 69.185650, 1.827161235037595E-01, -3.990651215427830E-01, -4.960703392508691E-02, 1.983484683280302E-02, 1.336015219457834E-02, -7.251799233755883E-04,
2469167.500000000, A.D. 2048-Apr-01 00:00:00.0000, 69.185642, 3.569656354076122E-01, -9.138883554281488E-02, -4.014878684850676E-02, 1.265458519894499E-03, 2.857392457023404E-02, 2.220711539574520E-03,
2469532.500000000, A.D. 2049-Apr-01 00:00:00.0000, 69.185637, 1.758591989663454E-01, 2.527260608589948E-01, 4.808936825495304E-03, -2.876239282043913E-02, 1.709780430162570E-02, 4.034613686770011E-03,
2469897.500000000, A.D. 2050-Apr-01 00:00:00.0000, 69.185640, -2.337953990214175E-01, 2.306125288965537E-01, 4.066003771940550E-02, -2.554408559053737E-02, -1.881742270950171E-02, 8.029756771477009E-04,
2470262.500000000, A.D. 2051-Apr-01 00:00:00.0000, 69.185645, -3.922794157137620E-01, -9.579041585542102E-02, 2.847627499289051E-02, 6.870651611238104E-04, -2.615580313460629E-02, -2.201612257473441E-03,
2470628.500000000, A.D. 2052-Apr-01 00:00:00.0000, 69.185654, -2.429724598036964E-01, -3.878007741616427E-01, -9.222897482208130E-03, 1.808469254364366E-02, -1.371662050215288E-02, -2.779422395310828E-03,
2470993.500000000, A.D. 2053-Apr-01 00:00:00.0000, 69.185656, 3.400793942216473E-02, -4.564509106643069E-01, -4.043444959246178E-02, 2.241844873792811E-02, 3.397293791118234E-03, -1.777500577043031E-03,
2471358.500000000, A.D. 2054-Apr-01 00:00:00.0000, 69.185658, 2.901032719295941E-01, -2.928073729468333E-01, -5.075238822302825E-02, 1.452842967066210E-02, 2.100234399220265E-02, 3.850848593098940E-04,
2471723.500000000, A.D. 2055-Apr-01 00:00:00.0000, 69.185666, 3.374415766635007E-01, 5.799568986921594E-02, -2.658192700903525E-02, -9.879124363751313E-03, 2.903391844124531E-02, 3.278848639890339E-03,
2472089.500000000, A.D. 2056-Apr-01 00:00:00.0000, 69.185668, -1.752166910933873E-02, 3.105871931132802E-01, 2.653902533716418E-02, -3.376107362276532E-02, -1.697441372652248E-04, 3.080002474706379E-03,
2472454.500000000, A.D. 2057-Apr-01 00:00:00.0000, 69.185658, -3.567526452352641E-01, 9.869520091891854E-02, 4.039282655508916E-02, -1.343095838658486E-02, -2.589732819378823E-02, -8.862243565917171E-04,
2472819.500000000, A.D. 2058-Apr-01 00:00:00.0000, 69.185649, -3.697774018120389E-01, -2.409618577901010E-01, 1.405662306522553E-02, 9.653867928277588E-03, -2.229977199993158E-02, -2.707156787293291E-03,
2473184.500000000, A.D. 2059-Apr-01 00:00:00.0000, 69.185637, -1.549879738343889E-01, -4.464764323849501E-01, -2.208876635451585E-02, 2.099152527301502E-02, -7.664456480512470E-03, -2.549245924280215E-03,
2473550.500000000, A.D. 2060-Apr-01 00:00:00.0000, 69.185633, 1.572878731900537E-01, -4.225828224237991E-01, -4.839925547764510E-02, 2.062017542178311E-02, 1.153444653006511E-02, -9.454418290123152E-04,
2473915.500000000, A.D. 2061-Apr-01 00:00:00.0000, 69.185630, 3.520512506155464E-01, -1.620932395985760E-01, -4.467874815273049E-02, 5.787785252062486E-03, 2.704528106501410E-02, 1.681689949959642E-03,
2474280.500000000, A.D. 2062-Apr-01 00:00:00.0000, 69.185630, 2.423584172251388E-01, 2.024749415090228E-01, -4.692845238178858E-03, -2.411674868030330E-02, 2.232682955017606E-02, 4.035451682475133E-03,
2474645.500000000, A.D. 2063-Apr-01 00:00:00.0000, 69.185640, -1.646159964458906E-01, 2.668178592230699E-01, 3.782141912821015E-02, -2.951532753217722E-02, -1.384238088320196E-02, 1.572004481252352E-03,
2475011.500000000, A.D. 2064-Apr-01 00:00:00.0000, 69.185649, -3.874372712526011E-01, -6.151358882989461E-02, 3.121241761543552E-02, -1.699056299217686E-03, -2.661651022556067E-02, -2.021487807769019E-03,
2475376.500000000, A.D. 2065-Apr-01 00:00:00.0000, 69.185651, -2.795032673822928E-01, -3.529577911349173E-01, -2.776363528646267E-03, 1.615242240932131E-02, -1.640458771162623E-02, -2.822158118328235E-03,
2475741.500000000, A.D. 2066-Apr-01 00:00:00.0000, 69.185660, -1.552793163813103E-02, -4.608480578000938E-01, -3.608042059987593E-02, 2.245683567896926E-02, 1.880725065547274E-04, -2.042815155916455E-03,
2476106.500000000, A.D. 2067-Apr-01 00:00:00.0000, 69.185668, 2.557855069837872E-01, -3.389562013165963E-01, -5.122502694120856E-02, 1.701178886612393E-02, 1.808132625683336E-02, -8.045498797775329E-05,
2476472.500000000, A.D. 2068-Apr-01 00:00:00.0000, 69.185671, 3.512983954273334E-01, 1.802488635085601E-02, -3.093434288568079E-02, -6.643031484641844E-03, 2.935698314804241E-02, 3.009070898540842E-03,
2476837.500000000, A.D. 2069-Apr-01 00:00:00.0000, 69.185665, 6.462030554620829E-02, 3.014694124197602E-01, 1.849970112027599E-02, -3.312772437714158E-02, 7.060487946341718E-03, 3.612270103408882E-03,
2477202.500000000, A.D. 2070-Apr-01 00:00:00.0000, 69.185652, -3.149217300791914E-01, 1.565032801882650E-01, 4.154576852727828E-02, -1.838664252406628E-02, -2.398024305349877E-02, -2.763311958637051E-04,
2477567.500000000, A.D. 2071-Apr-01 00:00:00.0000, 69.185643, -3.828587277783405E-01, -1.862502095157120E-01, 1.995886384189060E-02, 6.397778418941415E-03, -2.413902642165152E-02, -2.559574194857422E-03,
2477933.500000000, A.D. 2072-Apr-01 00:00:00.0000, 69.185641, -1.762892095275063E-01, -4.328392062732683E-01, -1.890876575407031E-02, 2.034974107479083E-02, -9.367802186088878E-03, -2.629662612167909E-03,
2478298.500000000, A.D. 2073-Apr-01 00:00:00.0000, 69.185635, 1.138333824174905E-01, -4.413237713630484E-01, -4.603797740540082E-02, 2.164210073027957E-02, 8.313065449452695E-03, -1.302251859789978E-03,
2478663.500000000, A.D. 2074-Apr-01 00:00:00.0000, 69.185641, 3.385306651904349E-01, -2.165184189036886E-01, -4.822304254424693E-02, 9.705735158731474E-03, 2.494430022065580E-02, 1.150939484933442E-03,
2479028.500000000, A.D. 2075-Apr-01 00:00:00.0000, 69.185650, 2.951561905634937E-01, 1.534031299207405E-01, -1.412274014340103E-02, -1.865202064627250E-02, 2.610336372119629E-02, 3.842747252872409E-03,
2479394.500000000, A.D. 2076-Apr-01 00:00:00.0000, 69.185656, -1.236978520789054E-01, 2.916127191805591E-01, 3.530726190801099E-02, -3.132623029561530E-02, -1.046741005410142E-02, 2.012253715258107E-03,
2479759.500000000, A.D. 2077-Apr-01 00:00:00.0000, 69.185662, -3.807716850615266E-01, 9.295485382206762E-03, 3.546600470274308E-02, -6.148583862254189E-03, -2.692741659690821E-02, -1.640109781320926E-03,
2480124.500000000, A.D. 2078-Apr-01 00:00:00.0000, 69.185665, -3.193253066893640E-01, -3.048372303234443E-01, 3.855564398643975E-03, 1.385387408646428E-02, -1.891838105937889E-02, -2.816909913177626E-03,
2480489.500000000, A.D. 2079-Apr-01 00:00:00.0000, 69.185670, -7.401816343313264E-02, -4.527506753214764E-01, -3.092410232048813E-02, 2.213340861956202E-02, -2.982226643013521E-03, -2.271381732091838E-03,
2480855.500000000, A.D. 2080-Apr-01 00:00:00.0000, 69.185674, 2.251789361725250E-01, -3.595653289248197E-01, -5.078293583826479E-02, 1.820136839542933E-02, 1.632678482011093E-02, -3.314206272418495E-04,
2481220.500000000, A.D. 2081-Apr-01 00:00:00.0000, 69.185660, 3.537885637158604E-01, -5.043217395571837E-02, -3.718647107000514E-02, -1.306927313820893E-03, 2.906883562914643E-02, 2.497829051126642E-03,
2481585.500000000, A.D. 2082-Apr-01 00:00:00.0000, 69.185649, 1.340203914566206E-01, 2.751207713588518E-01, 9.811070932386519E-03, -3.066950588659212E-02, 1.390010264482805E-02, 3.946326568770171E-03,
2481950.500000000, A.D. 2083-Apr-01 00:00:00.0000, 69.185640, -2.702592282368272E-01, 2.066748306326169E-01, 4.156678589321302E-02, -2.320901804520441E-02, -2.090870199058736E-02, 4.159344698450526E-04,
2482316.500000000, A.D. 2084-Apr-01 00:00:00.0000, 69.185633, -3.927538819764577E-01, -1.559183964380789E-01, 2.345499018758388E-02, 4.355679410544442E-03, -2.502736989088485E-02, -2.445259182448969E-03,
2482681.500000000, A.D. 2085-Apr-01 00:00:00.0000, 69.185632, -2.242172955480721E-01, -4.096636507457067E-01, -1.249004446386171E-02, 1.895641330150245E-02, -1.226745699623409E-02, -2.738726150389695E-03,
2483046.500000000, A.D. 2086-Apr-01 00:00:00.0000, 69.185633, 6.065806855291213E-02, -4.586402273493684E-01, -4.247019010943918E-02, 2.225878799277552E-02, 5.073155553918869E-03, -1.622970617149668E-03,
2483411.500000000, A.D. 2087-Apr-01 00:00:00.0000, 69.185639, 3.097742403993022E-01, -2.734637207385126E-01, -5.016010862956605E-02, 1.303325054156137E-02, 2.242702551624479E-02, 6.410266834640644E-04,
2483777.500000000, A.D. 2088-Apr-01 00:00:00.0000, 69.185648, 3.154092702246017E-01, 1.156437780269077E-01, -1.898762419855450E-02, -1.534796468722069E-02, 2.758761530105796E-02, 3.661533075157924E-03,
2484142.500000000, A.D. 2089-Apr-01 00:00:00.0000, 69.185648, -5.060547093683894E-02, 3.059754420924057E-01, 2.988766616120568E-02, -3.336258438157525E-02, -3.839509964558996E-03, 2.739884637873652E-03,
2484507.500000000, A.D. 2090-Apr-01 00:00:00.0000, 69.185655, -3.637534285606664E-01, 6.823921595201125E-02, 3.889909457522420E-02, -1.089331832211188E-02, -2.647959359605458E-02, -1.169405350820939E-03,
2484872.500000000, A.D. 2091-Apr-01 00:00:00.0000, 69.185664, -3.509749360772228E-01, -2.629262578862941E-01, 1.048658556189088E-02, 1.118633742906688E-02, -2.121268395881595E-02, -2.759749305892192E-03,
2485238.500000000, A.D. 2092-Apr-01 00:00:00.0000, 69.185663, -1.044088965741263E-01, -4.539675870091355E-01, -2.774954731072374E-02, 2.179655263527427E-02, -4.769293637766347E-03, -2.385486490165474E-03,
2485603.500000000, A.D. 2093-Apr-01 00:00:00.0000, 69.185656, 1.815936626487392E-01, -4.013556074931279E-01, -4.951994597849169E-02, 1.990717514195670E-02, 1.318708933296036E-02, -7.430593836165318E-04,
2485968.500000000, A.D. 2094-Apr-01 00:00:00.0000, 69.185643, 3.546892619663293E-01, -1.244070032166452E-01, -4.247818014215700E-02, 3.514830815148185E-03, 2.790875289683965E-02, 1.962286226631730E-03,
2486333.500000000, A.D. 2095-Apr-01 00:00:00.0000, 69.185634, 2.074185096610999E-01, 2.295082174346997E-01, 2.418975638961593E-04, -2.665140863877298E-02, 1.978814926023185E-02, 4.059384534195096E-03,
2486699.500000000, A.D. 2096-Apr-01 00:00:00.0000, 69.185635, -2.295559541539663E-01, 2.294470441048017E-01, 4.048147076361350E-02, -2.579007361982739E-02, -1.857930074222187E-02, 8.412247625695138E-04,
2487064.500000000, A.D. 2097-Apr-01 00:00:00.0000, 69.185631, -3.899416462472937E-01, -9.692495599388400E-02, 2.858916712819586E-02, 4.717920324537425E-04, -2.621534690990807E-02, -2.187865259403624E-03,
2487429.500000000, A.D. 2098-Apr-01 00:00:00.0000, 69.185637, -2.584171095016289E-01, -3.761526772076200E-01, -6.318391443962252E-03, 1.720886717609325E-02, -1.503052813284608E-02, -2.805181978697266E-03,
2487794.500000000, A.D. 2099-Apr-01 00:00:00.0000, 69.185649, 1.521141161574079E-02, -4.630373199595136E-01, -3.864273248819572E-02, 2.248714356558956E-02, 1.853599793499753E-03, -1.907219250473156E-03,
2488159.500000000, A.D. 2100-Apr-01 00:00:00.0000, 69.185652, 2.811259730672931E-01, -3.175632855564531E-01, -5.135899958651920E-02, 1.579039095143267E-02, 1.962349085494410E-02, 1.594729536713812E-04,
2488524.500000000, A.D. 2101-Apr-01 00:00:00.0000, 69.185658, 3.560717575916671E-01, 2.558451295695331E-02, -3.047488084139568E-02, -7.144626132186130E-03, 2.933503841383343E-02, 3.053249045912698E-03,
2488889.500000000, A.D. 2102-Apr-01 00:00:00.0000, 69.185665, 6.313157885738317E-02, 3.073381997469207E-01, 1.907163298138656E-02, -3.326624706707062E-02, 6.428375655740521E-03, 3.569807039938272E-03,
2489254.500000000, A.D. 2103-Apr-01 00:00:00.0000, 69.185667, -3.156654088730755E-01, 1.583481691851271E-01, 4.131344476980993E-02, -1.795353370987688E-02, -2.419798108214425E-02, -3.373250852122108E-04,
2489620.500000000, A.D. 2104-Apr-01 00:00:00.0000, 69.185670, -3.744888396956579E-01, -2.071217616396356E-01, 1.669656872255395E-02, 8.128644832713463E-03, -2.323050373878488E-02, -2.644765573882649E-03,
2489985.500000000, A.D. 2105-Apr-01 00:00:00.0000, 69.185656, -1.760203466991961E-01, -4.280296963576610E-01, -1.947402288785618E-02, 2.045194823327781E-02, -9.103062386480549E-03, -2.616115943400102E-03,
2490350.500000000, A.D. 2106-Apr-01 00:00:00.0000, 69.185643, 1.117383229278706E-01, -4.355539731462342E-01, -4.621487139850716E-02, 2.155872477161782E-02, 8.599133118608800E-03, -1.268508969774391E-03,
2490715.500000000, A.D. 2107-Apr-01 00:00:00.0000, 69.185638, 3.329879149043143E-01, -2.109290961933407E-01, -4.780457828604628E-02, 9.372120612295436E-03, 2.513997242786144E-02, 1.200323073242327E-03,
2491081.500000000, A.D. 2108-Apr-01 00:00:00.0000, 69.185634, 2.642670571370750E-01, 1.807014859074517E-01, -9.216325543623125E-03, -2.154325821696721E-02, 2.432929214342907E-02, 3.962796202776456E-03,
2491446.500000000, A.D. 2109-Apr-01 00:00:00.0000, 69.185633, -1.343446458533354E-01, 2.835816957415325E-01, 3.583063367454905E-02, -3.106775016990693E-02, -1.102409145188282E-02, 1.940931040401946E-03,
2491811.500000000, A.D. 2110-Apr-01 00:00:00.0000, 69.185639, -3.829457885318114E-01, -3.265112882711637E-03, 3.512582690742242E-02, -5.724382300621856E-03, -2.693485748750885E-02, -1.680490710731426E-03,
2492176.500000000, A.D. 2111-Apr-01 00:00:00.0000, 69.185642, -3.140473582963260E-01, -3.152680528521613E-01, 3.184519419780359E-03, 1.408904988469249E-02, -1.869676263086375E-02, -2.819613903453971E-03,
2492542.500000000, A.D. 2112-Apr-01 00:00:00.0000, 69.185653, -4.212211897669391E-02, -4.599578027331838E-01, -3.373186681520423E-02, 2.234879802886663E-02, -1.339903652969274E-03, -2.155104813294318E-03,
2492907.500000000, A.D. 2113-Apr-01 00:00:00.0000, 69.185653, 2.352898179422017E-01, -3.578402646455394E-01, -5.098364914150367E-02, 1.802144211443038E-02, 1.661402605699653E-02, -2.898206160561405E-04,
2493272.500000000, A.D. 2114-Apr-01 00:00:00.0000, 69.185656, 3.594743818183410E-01, -4.301452567399208E-02, -3.677623712965775E-02, -1.770374598600630E-03, 2.913617976017917E-02, 2.545975452542955E-03,
2493637.500000000, A.D. 2115-Apr-01 00:00:00.0000, 69.185663, 1.317729786506788E-01, 2.817246070348825E-01, 1.053129699697133E-02, -3.096287955528089E-02, 1.332790017302040E-02, 3.923377237079680E-03,
2494003.500000000, A.D. 2116-Apr-01 00:00:00.0000, 69.185658, -2.955919580683994E-01, 1.850646579587466E-01, 4.176078540337919E-02, -2.076030374351907E-02, -2.265454742160914E-02, 4.553188160584042E-05,
2494368.500000000, A.D. 2117-Apr-01 00:00:00.0000, 69.185645, -3.934413176544824E-01, -1.573412417722733E-01, 2.288598951980626E-02, 4.684225967830272E-03, -2.490446393781235E-02, -2.466045414369457E-03,
2494733.500000000, A.D. 2118-Apr-01 00:00:00.0000, 69.185635, -2.236159901535567E-01, -4.107856847517923E-01, -1.307743283780966E-02, 1.909736367785599E-02, -1.201464294224560E-02, -2.729436203714988E-03,
2495098.500000000, A.D. 2119-Apr-01 00:00:00.0000, 69.185624, 6.181368678709159E-02, -4.590669213910656E-01, -4.278731970624987E-02, 2.221895081645917E-02, 5.361596976930896E-03, -1.592821910526635E-03,
2495464.500000000, A.D. 2120-Apr-01 00:00:00.0000, 69.185625, 3.225158465528516E-01, -2.496299690512071E-01, -4.919829785268171E-02, 1.138405222259986E-02, 2.376356422186347E-02, 9.042310589656187E-04,
2495829.500000000, A.D. 2121-Apr-01 00:00:00.0000, 69.185624, 3.127920531346230E-01, 1.157359465932738E-01, -1.823950481653908E-02, -1.585724800050804E-02, 2.738103774506780E-02, 3.691769066408536E-03,
2496194.500000000, A.D. 2122-Apr-01 00:00:00.0000, 69.185628, -5.373412532506033E-02, 2.994761499322500E-01, 3.033147189726062E-02, -3.324054953175882E-02, -4.458348060179523E-03, 2.675399222583527E-03,
2496559.500000000, A.D. 2123-Apr-01 00:00:00.0000, 69.185641, -3.592549550207809E-01, 5.854309247403924E-02, 3.841242491388566E-02, -1.044941758546199E-02, -2.655502203287257E-02, -1.218336246208239E-03,
2496925.500000000, A.D. 2124-Apr-01 00:00:00.0000, 69.185648, -3.277229670957848E-01, -2.892599942902592E-01, 6.805153910251855E-03, 1.262517337006856E-02, -2.004922043388870E-02, -2.796641351576153E-03,
2497290.500000000, A.D. 2125-Apr-01 00:00:00.0000, 69.185652, -9.035381794195740E-02, -4.526387725831363E-01, -2.858283421294303E-02, 2.185797903262601E-02, -4.475555761019312E-03, -2.366375794567556E-03,
2497655.500000000, A.D. 2126-Apr-01 00:00:00.0000, 69.185662, 1.940137270620962E-01, -3.925560545266290E-01, -4.995913454925152E-02, 1.976288500722433E-02, 1.348345447741023E-02, -7.045600772532993E-04,
2498020.500000000, A.D. 2127-Apr-01 00:00:00.0000, 69.185663, 3.607110004769349E-01, -1.098088554411138E-01, -4.226003579011461E-02, 3.093009900334105E-03, 2.804344136639048E-02, 2.012213369785994E-03,
2498386.500000000, A.D. 2128-Apr-01 00:00:00.0000, 69.185664, 1.752154956310752E-01, 2.614153991940387E-01, 5.028159661854278E-03, -2.890209520219400E-02, 1.689661647815971E-02, 4.026329725593452E-03,
2498751.500000000, A.D. 2129-Apr-01 00:00:00.0000, 69.185652, -2.373069743833195E-01, 2.340930058564319E-01, 4.060375441199626E-02, -2.540874371427152E-02, -1.898078195406822E-02, 7.703546556061921E-04,
2499116.500000000, A.D. 2130-Apr-01 00:00:00.0000, 69.185637, -3.946910423224950E-01, -9.660972275160114E-02, 2.812083857966237E-02, 8.380238967350585E-04, -2.614055663071755E-02, -2.215894999176275E-03,
2499481.500000000, A.D. 2131-Apr-01 00:00:00.0000, 69.185635, -2.603300746340711E-01, -3.768160590366988E-01, -6.879495145157168E-03, 1.738525632706256E-02, -1.479326411163429E-02, -2.800259516233039E-03,
2499847.500000000, A.D. 2132-Apr-01 00:00:00.0000, 69.185634, 3.784698634416975E-02, -4.602690601258642E-01, -4.081028653033748E-02, 2.241572077360326E-02, 3.516696322458733E-03, -1.761616391585210E-03,
2500212.500000000, A.D. 2133-Apr-01 00:00:00.0000, 69.185633, 2.970219303227312E-01, -2.952988611533015E-01, -5.095740549226036E-02, 1.443061534315773E-02, 2.109948532096492E-02, 4.076334330455183E-04,
2500577.500000000, A.D. 2134-Apr-01 00:00:00.0000, 69.185642, 3.459486848223755E-01, 5.797251870773642E-02, -2.660121857219459E-02, -1.006460905777607E-02, 2.899847600995573E-02, 3.293807362368811E-03,
2500942.500000000, A.D. 2135-Apr-01 00:00:00.0000, 69.185647, 2.538567159903203E-02, 3.108354930609634E-01, 2.320048141921731E-02, -3.373490734954705E-02, 2.696461702746309E-03, 3.304623003999829E-03,
2501308.500000000, A.D. 2136-Apr-01 00:00:00.0000, 69.185655, -3.456030061146699E-01, 1.028378489265101E-01, 3.980516807184175E-02, -1.326344824427244E-02, -2.594359031334428E-02, -9.120443348174893E-04,
2501673.500000000, A.D. 2137-Apr-01 00:00:00.0000, 69.185659, -3.586190157252526E-01, -2.317572802002230E-01, 1.329962307595956E-02, 9.763821583375822E-03, -2.221920136476183E-02, -2.712580214510990E-03,
2502038.500000000, A.D. 2138-Apr-01 00:00:00.0000, 69.185660, -1.470229864158823E-01, -4.323939487734034E-01, -2.272291045851186E-02, 2.101764265872600E-02, -7.542585554717206E-03, -2.539699430171624E-03,
2502403.500000000, A.D. 2139-Apr-01 00:00:00.0000, 69.185666, 1.387360566436611E-01, -4.164852858049092E-01, -4.767975175420741E-02, 2.104759651141571E-02, 1.027746315112517E-02, -1.083056350764241E-03,
2502769.500000000, A.D. 2140-Apr-01 00:00:00.0000, 69.185663, 3.473366865364738E-01, -1.453168835582319E-01, -4.452081279723010E-02, 5.617964717553839E-03, 2.709130887362071E-02, 1.704711709057896E-03,
2503134.500000000, A.D. 2141-Apr-01 00:00:00.0000, 69.185646, 2.310768695676692E-01, 2.148399135626579E-01, -4.210863756889015E-03, -2.429293385286395E-02, 2.215611591112728E-02, 4.035612684898052E-03,
2503499.500000000, A.D. 2142-Apr-01 00:00:00.0000, 69.185637, -1.780755154836168E-01, 2.711937635109285E-01, 3.811564786486848E-02, -2.940622475535478E-02, -1.404934182419135E-02, 1.538891526891653E-03,
2503864.500000000, A.D. 2143-Apr-01 00:00:00.0000, 69.185627, -3.953853272510258E-01, -3.659043834270001E-02, 3.311575055739654E-02, -3.391291798313717E-03, -2.684153385078446E-02, -1.886797186026981E-03,
2504230.500000000, A.D. 2144-Apr-01 00:00:00.0000, 69.185627, -2.854645123593801E-01, -3.576908698376066E-01, -2.953400104937379E-03, 1.624653992253405E-02, -1.631655661485393E-02, -2.820529619384046E-03,
2504595.500000000, A.D. 2145-Apr-01 00:00:00.0000, 69.185628, -1.697411381053996E-02, -4.658647438335053E-01, -3.620924061507438E-02, 2.247105696611301E-02, 3.077949715101258E-04, -2.028702023213867E-03,
2504960.500000000, A.D. 2146-Apr-01 00:00:00.0000, 69.185630, 2.577848506071959E-01, -3.420600863492488E-01, -5.118540908495361E-02, 1.693201661076383E-02, 1.819022023901983E-02, -5.847266021064805E-05,
2505325.500000000, A.D. 2147-Apr-01 00:00:00.0000, 69.185640, 3.599781059768501E-01, -1.140455667145446E-02, -3.357514700553466E-02, -4.488244536285233E-03, 2.936227564949905E-02, 2.814006277935122E-03,
2505691.500000000, A.D. 2148-Apr-01 00:00:00.0000, 69.185648, 6.692953966451959E-02, 3.030197807568450E-01, 1.874982235887860E-02, -3.317930736264801E-02, 6.834626194218622E-03, 3.591722917148568E-03,
2506056.500000000, A.D. 2149-Apr-01 00:00:00.0000, 69.185648, -3.123494685416274E-01, 1.591405590117566E-01, 4.140412908368324E-02, -1.822683503545317E-02, -2.406721557975515E-02, -3.053549832735298E-04,
2506421.500000000, A.D. 2150-Apr-01 00:00:00.0000, 69.185657, -3.810104698556060E-01, -1.812707483190480E-01, 1.961337789852227E-02, 6.520329591893169E-03, -2.408154060940343E-02, -2.568270634470073E-03,
2506786.500000000, A.D. 2151-Apr-01 00:00:00.0000, 69.185657, -1.971509242632116E-01, -4.163040904321655E-01, -1.652904415352526E-02, 1.983995614458010E-02, -1.051345726897202E-02, -2.674275273790327E-03,
2507152.500000000, A.D. 2152-Apr-01 00:00:00.0000, 69.185653, 1.095836716473771E-01, -4.350442116097502E-01, -4.605190976369716E-02, 2.159734596690700E-02, 8.425931251393560E-03, -1.283522835918659E-03,
2507517.500000000, A.D. 2153-Apr-01 00:00:00.0000, 69.185642, 3.311574927398102E-01, -2.126476343578377E-01, -4.790905487510298E-02, 9.565815949968918E-03, 2.500642819235440E-02, 1.174192266828470E-03,
2507882.500000000, A.D. 2154-Apr-01 00:00:00.0000, 69.185629, 2.857942832656969E-01, 1.527648599617508E-01, -1.357959974952215E-02, -1.883576702794891E-02, 2.598106946600465E-02, 3.849705236306262E-03,
2508247.500000000, A.D. 2155-Apr-01 00:00:00.0000, 69.185627, -9.958966164604452E-02, 2.936552437459027E-01, 3.342783680581096E-02, -3.231101917955942E-02, -7.961380560004718E-03, 2.301384376235475E-03,
2508613.500000000, A.D. 2156-Apr-01 00:00:00.0000, 69.185632, -3.822285628732796E-01, -1.481888185143695E-03, 3.524486675555425E-02, -5.972260832438803E-03, -2.694381956130072E-02, -1.660495850084818E-03,
2508978.500000000, A.D. 2157-Apr-01 00:00:00.0000, 69.185630, -3.141662949293310E-01, -3.148717316068639E-01, 3.373672270957700E-03, 1.396518498424145E-02, -1.882943283997278E-02, -2.818323133935840E-03,
2509343.500000000, A.D. 2158-Apr-01 00:00:00.0000, 69.185641, -6.368817398717895E-02, -4.589693531739680E-01, -3.145270798433578E-02, 2.216207423993808E-02, -2.852761189007041E-03, -2.259295388324739E-03,
2509708.500000000, A.D. 2159-Apr-01 00:00:00.0000, 69.185649, 2.195127587150913E-01, -3.756108794215552E-01, -5.076316071355935E-02, 1.891948337397238E-02, 1.512281099524566E-02, -4.910772393152212E-04,
2510074.500000000, A.D. 2160-Apr-01 00:00:00.0000, 69.185655, 3.656553003207069E-01, -4.444089006408817E-02, -3.732567681448300E-02, -1.488033194208022E-03, 2.909734204373963E-02, 2.518055588293265E-03,
2510439.500000000, A.D. 2161-Apr-01 00:00:00.0000, 69.185661, 1.417862424486989E-01, 2.849574764817213E-01, 9.771507255382070E-03, -3.078469521542178E-02, 1.369849082998559E-02, 3.933860672584289E-03,
2510804.500000000, A.D. 2162-Apr-01 00:00:00.0000, 69.185663, -2.659956291767628E-01, 2.174675865332834E-01, 4.123226146723816E-02, -2.307036403587260E-02, -2.103648584099631E-02, 3.844250416657241E-04,
2511169.500000000, A.D. 2163-Apr-01 00:00:00.0000, 69.185665, -3.951382753848205E-01, -1.190101256806159E-01, 2.532811806437715E-02, 2.873702448921934E-03, -2.556193659890683E-02, -2.356301821260700E-03,
2511535.500000000, A.D. 2164-Apr-01 00:00:00.0000, 69.185662, -2.265326620325616E-01, -3.983145808039769E-01, -1.293407899006513E-02, 1.900748142495119E-02, -1.216722361385040E-02, -2.732803418746554E-03,
2511900.500000000, A.D. 2165-Apr-01 00:00:00.0000, 69.185644, 5.523997109420236E-02, -4.491245016663583E-01, -4.266559863925930E-02, 2.223201353925793E-02, 5.184447159536942E-03, -1.605807764955576E-03,
2512265.500000000, A.D. 2166-Apr-01 00:00:00.0000, 69.185636, 3.023599028533387E-01, -2.667199654578885E-01, -5.003407444756366E-02, 1.291604805791925E-02, 2.250310015756387E-02, 6.639554940001070E-04,
2512630.500000000, A.D. 2167-Apr-01 00:00:00.0000, 69.185631, 3.210967900236522E-01, 9.096486116130963E-02, -2.217558680745550E-02, -1.304773060239712E-02, 2.831834577888378E-02, 3.512110605508959E-03,
2512996.500000000, A.D. 2168-Apr-01 00:00:00.0000, 69.185630, -5.787897657502258E-02, 3.044729948530110E-01, 3.012853596829525E-02, -3.331872409040303E-02, -4.073348716497234E-03, 2.710436957735677E-03,
2513361.500000000, A.D. 2169-Apr-01 00:00:00.0000, 69.185632, -3.660496006979094E-01, 6.447620826151074E-02, 3.869139172682889E-02, -1.071582686523062E-02, -2.652105323969517E-02, -1.193450274003767E-03,
2513726.500000000, A.D. 2170-Apr-01 00:00:00.0000, 69.185637, -3.485082963833122E-01, -2.648331499344621E-01, 1.005325735901824E-02, 1.130470035940823E-02, -2.113145031242940E-02, -2.763877193580144E-03,
2514091.500000000, A.D. 2171-Apr-01 00:00:00.0000, 69.185644, -1.210805990579700E-01, -4.461155278474652E-01, -2.573451818774416E-02, 2.150192182225421E-02, -5.958680783457005E-03, -2.452705688469847E-03,
2514457.500000000, A.D. 2172-Apr-01 00:00:00.0000, 69.185653, 1.859428959755068E-01, -3.935485747414808E-01, -4.968867643606159E-02, 1.984079228003159E-02, 1.331245755839073E-02, -7.224366720329491E-04,
2514822.500000000, A.D. 2173-Apr-01 00:00:00.0000, 69.185652, 3.549289217005029E-01, -1.122633239129458E-01, -4.228684550753793E-02, 3.341155009312930E-03, 2.795684099573981E-02, 1.984418752298505E-03,
2515187.500000000, A.D. 2174-Apr-01 00:00:00.0000, 69.185657, 2.009265471450319E-01, 2.424124202665985E-01, 7.052665142023755E-04, -2.681477182252292E-02, 1.961075162242991E-02, 4.055409792684080E-03,
2515552.500000000, A.D. 2175-Apr-01 00:00:00.0000, 69.185658, -2.143943413493616E-01, 2.561470883422811E-01, 3.976599349250052E-02, -2.745943491723617E-02, -1.675529354211426E-02, 1.135608259899234E-03,
2515918.500000000, A.D. 2176-Apr-01 00:00:00.0000, 69.185648, -4.033312088200978E-01, -9.221638955402883E-02, 2.864258421563201E-02, 6.134741892620387E-04, -2.620442626562082E-02, -2.202028236697863E-03,
2516283.500000000, A.D. 2177-Apr-01 00:00:00.0000, 69.185634, -2.723127577806110E-01, -3.757372458363557E-01, -6.255657809765199E-03, 1.728333817243367E-02, -1.494640128951191E-02, -2.801955245502313E-03,
2516648.500000000, A.D. 2178-Apr-01 00:00:00.0000, 69.185623, 2.433911177040065E-03, -4.667212753372953E-01, -3.844212910058028E-02, 2.248749494579411E-02, 1.960543332188193E-03, -1.892108845165019E-03,
2517013.500000000, A.D. 2179-Apr-01 00:00:00.0000, 69.185619, 2.707667043053106E-01, -3.243587102501501E-01, -5.095535359565196E-02, 1.570189959434229E-02, 1.971244755970363E-02, 1.817158838125090E-04,
2517379.500000000, A.D. 2180-Apr-01 00:00:00.0000, 69.185624, 3.399199401824616E-01, 4.593907780749699E-02, -2.671572981776656E-02, -9.739024178295572E-03, 2.903811137912548E-02, 3.268671818856113E-03,
2517744.500000000, A.D. 2181-Apr-01 00:00:00.0000, 69.185624, 2.518606553291367E-02, 3.009338406327993E-01, 2.297939093314545E-02, -3.370139742474272E-02, 3.103799931006318E-03, 3.331744736549074E-03,
2518109.500000000, A.D. 2182-Apr-01 00:00:00.0000, 69.185633, -3.309729251564394E-01, 1.220423545819784E-01, 4.075327127021790E-02, -1.565241711187088E-02, -2.517652532532133E-02, -6.337928475561747E-04,
2518474.500000000, A.D. 2183-Apr-01 00:00:00.0000, 69.185643, -3.677113317348177E-01, -2.149835225600969E-01, 1.628033578039475E-02, 8.259826996299468E-03, -2.315685559864624E-02, -2.652156219559929E-03,
2518840.500000000, A.D. 2184-Apr-01 00:00:00.0000, 69.185648, -1.464283362470907E-01, -4.383726214596371E-01, -2.251367911691448E-02, 2.096871449342970E-02, -7.697457946625766E-03, -2.546157359348226E-03,
2519205.500000000, A.D. 2185-Apr-01 00:00:00.0000, 69.185653, 1.404947491048613E-01, -4.222235003177167E-01, -4.767578526653027E-02, 2.110288544929806E-02, 1.010991831480069E-02, -1.099299246005870E-03,
2519570.500000000, A.D. 2186-Apr-01 00:00:00.0000, 69.185659, 3.442924279990222E-01, -1.771944679265662E-01, -4.642578260827776E-02, 7.589029755290824E-03, 2.614780380785669E-02, 1.448959185120610E-03,
2519935.500000000, A.D. 2187-Apr-01 00:00:00.0000, 69.185658, 2.604399011811568E-01, 1.889540498084038E-01, -8.862580954263536E-03, -2.173200727845069E-02, 2.419265856024318E-02, 3.966264308828783E-03,
2520301.500000000, A.D. 2188-Apr-01 00:00:00.0000, 69.185655, -1.727915540738361E-01, 2.746304327737354E-01, 3.777107570371218E-02, -2.961295682618489E-02, -1.373691622083148E-02, 1.578452862097351E-03,
2520666.500000000, A.D. 2189-Apr-01 00:00:00.0000, 69.185639, -3.954461929151779E-01, -3.152355727557628E-02, 3.320285171601841E-02, -3.637017205608488E-03, -2.686983086789255E-02, -1.868938928566783E-03,
2521031.500000000, A.D. 2190-Apr-01 00:00:00.0000, 69.185631, -3.049604659082405E-01, -3.378895453719759E-01, 8.712289791837041E-05, 1.519619957876834E-02, -1.755754545834065E-02, -2.825309380076924E-03,
2521396.500000000, A.D. 2191-Apr-01 00:00:00.0000, 69.185631, -4.441439539562968E-02, -4.657988369291850E-01, -3.396258117889723E-02, 2.236781934860617E-02, -1.223949089775736E-03, -2.141854195750693E-03,
2521762.500000000, A.D. 2192-Apr-01 00:00:00.0000, 69.185631, 2.537635609447602E-01, -3.457740240593785E-01, -5.123407871503848E-02, 1.704997324409657E-02, 1.802184541355886E-02, -7.964895256719939E-05,
2522127.500000000, A.D. 2193-Apr-01 00:00:00.0000, 69.185634, 3.594930910209751E-01, -1.705763017331247E-02, -3.397129017599703E-02, -4.187758845411283E-03, 2.934297310429541E-02, 2.786414130448764E-03,
2522492.500000000, A.D. 2194-Apr-01 00:00:00.0000, 69.185641, 1.038676712810346E-01, 2.917443356711379E-01, 1.451794029236113E-02, -3.223388054467295E-02, 1.024182386873663E-02, 3.781103679299156E-03,
2522857.500000000, A.D. 2195-Apr-01 00:00:00.0000, 69.185646, -2.898588470546380E-01, 1.849031302566012E-01, 4.146231812314757E-02, -2.059983967775954E-02, -2.275588336875550E-02, 1.494998739076632E-05,
2523223.500000000, A.D. 2196-Apr-01 00:00:00.0000, 69.185655, -3.811284133713206E-01, -1.775889226556128E-01, 1.981232085839056E-02, 6.334716615636141E-03, -2.417307590390361E-02, -2.559866018641877E-03,
2523588.500000000, A.D. 2197-Apr-01 00:00:00.0000, 69.185656, -1.995931428596510E-01, -4.128459366805570E-01, -1.628102616337679E-02, 1.976543082010812E-02, -1.066594629197716E-02, -2.678736912081400E-03,
2523953.500000000, A.D. 2198-Apr-01 00:00:00.0000, 69.185659, 8.351209077651142E-02, -4.402786156857684E-01, -4.451473250917343E-02, 2.194296432288525E-02, 6.869330368401132E-03, -1.440114840626000E-03,
2524318.500000000, A.D. 2199-Apr-01 00:00:00.0000, 69.185658, 3.154600769586972E-01, -2.363961076225023E-01, -4.897119187863051E-02, 1.124149632603513E-02, 2.383839299065429E-02, 9.277436674498896E-04,
2524683.500000000, A.D. 2200-Apr-01 00:00:00.0000, 69.185645, 2.989068144817867E-01, 1.256213171549117E-01, -1.761851878094414E-02, -1.605993206773120E-02, 2.727984783107855E-02, 3.702034939449123E-03,
2525048.500000000, A.D. 2201-Apr-01 00:00:00.0000, 69.185627, -7.131184814960720E-02, 3.016971005361639E-01, 3.090905960665243E-02, -3.320273357788638E-02, -4.705049008835538E-03, 2.645675900070002E-03,
2525413.500000000, A.D. 2202-Apr-01 00:00:00.0000, 69.185620, -3.748172842670018E-01, 5.347812402855950E-02, 3.863068092273435E-02, -1.027553282614731E-02, -2.660914580831501E-02, -1.241928992524283E-03,
2525778.500000000, A.D. 2203-Apr-01 00:00:00.0000, 69.185616, -3.508884025938352E-01, -2.778605716840760E-01, 9.615663344865660E-03, 1.157220453470699E-02, -2.094131312515915E-02, -2.771574199164572E-03,
2526144.500000000, A.D. 2204-Apr-01 00:00:00.0000, 69.185620, -9.651797766852600E-02, -4.629318222660183E-01, -2.855298541837064E-02, 2.189510531853037E-02, -4.360502982324029E-03, -2.355083062585309E-03,
2526509.500000000, A.D. 2205-Apr-01 00:00:00.0000, 69.185623, 1.919708629100075E-01, -4.017110179517328E-01, -4.979330981438973E-02, 1.971073761171802E-02, 1.360034578130866E-02, -6.840742916063468E-04,
2526874.500000000, A.D. 2206-Apr-01 00:00:00.0000, 69.185628, 3.608926508513382E-01, -1.162604665533935E-01, -4.188079197107968E-02, 2.936567218037497E-03, 2.808915602301083E-02, 2.033821920177483E-03,
2527239.500000000, A.D. 2207-Apr-01 00:00:00.0000, 69.185637, 2.032579035029799E-01, 2.390813644330796E-01, 1.460042945221170E-03, -2.721460068137809E-02, 1.913889622960778E-02, 4.051437952577177E-03,
2527605.500000000, A.D. 2208-Apr-01 00:00:00.0000, 69.185644, -2.370315685892593E-01, 2.304848944030513E-01, 4.071717477569547E-02, -2.527049917913331E-02, -1.912446886374772E-02, 7.378600855265930E-04,
2527970.500000000, A.D. 2209-Apr-01 00:00:00.0000, 69.185644, -3.942700919223852E-01, -9.802982506224986E-02, 2.794267217122364E-02, 9.805230643399995E-04, -2.610886265853902E-02, -2.229853740036516E-03,
2528335.500000000, A.D. 2210-Apr-01 00:00:00.0000, 69.185649, -2.618237633926305E-01, -3.761955471782230E-01, -7.058259643163317E-03, 1.745100855478631E-02, -1.469256721384598E-02, -2.796685414075879E-03,
2528700.500000000, A.D. 2211-Apr-01 00:00:00.0000, 69.185646, 1.076812756768984E-02, -4.621860747896196E-01, -3.896633564996677E-02, 2.246938042694028E-02, 2.255741717384532E-03, -1.864979688346947E-03,
2529066.500000000, A.D. 2212-Apr-01 00:00:00.0000, 69.185638, 2.892128058482578E-01, -2.960866307408616E-01, -5.060459771339982E-02, 1.431749436993312E-02, 2.118329067893076E-02, 4.305960080385483E-04,
2529431.500000000, A.D. 2213-Apr-01 00:00:00.0000, 69.185626, 3.358327395962830E-01, 5.331331270327214E-02, -2.596594311815884E-02, -1.025639250574972E-02, 2.894171878724927E-02, 3.308807972493522E-03,
2529796.500000000, A.D. 2214-Apr-01 00:00:00.0000, 69.185618, 1.560957579502181E-02, 2.999580362335503E-01, 2.373889225178840E-02, -3.374329146040618E-02, 2.446629801864013E-03, 3.279745271520227E-03,
2530161.500000000, A.D. 2215-Apr-01 00:00:00.0000, 69.185619, -3.356269555095307E-01, 1.126347753976431E-01, 4.063006699300183E-02, -1.520083134904490E-02, -2.535043077232428E-02, -6.908035858459995E-04,
2530527.500000000, A.D. 2216-Apr-01 00:00:00.0000, 69.185626, -3.558419002827212E-01, -2.480141946700301E-01, 1.298046594376625E-02, 9.896296230752220E-03, -2.214939153726566E-02, -2.718420188196212E-03,
2530892.500000000, A.D. 2217-Apr-01 00:00:00.0000, 69.185627, -1.383799415314447E-01, -4.456419553311948E-01, -2.314157434291778E-02, 2.106927817057346E-02, -7.420311027479517E-03, -2.530726319942955E-03,
2531257.500000000, A.D. 2218-Apr-01 00:00:00.0000, 69.185637, 1.510148970457799E-01, -4.244094415938348E-01, -4.801908597276901E-02, 2.100911794066340E-02, 1.040839788645270E-02, -1.064023363433556E-03,
2531622.500000000, A.D. 2219-Apr-01 00:00:00.0000, 69.185645, 3.535128474430785E-01, -1.735541537540826E-01, -4.623465248289983E-02, 7.229067739532509E-03, 2.633807437600448E-02, 1.498735498247988E-03,
2531988.500000000, A.D. 2220-Apr-01 00:00:00.0000, 69.185652, 2.403707000197064E-01, 2.181646626540148E-01, -4.137149356312107E-03, -2.446514792523134E-02, 2.201209959225809E-02, 4.035269647724265E-03,
2532353.500000000, A.D. 2221-Apr-01 00:00:00.0000, 69.185656, -1.724426165238076E-01, 2.759635978963220E-01, 3.796546312507456E-02, -2.930686248338247E-02, -1.423125959191972E-02, 1.505933046113949E-03,
2532718.500000000, A.D. 2222-Apr-01 00:00:00.0000, 69.185658, -3.924967456629878E-01, -3.084262646668203E-02, 3.270273497996244E-02, -3.245690175798342E-03, -2.683697993926808E-02, -1.904290753852707E-03,
2533083.500000000, A.D. 2223-Apr-01 00:00:00.0000, 69.185654, -3.017075315595041E-01, -3.349021359241584E-01, -5.326937412426830E-04, 1.539388865626716E-02, -1.733019310307995E-02, -2.824633185569718E-03,
2533449.500000000, A.D. 2224-Apr-01 00:00:00.0000, 69.185646, -2.059732980683974E-02, -4.612415646891941E-01, -3.639547337875178E-02, 2.246572288336518E-02, 4.194430422123653E-04, -2.014080783449726E-03,
2533814.500000000, A.D. 2225-Apr-01 00:00:00.0000, 69.185627, 2.519531970005270E-01, -3.400045520078685E-01, -5.106235858540803E-02, 1.684029241200724E-02, 1.828276343346920E-02, -3.625098412291715E-05,
2534179.500000000, A.D. 2226-Apr-01 00:00:00.0000, 69.185622, 3.529907330931455E-01, -1.258656722994398E-02, -3.314822721122149E-02, -4.670005284572820E-03, 2.934568619618914E-02, 2.832532086298512E-03,
2534544.500000000, A.D. 2227-Apr-01 00:00:00.0000, 69.185621, 9.313274177323529E-02, 2.890246467819320E-01, 1.550742300302186E-02, -3.243355100472772E-02, 9.616587128573112E-03, 3.746784351370891E-03,
2534910.500000000, A.D. 2228-Apr-01 00:00:00.0000, 69.185623, -3.144557860319060E-01, 1.498064446763955E-01, 4.137765830770511E-02, -1.805318696374798E-02, -2.416131745575435E-02, -3.343925477469407E-04,
2535275.500000000, A.D. 2229-Apr-01 00:00:00.0000, 69.185628, -3.777199468277894E-01, -1.897716358353584E-01, 1.928342937447212E-02, 6.659165489736864E-03, -2.402342779102582E-02, -2.577134611438850E-03,
2535640.500000000, A.D. 2230-Apr-01 00:00:00.0000, 69.185634, -1.903176950740269E-01, -4.210361684137341E-01, -1.690514974106430E-02, 1.989818610618044E-02, -1.039421460795533E-02, -2.667277659540368E-03,
2536005.500000000, A.D. 2231-Apr-01 00:00:00.0000, 69.185639, 9.534511261234792E-02, -4.423322388017094E-01, -4.490962855053656E-02, 2.188495046746242E-02, 7.173531444231065E-03, -1.408144785534234E-03,
2536371.500000000, A.D. 2232-Apr-01 00:00:00.0000, 69.185647, 3.358520768411137E-01, -2.071614780813328E-01, -4.777865154072011E-02, 9.420741996041333E-03, 2.508761737086380E-02, 1.197378691476912E-03,
2536736.500000000, A.D. 2233-Apr-01 00:00:00.0000, 69.185645, 2.845751810070608E-01, 1.604498614396514E-01, -1.312592554920521E-02, -1.903498643869183E-02, 2.587236476487549E-02, 3.856692433113177E-03,
2537101.500000000, A.D. 2234-Apr-01 00:00:00.0000, 69.185647, -1.064500665843858E-01, 2.986588987610334E-01, 3.381003080146974E-02, -3.225668343704064E-02, -8.185127723502602E-03, 2.270123154441776E-03,
2537466.500000000, A.D. 2235-Apr-01 00:00:00.0000, 69.185643, -3.844706690539768E-01, 2.626003061467951E-02, 3.692323248250931E-02, -7.809406535788984E-03, -2.689916025632088E-02, -1.493079958823183E-03,
2537832.500000000, A.D. 2236-Apr-01 00:00:00.0000, 69.185630, -3.239434488235789E-01, -3.180741456051603E-01, 3.415007102113647E-03, 1.405893989518190E-02, -1.875712467686474E-02, -2.819062294414884E-03,
2538197.500000000, A.D. 2237-Apr-01 00:00:00.0000, 69.185619, -7.264280311653876E-02, -4.661804392414298E-01, -3.130796059680525E-02, 2.218316614284426E-02, -2.747439232552218E-03, -2.246845590584779E-03,
2538562.500000000, A.D. 2238-Apr-01 00:00:00.0000, 69.185613, 2.128311532811482E-01, -3.860767861864745E-01, -5.043402256384771E-02, 1.885664715688382E-02, 1.522249494658808E-02, -4.701221610511359E-04,
2538927.500000000, A.D. 2239-Apr-01 00:00:00.0000, 69.185613, 3.622814505537057E-01, -8.592777394397319E-02, -3.920486609230736E-02, 4.861700314323327E-04, 2.872756985178198E-02, 2.311810912086046E-03,
2539293.500000000, A.D. 2240-Apr-01 00:00:00.0000, 69.185621, 1.409375697401124E-01, 2.702580254602093E-01, 1.027664921336171E-02, -3.087308226035969E-02, 1.348508068838227E-02, 3.920362540354143E-03,
2539658.500000000, A.D. 2241-Apr-01 00:00:00.0000, 69.185622, -2.611708633356863E-01, 2.015820338032343E-01, 4.123682376775506E-02, -2.290543671931546E-02, -2.116178560625855E-02, 3.523981903153366E-04,
2540023.500000000, A.D. 2242-Apr-01 00:00:00.0000, 69.185631, -3.843336744914713E-01, -1.318689344432158E-01, 2.491737274210757E-02, 3.025898427041350E-03, -2.551352093335998E-02, -2.368798537569839E-03,
2540388.500000000, A.D. 2243-Apr-01 00:00:00.0000, 69.185641, -2.311881611959908E-01, -3.926262501860844E-01, -1.071768983980661E-02, 1.838024981815509E-02, -1.325308208773581E-02, -2.763223801366983E-03,
2540754.500000000, A.D. 2244-Apr-01 00:00:00.0000, 69.185646, 6.894807081397768E-02, -4.496829605334448E-01, -4.306952831995488E-02, 2.220545483468702E-02, 5.319114345971803E-03, -1.588781143466021E-03,
2541119.500000000, A.D. 2245-Apr-01 00:00:00.0000, 69.185651, 3.123199396193946E-01, -2.621744886349273E-01, -5.014108795268706E-02, 1.278706489632671E-02, 2.259807790461185E-02, 6.870360539624347E-04,
2541484.500000000, A.D. 2246-Apr-01 00:00:00.0000, 69.185654, 3.248295461365242E-01, 9.730279968252402E-02, -2.195477832667890E-02, -1.325287937377424E-02, 2.825237369860170E-02, 3.524715848022017E-03,
2541849.500000000, A.D. 2247-Apr-01 00:00:00.0000, 69.185646, -2.606028112998099E-02, 3.100563506078551E-01, 2.747236254239787E-02, -3.370092209150535E-02, -1.288232208887919E-03, 2.966265732157636E-03,
2542215.500000000, A.D. 2248-Apr-01 00:00:00.0000, 69.185639, -3.684155505927469E-01, 6.249385657175760E-02, 3.851209915826587E-02, -1.055104591930673E-02, -2.657238046919264E-02, -1.217095207554034E-03,
2542580.500000000, A.D. 2249-Apr-01 00:00:00.0000, 69.185624, -3.491375097659534E-01, -2.700979401180452E-01, 9.703010933768781E-03, 1.141881433654641E-02, -2.106524981733205E-02, -2.767763780472610E-03,
2542945.500000000, A.D. 2250-Apr-01 00:00:00.0000, 69.185620, -1.187804753505372E-01, -4.530817639283732E-01, -2.607659145967605E-02, 2.154175257870916E-02, -5.847977693027509E-03, -2.442422098548149E-03,
2543310.500000000, A.D. 2251-Apr-01 00:00:00.0000, 69.185624, 1.714049278979607E-01, -4.130021833366918E-01, -4.909651836183396E-02, 2.038981817158215E-02, 1.206520046304977E-02, -8.685209152133006E-04,
2543676.500000000, A.D. 2252-Apr-01 00:00:00.0000, 69.185627, 3.629061409479443E-01, -1.172212363451082E-01, -4.227920053077127E-02, 3.186678906764625E-03, 2.800153769561429E-02, 2.006018439848204E-03,
2544041.500000000, A.D. 2253-Apr-01 00:00:00.0000, 69.185632, 2.098293292091668E-01, 2.392871190612494E-01, 7.886793521282234E-04, -2.695620707248370E-02, 1.943965546262805E-02, 4.050493282481854E-03,
2544406.500000000, A.D. 2254-Apr-01 00:00:00.0000, 69.185641, -2.037501501923707E-01, 2.543625645630657E-01, 3.948709504938566E-02, -2.732785258080525E-02, -1.691487634409229E-02, 1.102262639151518E-03,
2544771.500000000, A.D. 2255-Apr-01 00:00:00.0000, 69.185644, -3.906598072558886E-01, -6.362188109503387E-02, 3.015681437406180E-02, -1.008623320342259E-03, -2.653433610252320E-02, -2.085281940880496E-03,
2545137.500000000, A.D. 2256-Apr-01 00:00:00.0000, 69.185652, -2.610467296157275E-01, -3.681424884349171E-01, -6.902977384209333E-03, 1.734902784302604E-02, -1.483538445488716E-02, -2.798430926373985E-03,
2545502.500000000, A.D. 2257-Apr-01 00:00:00.0000, 69.185651, 9.375808972913610E-03, -4.548804895108269E-01, -3.885038919203459E-02, 2.246653139420190E-02, 2.086543858728022E-03, -1.876421490534404E-03,
2545867.500000000, A.D. 2258-Apr-01 00:00:00.0000, 69.185648, 2.713825969825372E-01, -3.108773538033255E-01, -5.096530755615082E-02, 1.558660943082180E-02, 1.980813803623700E-02, 2.046065195718626E-04,
2546232.500000000, A.D. 2259-Apr-01 00:00:00.0000, 69.185644, 3.420525270948712E-01, 2.829612700350631E-02, -2.946811402903305E-02, -7.524788753914682E-03, 2.926937312440334E-02, 3.087039321196391E-03,
2546598.500000000, A.D. 2260-Apr-01 00:00:00.0000, 69.185629, 1.362873673619096E-02, 3.057412769688424E-01, 2.348152077030098E-02, -3.372636009883001E-02, 2.848971101014387E-03, 3.307514168977933E-03,
2546963.500000000, A.D. 2261-Apr-01 00:00:00.0000, 69.185616, -3.416864656344875E-01, 1.192390435335219E-01, 4.090519439693947E-02, -1.548089092031490E-02, -2.526632478584568E-02, -6.611276151422012E-04,
2547328.500000000, A.D. 2262-Apr-01 00:00:00.0000, 69.185614, -3.744525184425967E-01, -2.224013054155715E-01, 1.620216264398800E-02, 8.392914115815893E-03, -2.310574156189682E-02, -2.659226319497894E-03,
2547693.500000000, A.D. 2263-Apr-01 00:00:00.0000, 69.185612, -1.691040775261255E-01, -4.392694739738556E-01, -2.005403809653368E-02, 2.055628731035516E-02, -8.869212329112407E-03, -2.599885938861872E-03,
2548059.500000000, A.D. 2264-Apr-01 00:00:00.0000, 69.185619, 1.429594143669381E-01, -4.306625513048900E-01, -4.767501229598912E-02, 2.106907339803242E-02, 1.022971106384435E-02, -1.080208339773663E-03,
2548424.500000000, A.D. 2265-Apr-01 00:00:00.0000, 69.185622, 3.495514211708988E-01, -1.830983838813691E-01, -4.622618670835089E-02, 7.451424773766349E-03, 2.621722606613302E-02, 1.471621628261846E-03,
2548789.500000000, A.D. 2266-Apr-01 00:00:00.0000, 69.185627, 2.660995362054325E-01, 1.856886034503848E-01, -8.522857135467741E-03, -2.190582095904806E-02, 2.406601278614441E-02, 3.969326586140517E-03,
2549154.500000000, A.D. 2267-Apr-01 00:00:00.0000, 69.185637, -1.367199627646699E-01, 2.849001828050526E-01, 3.609300604155845E-02, -3.089579356994413E-02, -1.143425315814676E-02, 1.875820168080598E-03,
2549520.500000000, A.D. 2268-Apr-01 00:00:00.0000, 69.185641, -3.889382800859750E-01, -3.157846988538476E-02, 3.288338711262689E-02, -3.483748273166450E-03, -2.686048975604991E-02, -1.886789515483001E-03,
2549885.500000000, A.D. 2269-Apr-01 00:00:00.0000, 69.185643, -2.999376778857176E-01, -3.351753556560415E-01, -2.910297355052721E-04, 1.527650243760786E-02, -1.746354552887062E-02, -2.824544978654061E-03,
2550250.500000000, A.D. 2270-Apr-01 00:00:00.0000, 69.185647, -4.250841201319246E-02, -4.618398075566649E-01, -3.417539186437155E-02, 2.236755526689017E-02, -1.106314941050607E-03, -2.128110826905960E-03,
2550615.500000000, A.D. 2271-Apr-01 00:00:00.0000, 69.185636, 2.346779473204323E-01, -3.600848358892560E-01, -5.097676529075813E-02, 1.786254714709863E-02, 1.682252241844626E-02, -2.463918060874099E-04,
2550981.500000000, A.D. 2272-Apr-01 00:00:00.0000, 69.185628, 3.548516212677758E-01, -1.698605304923272E-02, -3.355500668522916E-02, -4.374692706650936E-03, 2.932687743871194E-02, 2.805272876213345E-03,
2551346.500000000, A.D. 2273-Apr-01 00:00:00.0000, 69.185617, 9.832333775618451E-02, 2.861434238212249E-01, 1.494656021194075E-02, -3.230531143386220E-02, 1.000291858423624E-02, 3.763775434238597E-03,
2551711.500000000, A.D. 2274-Apr-01 00:00:00.0000, 69.185612, -2.911955917842945E-01, 1.736885317208473E-01, 4.142071610576326E-02, -2.042814416261329E-02, -2.287496666803285E-02, -1.575830842487984E-05,
2552076.500000000, A.D. 2275-Apr-01 00:00:00.0000, 69.185619, -3.813681226756790E-01, -1.656303031229805E-01, 2.189994600594394E-02, 4.966523682207336E-03, -2.480108680671878E-02, -2.487095871553711E-03,
2552442.500000000, A.D. 2276-Apr-01 00:00:00.0000, 69.185623, -1.881068041727722E-01, -4.229817149792829E-01, -1.685977933857680E-02, 1.983258475003684E-02, -1.054952000685782E-02, -2.672101664221139E-03,
2552807.500000000, A.D. 2277-Apr-01 00:00:00.0000, 69.185628, 9.906893934948134E-02, -4.455008880165119E-01, -4.504546609566678E-02, 2.192242676970754E-02, 7.002625987050263E-03, -1.422549158769686E-03,
2553172.500000000, A.D. 2278-Apr-01 00:00:00.0000, 69.185640, 3.321053392468002E-01, -2.353022209547246E-01, -4.930889106185680E-02, 1.111621816761297E-02, 2.393328656667256E-02, 9.505705765242785E-04,
2553537.500000000, A.D. 2279-Apr-01 00:00:00.0000, 69.185645, 3.130205225434297E-01, 1.323632535354976E-01, -1.773666446511723E-02, -1.625589591551738E-02, 2.720573853613604E-02, 3.711743831839114E-03,
2553903.500000000, A.D. 2280-Apr-01 00:00:00.0000, 69.185652, -9.411224724951295E-02, 3.044071461130660E-01, 3.314286064884583E-02, -3.238713371353878E-02, -7.811600679277338E-03, 2.307553053539923E-03,
2554268.500000000, A.D. 2281-Apr-01 00:00:00.0000, 69.185654, -3.768578003933008E-01, 3.693562291670802E-02, 3.672211054157923E-02, -8.073440304542117E-03, -2.688084086515469E-02, -1.470942933267074E-03,
2554633.500000000, A.D. 2282-Apr-01 00:00:00.0000, 69.185648, -3.350490325217467E-01, -2.873001833292165E-01, 6.233136738912158E-03, 1.283027773342872E-02, -1.989864871007502E-02, -2.801079437658295E-03,
2554998.500000000, A.D. 2283-Apr-01 00:00:00.0000, 69.185642, -9.655266269078590E-02, -4.527135427638254E-01, -2.896751040094146E-02, 2.190955930431350E-02, -4.250202612817993E-03, -2.343250046001992E-03,
2555364.500000000, A.D. 2284-Apr-01 00:00:00.0000, 69.185629, 2.083824973608421E-01, -3.793668737239312E-01, -5.048569050417211E-02, 1.894002882218285E-02, 1.504768402937771E-02, -4.889594788990046E-04,
2555729.500000000, A.D. 2285-Apr-01 00:00:00.0000, 69.185616, 3.580253423934411E-01, -8.297351132746975E-02, -3.949931871249900E-02, 7.495088790213337E-04, 2.865473369297512E-02, 2.283971294121638E-03,
2556094.500000000, A.D. 2286-Apr-01 00:00:00.0000, 69.185619, 1.698111801996781E-01, 2.575642880489677E-01, 5.840868646194950E-03, -2.914782411300210E-02, 1.650315708068579E-02, 4.008689412727738E-03,
2556459.500000000, A.D. 2287-Apr-01 00:00:00.0000, 69.185618, -2.390084127551631E-01, 2.265990586108465E-01, 4.067732897363626E-02, -2.512018243799092E-02, -1.927754531126336E-02, 7.053130787729431E-04,
2556825.500000000, A.D. 2288-Apr-01 00:00:00.0000, 69.185623, -3.888431890697827E-01, -1.281202625357626E-01, 2.523062082373223E-02, 2.821429111590739E-03, -2.559219245013971E-02, -2.357192979567896E-03,
2557190.500000000, A.D. 2289-Apr-01 00:00:00.0000, 69.185628, -2.364020330602355E-01, -3.913865127763972E-01, -1.035595355912890E-02, 1.829488931557136E-02, -1.340543244828914E-02, -2.766104904065217E-03,
2557555.500000000, A.D. 2290-Apr-01 00:00:00.0000, 69.185631, 4.215573906800132E-02, -4.554184800794347E-01, -4.116047234010153E-02, 2.238078033139596E-02, 3.764889110192431E-03, -1.729088131881119E-03,
2557920.500000000, A.D. 2291-Apr-01 00:00:00.0000, 69.185638, 2.962854773141355E-01, -2.870916125117898E-01, -5.070301328218786E-02, 1.420195754691950E-02, 2.128635736416718E-02, 4.534710441914666E-04,
2558286.500000000, A.D. 2292-Apr-01 00:00:00.0000, 69.185643, 3.259741142020141E-01, 9.422766102080862E-02, -2.230022476335198E-02, -1.293000151697999E-02, 2.833962581517804E-02, 3.502438329009110E-03,
2558651.500000000, A.D. 2293-Apr-01 00:00:00.0000, 69.185640, -2.268323843914408E-02, 3.115411667148020E-01, 2.718033467216896E-02, -3.373629922359463E-02, -8.846713150901829E-04, 2.998311102401387E-03,
2559016.500000000, A.D. 2294-Apr-01 00:00:00.0000, 69.185641, -3.573298814113251E-01, 9.377405853999247E-02, 3.981706294605609E-02, -1.292216353988958E-02, -2.607337660390991E-02, -9.633116330235603E-04,
2559381.500000000, A.D. 2295-Apr-01 00:00:00.0000, 69.185630, -3.646805198817661E-01, -2.450128698069081E-01, 1.287855384971960E-02, 1.000850835640209E-02, -2.209319030134985E-02, -2.723553671801153E-03,
2559747.500000000, A.D. 2296-Apr-01 00:00:00.0000, 69.185617, -1.257638259931757E-01, -4.532953269255666E-01, -2.565383176358920E-02, 2.149701944654834E-02, -6.017609391238042E-03, -2.449651486996316E-03,
2560112.500000000, A.D. 2297-Apr-01 00:00:00.0000, 69.185610, 1.647318316424571E-01, -4.176999791873624E-01, -4.883850803491289E-02, 2.045827791400437E-02, 1.188494670219428E-02, -8.857635186660094E-04,
2560477.500000000, A.D. 2298-Apr-01 00:00:00.0000, 69.185607, 3.553426284825487E-01, -1.536543727748273E-01, -4.424714509667756E-02, 5.321196708750617E-03, 2.720244576715030E-02, 1.748944162487333E-03,
2560842.500000000, A.D. 2299-Apr-01 00:00:00.0000, 69.185612, 2.385369304701105E-01, 2.092551194958775E-01, -3.697052229100389E-03, -2.461336252939906E-02, 2.185252142650554E-02, 4.033860878615726E-03,
2561207.500000000, A.D. 2300-Apr-01 00:00:00.0000, 69.185616, -1.695350602925010E-01, 2.651159102372982E-01, 3.799781530182689E-02, -2.918161642739274E-02, -1.441444536261636E-02, 1.472374090879949E-03,
2561572.500000000, A.D. 2301-Apr-01 00:00:00.0000, 69.185620, -3.833708640054665E-01, -3.978748651659590E-02, 3.225476811345689E-02, -3.077370998518106E-03, -2.682238514137077E-02, -1.922217139257967E-03,
2561937.500000000, A.D. 2302-Apr-01 00:00:00.0000, 69.185632, -2.886167881036549E-01, -3.385824495305693E-01, -1.176000641098649E-03, 1.548602273665560E-02, -1.722388792527137E-02, -2.823973087612385E-03,
2562302.500000000, A.D. 2303-Apr-01 00:00:00.0000, 69.185639, -2.937967710790916E-02, -4.582212212529087E-01, -3.491282949495048E-02, 2.238952374010526E-02, -8.066130413864173E-04, -2.104646791566441E-03,
2562668.500000000, A.D. 2304-Apr-01 00:00:00.0000, 69.185643, 2.625652853885722E-01, -3.313970220095981E-01, -5.136949698497294E-02, 1.673932719569400E-02, 1.839582557238008E-02, -1.400353883932390E-05,
2563033.500000000, A.D. 2305-Apr-01 00:00:00.0000, 69.185646, 3.576846592047364E-01, -9.567135414450322E-04, -3.310450387505152E-02, -4.869837478108624E-03, 2.934035798650244E-02, 2.851183202070140E-03,
2563398.500000000, A.D. 2306-Apr-01 00:00:00.0000, 69.185641, 9.134476341760520E-02, 2.987379725182475E-01, 1.567043589998119E-02, -3.251687955109898E-02, 9.381798690198940E-03, 3.728984556497692E-03,
2563763.500000000, A.D. 2307-Apr-01 00:00:00.0000, 69.185630, -2.994333400597261E-01, 1.780881168587301E-01, 4.141331545841544E-02, -2.000211425074055E-02, -2.314709962405656E-02, -7.969088045663860E-05,
2564129.500000000, A.D. 2308-Apr-01 00:00:00.0000, 69.185622, -3.807090081733006E-01, -1.889172222135228E-01, 1.888031023065226E-02, 6.789742510425158E-03, -2.397906777692615E-02, -2.585655650175653E-03,
2564494.500000000, A.D. 2309-Apr-01 00:00:00.0000, 69.185611, -1.909672257777318E-01, -4.224483238884583E-01, -1.732929943604468E-02, 1.995721118486488E-02, -1.029201286438688E-02, -2.660191057095873E-03,
2564859.500000000, A.D. 2310-Apr-01 00:00:00.0000, 69.185614, 9.772004176905141E-02, -4.442860888259507E-01, -4.522323139587488E-02, 2.186298303616704E-02, 7.291419934115926E-03, -1.390331536739049E-03,
2565224.500000000, A.D. 2311-Apr-01 00:00:00.0000, 69.185619, 3.306520499124431E-01, -2.324717222280261E-01, -4.898062580107002E-02, 1.081098674631855E-02, 2.415027728226913E-02, 9.989186518269838E-04,
2565590.500000000, A.D. 2312-Apr-01 00:00:00.0000, 69.185623, 2.904982387910400E-01, 1.616182883736252E-01, -1.306399022392199E-02, -1.921389739738150E-02, 2.576585794156908E-02, 3.862884044769121E-03,
2565955.500000000, A.D. 2313-Apr-01 00:00:00.0000, 69.185630, -9.936453471835989E-02, 3.007751205808994E-01, 3.362327503431957E-02, -3.218361512537037E-02, -8.393483958004263E-03, 2.238175546424959E-03,
2566320.500000000, A.D. 2314-Apr-01 00:00:00.0000, 69.185635, -3.752984159560261E-01, 3.140395075034005E-02, 3.633557369284428E-02, -7.644704736805719E-03, -2.690905304226216E-02, -1.514515306924568E-03,
2566685.500000000, A.D. 2315-Apr-01 00:00:00.0000, 69.185639, -3.286869570155210E-01, -2.885966277200619E-01, 5.536873008265909E-03, 1.306971122021860E-02, -1.968018338560317E-02, -2.805471658002935E-03,
2567051.500000000, A.D. 2316-Apr-01 00:00:00.0000, 69.185646, -6.741888200962923E-02, -4.512505886485984E-01, -3.181331819551346E-02, 2.218527229486141E-02, -2.621009558380183E-03, -2.233867610795517E-03,
2567416.500000000, A.D. 2317-Apr-01 00:00:00.0000, 69.185641, 2.120389451885271E-01, -3.687663004140652E-01, -5.056800089732902E-02, 1.876692649041391E-02, 1.533279807270461E-02, -4.483832576311870E-04,
2567781.500000000, A.D. 2318-Apr-01 00:00:00.0000, 69.185638, 3.543499543640287E-01, -6.958267782140468E-02, -3.889197123326374E-02, 2.989249840359964E-04, 2.874207310871479E-02, 2.332999619101447E-03,
2568146.500000000, A.D. 2319-Apr-01 00:00:00.0000, 69.185627, 1.569105368269858E-01, 2.663680410424473E-01, 6.869677902032674E-03, -2.949711971047691E-02, 1.595495335582001E-02, 3.993829861534918E-03,
2568512.500000000, A.D. 2320-Apr-01 00:00:00.0000, 69.185612, -2.763015690962471E-01, 2.041657349124885E-01, 4.149526898101521E-02, -2.275279090023871E-02, -2.130817966222224E-02, 3.209921223584995E-04,
2568877.500000000, A.D. 2321-Apr-01 00:00:00.0000, 69.185605, -3.961596811750408E-01, -1.349487784035706E-01, 2.489777033029246E-02, 3.176134247981754E-03, -2.548907848828838E-02, -2.380862501884850E-03,
2569242.500000000, A.D. 2322-Apr-01 00:00:00.0000, 69.185605, -2.384197478303891E-01, -3.984664708074563E-01, -1.081558406211822E-02, 1.845893444969223E-02, -1.315562673058447E-02, -2.758529474783600E-03,
2569607.500000000, A.D. 2323-Apr-01 00:00:00.0000, 69.185606, 4.401353173528413E-02, -4.603278864987473E-01, -4.144269235207495E-02, 2.236155694543296E-02, 4.058366049311073E-03, -1.700375879933660E-03,
2569973.500000000, A.D. 2324-Apr-01 00:00:00.0000, 69.185614, 3.129969187869054E-01, -2.661376379376096E-01, -4.996656015500667E-02, 1.267789440188149E-02, 2.269025028844391E-02, 7.098854063736735E-04,
2570338.500000000, A.D. 2325-Apr-01 00:00:00.0000, 69.185617, 3.265517924516396E-01, 9.601959547973224E-02, -2.159417983329673E-02, -1.344125249778905E-02, 2.819290882376898E-02, 3.536919867644531E-03,
2570703.500000000, A.D. 2326-Apr-01 00:00:00.0000, 69.185626, -2.447484096903013E-02, 3.099832787618191E-01, 2.768457726641529E-02, -3.368525159416910E-02, -1.515640995619177E-03, 2.938375186893826E-03,
2571068.500000000, A.D. 2327-Apr-01 00:00:00.0000, 69.185634, -3.543921332790395E-01, 9.042188577764659E-02, 3.942070467172196E-02, -1.247879399769833E-02, -2.618052210064727E-02, -1.015600002265329E-03,
2571434.500000000, A.D. 2328-Apr-01 00:00:00.0000, 69.185636, -3.473993657970990E-01, -2.656614780488537E-01, 9.347364602730137E-03, 1.152055808749232E-02, -2.098499824584305E-02, -2.771275047535755E-03,
2571799.500000000, A.D. 2329-Apr-01 00:00:00.0000, 69.185638, -1.199148080993559E-01, -4.468396225230625E-01, -2.631123580366663E-02, 2.156254122064919E-02, -5.732607173862566E-03, -2.431610372634919E-03,
2572164.500000000, A.D. 2330-Apr-01 00:00:00.0000, 69.185633, 1.666208691980489E-01, -4.070612417570238E-01, -4.905505637386492E-02, 2.032618299282566E-02, 1.217389914877652E-02, -8.482718954302487E-04,
2572529.500000000, A.D. 2331-Apr-01 00:00:00.0000, 69.185620, 3.506788877301221E-01, -1.413991078647325E-01, -4.379746872108266E-02, 4.922900399180691E-03, 2.734960258355275E-02, 1.798958772516802E-03,
2572895.500000000, A.D. 2332-Apr-01 00:00:00.0000, 69.185613, 1.996116499481499E-01, 2.377378757900789E-01, 1.328897070369011E-03, -2.709969982780727E-02, 1.924710156700631E-02, 4.045462743352648E-03,
2573260.500000000, A.D. 2333-Apr-01 00:00:00.0000, 69.185606, -2.113813674819867E-01, 2.464097738256254E-01, 3.965249257157374E-02, -2.718834655620655E-02, -1.709402461571777E-02, 1.068879818350993E-03,
2573625.500000000, A.D. 2334-Apr-01 00:00:00.0000, 69.185610, -3.919982554082185E-01, -7.429827859303052E-02, 2.988153932204368E-02, -8.411019860800115E-04, -2.652068615424805E-02, -2.101291363374511E-03,
2573990.500000000, A.D. 2335-Apr-01 00:00:00.0000, 69.185617, -2.730426722844552E-01, -3.621994924122781E-01, -4.574879107264949E-03, 1.660060762135431E-02, -1.587761880951807E-02, -2.813459026755386E-03,
2574356.500000000, A.D. 2336-Apr-01 00:00:00.0000, 69.185622, 1.900381425850615E-02, -4.601566036277244E-01, -3.931584698759067E-02, 2.247030828468751E-02, 2.218589592393553E-03, -1.861290823049224E-03,
2574721.500000000, A.D. 2337-Apr-01 00:00:00.0000, 69.185628, 2.829491176538595E-01, -3.102962334560155E-01, -5.126429889706614E-02, 1.549076697924439E-02, 1.992063793732598E-02, 2.268841445657304E-04,
2575086.500000000, A.D. 2338-Apr-01 00:00:00.0000, 69.185637, 3.520373678916254E-01, 3.478987835218986E-02, -2.952539337863581E-02, -7.718346267790108E-03, 2.925767089659759E-02, 3.103710814199434E-03,
2575451.500000000, A.D. 2339-Apr-01 00:00:00.0000, 69.185640, 5.304977497300009E-02, 3.109524984389510E-01, 2.001805006216874E-02, -3.340128106259917E-02, 5.717304334153617E-03, 3.505270492261358E-03,
2575817.500000000, A.D. 2340-Apr-01 00:00:00.0000, 69.185645, -3.388284534688963E-01, 1.298031307098419E-01, 4.051730271654652E-02, -1.532597684006508E-02, -2.533480841497650E-02, -6.880433097967653E-04,
2576182.500000000, A.D. 2341-Apr-01 00:00:00.0000, 69.185643, -3.749777874190103E-01, -2.108061502600667E-01, 1.571333054297121E-02, 8.502348178386373E-03, -2.304474182533128E-02, -2.665704254857495E-03,
2576547.500000000, A.D. 2342-Apr-01 00:00:00.0000, 69.185635, -1.735284705925256E-01, -4.281531696465481E-01, -2.039985839842914E-02, 2.059051533541157E-02, -8.763865514308966E-03, -2.591149242706699E-03,
2576912.500000000, A.D. 2343-Apr-01 00:00:00.0000, 69.185625, 1.139568568692788E-01, -4.312155147186010E-01, -4.657962657565617E-02, 2.144093275502460E-02, 8.958977513994488E-03, -1.212397436157597E-03,
2577278.500000000, A.D. 2344-Apr-01 00:00:00.0000, 69.185613, 3.395151840360949E-01, -1.771992662834668E-01, -4.592343119121810E-02, 7.304480577014224E-03, 2.626726620100745E-02, 1.494422759719104E-03,
2577643.500000000, A.D. 2345-Apr-01 00:00:00.0000, 69.185607, 2.549474837173583E-01, 1.873246005543298E-01, -8.002130197568536E-03, -2.207728550984881E-02, 2.391965647366907E-02, 3.972125014209214E-03,
2578008.500000000, A.D. 2346-Apr-01 00:00:00.0000, 69.185610, -1.457634069253601E-01, 2.812739829113751E-01, 3.634573728396922E-02, -3.079458289167859E-02, -1.164346221795622E-02, 1.842965157266113E-03,
2578373.500000000, A.D. 2347-Apr-01 00:00:00.0000, 69.185611, -3.881719334751548E-01, -1.018386750980400E-02, 3.451867524751008E-02, -5.234532384515928E-03, -2.696613909115441E-02, -1.739213222191690E-03,
2578739.500000000, A.D. 2348-Apr-01 00:00:00.0000, 69.185618, -2.988211664358568E-01, -3.386211989326402E-01, -6.306996987472930E-04, 1.537257615887395E-02, -1.736601825003557E-02, -2.823940074639557E-03,
2579104.500000000, A.D. 2349-Apr-01 00:00:00.0000, 69.185623, -3.909224369401686E-02, -4.610221083554865E-01, -3.444177495088949E-02, 2.237879717609599E-02, -9.767157444248394E-04, -2.114611052209839E-03,
2579469.500000000, A.D. 2350-Apr-01 00:00:00.0000, 69.185628, 2.373327259916237E-01, -3.542372566077638E-01, -5.099294870676718E-02, 1.777608572269430E-02, 1.693949091183782E-02, -2.245846270982092E-04,
2579834.500000000, A.D. 2351-Apr-01 00:00:00.0000, 69.185634, 3.565544665467050E-01, -3.650836761797626E-02, -3.591553976096198E-02, -2.314549887945330E-03, 2.916516156335817E-02, 2.605700695489519E-03,
2580200.500000000, A.D. 2352-Apr-01 00:00:00.0000, 69.185635, 9.032864754599386E-02, 2.955678756822385E-01, 1.544646483688973E-02, -3.239344123775271E-02, 9.774445409024812E-03, 3.746579528949016E-03,
2580565.500000000, A.D. 2353-Apr-01 00:00:00.0000, 69.185631, -3.029128973518261E-01, 1.793600928270621E-01, 4.165427248636473E-02, -2.027931709622180E-02, -2.299335125457491E-02, -4.575150323944575E-05,
2580930.500000000, A.D. 2354-Apr-01 00:00:00.0000, 69.185625, -3.946502395221130E-01, -1.638332498916380E-01, 2.196839634982397E-02, 5.096442696364578E-03, -2.476702602081476E-02, -2.497063712504591E-03,
2581295.500000000, A.D. 2355-Apr-01 00:00:00.0000, 69.185609, -2.211680102075648E-01, -4.140845490374260E-01, -1.405685212469999E-02, 1.927922227461896E-02, -1.169200832424791E-02, -2.711470272744676E-03,
2581661.500000000, A.D. 2356-Apr-01 00:00:00.0000, 69.185601, 8.685250883714560E-02, -4.515171856741977E-01, -4.476671246309486E-02, 2.189851227055787E-02, 7.110093516287212E-03, -1.404763892826154E-03,
2582026.500000000, A.D. 2357-Apr-01 00:00:00.0000, 69.185598, 3.222912966650714E-01, -2.442520449960633E-01, -4.881816431352352E-02, 1.099894929313109E-02, 2.400331842625348E-02, 9.732794527110352E-04,
2582391.500000000, A.D. 2358-Apr-01 00:00:00.0000, 69.185601, 3.058819168029036E-01, 1.211789565074423E-01, -1.711070962753462E-02, -1.643121812704544E-02, 2.711175279956109E-02, 3.720591353322258E-03,
2582756.500000000, A.D. 2359-Apr-01 00:00:00.0000, 69.185609, -6.439481712997881E-02, 2.971345243839205E-01, 3.102482768463695E-02, -3.311361823263996E-02, -5.147918974839928E-03, 2.585541422399841E-03,
2583122.500000000, A.D. 2360-Apr-01 00:00:00.0000, 69.185616, -3.733589148768557E-01, 2.378050838989625E-02, 3.651952617818833E-02, -7.896809502655523E-03, -2.689663709873916E-02, -1.492822267885670E-03,
2583487.500000000, A.D. 2361-Apr-01 00:00:00.0000, 69.185621, -3.266914378889877E-01, -2.959225946450559E-01, 5.775751218694573E-03, 1.293945296045276E-02, -1.980361489441852E-02, -2.803427694847505E-03,
2583852.500000000, A.D. 2362-Apr-01 00:00:00.0000, 69.185632, -8.660557349674834E-02, -4.550962356435167E-01, -2.941396643474946E-02, 2.193192322499033E-02, -4.117543897143190E-03, -2.331695907614863E-03,
2584217.500000000, A.D. 2363-Apr-01 00:00:00.0000, 69.185636, 1.970685671043640E-01, -3.900923476097929E-01, -5.013811971007297E-02, 1.956945235923340E-02, 1.382844153398852E-02, -6.424193108489340E-04,
2584583.500000000, A.D. 2364-Apr-01 00:00:00.0000, 69.185639, 3.607015893829461E-01, -7.537080727340974E-02, -3.936325465938211E-02, 5.643139855164496E-04, 2.868457701962145E-02, 2.305061260352594E-03,
2584948.500000000, A.D. 2365-Apr-01 00:00:00.0000, 69.185638, 1.658061099266421E-01, 2.644468661254596E-01, 6.176551423788773E-03, -2.928529165151901E-02, 1.629968091002790E-02, 3.999540041855511E-03,
2585313.500000000, A.D. 2366-Apr-01 00:00:00.0000, 69.185630, -2.463555709616194E-01, 2.286677121920698E-01, 4.074662662851117E-02, -2.498434721275046E-02, -1.943662566995387E-02, 6.729156302515483E-04,
2585678.500000000, A.D. 2367-Apr-01 00:00:00.0000, 69.185618, -3.977929305608555E-01, -1.044264867880245E-01, 2.733096511762851E-02, 1.285165078788613E-03, -2.606257912944126E-02, -2.257597877802234E-03,
2586044.500000000, A.D. 2368-Apr-01 00:00:00.0000, 69.185611, -2.412628189777382E-01, -3.962840817696254E-01, -1.061558978811409E-02, 1.836780516992389E-02, -1.331036821733224E-02, -2.761441788759543E-03,
2586409.500000000, A.D. 2369-Apr-01 00:00:00.0000, 69.185605, 4.016001092079172E-02, -4.615522452286273E-01, -4.132273501238160E-02, 2.237484847732472E-02, 3.881240274115445E-03, -1.712964781936923E-03,
2586774.500000000, A.D. 2370-Apr-01 00:00:00.0000, 69.185611, 2.971178247013699E-01, -2.927295720357841E-01, -5.067673443102506E-02, 1.410243607464125E-02, 2.137920790000964E-02, 4.759397654393205E-04,
2587139.500000000, A.D. 2371-Apr-01 00:00:00.0000, 69.185615, 3.401278367598578E-01, 6.152694261508960E-02, -2.549523211108422E-02, -1.064562751891932E-02, 2.885844269204736E-02, 3.337992283155134E-03,
2587505.500000000, A.D. 2372-Apr-01 00:00:00.0000, 69.185619, -1.922033190298114E-02, 3.080706393204819E-01, 2.725386961843669E-02, -3.371826671010091E-02, -1.112668270516056E-03, 2.970454979901224E-03,
2587870.500000000, A.D. 2373-Apr-01 00:00:00.0000, 69.185626, -3.512675918315750E-01, 9.245380373929010E-02, 3.945883809132053E-02, -1.275125028039171E-02, -2.611712685439633E-02, -9.887975641658412E-04,
2588235.500000000, A.D. 2374-Apr-01 00:00:00.0000, 69.185632, -3.579280863735643E-01, -2.415839097105434E-01, 1.234872430117834E-02, 1.011949076020659E-02, -2.201109070643822E-02, -2.728544494651184E-03,
2588600.500000000, A.D. 2375-Apr-01 00:00:00.0000, 69.185636, -1.428652036715541E-01, -4.383469538555378E-01, -2.357955218532602E-02, 2.113542440900899E-02, -7.196138138684695E-03, -2.511329004340270E-03,
2588966.500000000, A.D. 2376-Apr-01 00:00:00.0000, 69.185639, 1.636322847135745E-01, -4.062669633910704E-01, -4.890312135955883E-02, 2.038754547181069E-02, 1.200227956541670E-02, -8.653109828822435E-04,
2589331.500000000, A.D. 2377-Apr-01 00:00:00.0000, 69.185632, 3.473938592179652E-01, -1.423080546136467E-01, -4.387089224051471E-02, 5.150609352271022E-03, 2.724596304545044E-02, 1.771624847971104E-03,
2589696.500000000, A.D. 2378-Apr-01 00:00:00.0000, 69.185623, 2.239478817138405E-01, 2.162155797879673E-01, -3.002453678982342E-03, -2.478595603448388E-02, 2.167845703146600E-02, 4.033047942019392E-03,
2590061.500000000, A.D. 2379-Apr-01 00:00:00.0000, 69.185609, -1.864283769174638E-01, 2.638916157493440E-01, 3.850214626855922E-02, -2.907029021464059E-02, -1.461804717144141E-02, 1.439363319702371E-03,
2590427.500000000, A.D. 2380-Apr-01 00:00:00.0000, 69.185598, -3.994601665753436E-01, -7.433217378343047E-02, 3.041761000327318E-02, -1.070582024678577E-03, -2.657609651470296E-02, -2.085946675761253E-03,
2590792.500000000, A.D. 2381-Apr-01 00:00:00.0000, 69.185598, -2.820449173047536E-01, -3.666230008841400E-01, -3.949765773226582E-03, 1.649714626992509E-02, -1.602843814025766E-02, -2.814525236448427E-03,
2591157.500000000, A.D. 2382-Apr-01 00:00:00.0000, 69.185601, -1.141277626234932E-02, -4.706598667926001E-01, -3.687718268796272E-02, 2.247754384518805E-02, 6.730502160000292E-04, -1.985272478754658E-03,
2591522.500000000, A.D. 2383-Apr-01 00:00:00.0000, 69.185605, 2.621955999529744E-01, -3.423709853589621E-01, -5.112815408078050E-02, 1.665946386712962E-02, 1.850244210020785E-02, 7.982345691983400E-06,
2591888.500000000, A.D. 2384-Apr-01 00:00:00.0000, 69.185613, 3.531652783014959E-01, 2.003773167398802E-02, -2.969191874224546E-02, -7.400150793057749E-03, 2.927397331414856E-02, 3.077485569660203E-03,
2592253.500000000, A.D. 2385-Apr-01 00:00:00.0000, 69.185617, 6.027780758552523E-02, 2.997405448755240E-01, 1.969836257409155E-02, -3.332307575823464E-02, 6.125988756441486E-03, 3.528302504112764E-03,
2592618.500000000, A.D. 2386-Apr-01 00:00:00.0000, 69.185625, -3.151440938715746E-01, 1.488612478396303E-01, 4.114673613081500E-02, -1.772905208297315E-02, -2.434601461151832E-02, -3.920802625669591E-04,
2592983.500000000, A.D. 2387-Apr-01 00:00:00.0000, 69.185630, -3.773255775405077E-01, -1.913970481069512E-01, 1.860984310185425E-02, 6.913096979636794E-03, -2.391742405797410E-02, -2.593932214871673E-03,
2593349.500000000, A.D. 2388-Apr-01 00:00:00.0000, 69.185629, -1.694621782462863E-01, -4.320151778554212E-01, -2.017021121330615E-02, 2.052913909429111E-02, -8.917906446679124E-03, -2.596891692784759E-03,
2593714.500000000, A.D. 2389-Apr-01 00:00:00.0000, 69.185628, 1.172567449920939E-01, -4.357004722449184E-01, -4.650294996195699E-02, 2.148286573843519E-02, 8.788085201337540E-03, -1.227664336803999E-03,
2594079.500000000, A.D. 2390-Apr-01 00:00:00.0000, 69.185620, 3.351209450180583E-01, -2.089550639825435E-01, -4.750402413206817E-02, 9.150098192455386E-03, 2.522238258403785E-02, 1.243136337805697E-03,
2594444.500000000, A.D. 2391-Apr-01 00:00:00.0000, 69.185607, 2.824553609981358E-01, 1.562804675906808E-01, -1.246589225506164E-02, -1.939737759769509E-02, 2.563963495954690E-02, 3.869040541852747E-03,
2594810.500000000, A.D. 2392-Apr-01 00:00:00.0000, 69.185604, -1.377627644248053E-01, 2.790039897994925E-01, 3.601769924071054E-02, -3.096529274096440E-02, -1.130943811257042E-02, 1.881795533136883E-03,
2595175.500000000, A.D. 2393-Apr-01 00:00:00.0000, 69.185603, -3.827186507030018E-01, -1.123963381345401E-02, 3.457095967659865E-02, -5.479885933664558E-03, -2.697866797421235E-02, -1.719908551494937E-03,
2595540.500000000, A.D. 2394-Apr-01 00:00:00.0000, 69.185608, -3.092811823302958E-01, -3.230610671019547E-01, 2.316834584963197E-03, 1.425719278347807E-02, -1.856810800489241E-02, -2.820498906833669E-03,
2595905.500000000, A.D. 2395-Apr-01 00:00:00.0000, 69.185616, -5.630858251873997E-02, -4.630799453257612E-01, -3.226042944974114E-02, 2.221299076374990E-02, -2.492134265370407E-03, -2.221488687984611E-03,
2596271.500000000, A.D. 2396-Apr-01 00:00:00.0000, 69.185620, 2.444332754141489E-01, -3.589156819658298E-01, -5.122780434524375E-02, 1.788481270610493E-02, 1.677610586043728E-02, -2.449515056096980E-04,
2596636.500000000, A.D. 2397-Apr-01 00:00:00.0000, 69.185628, 3.671420837087595E-01, -4.066465506867979E-02, -3.651679103738708E-02, -2.026976752498456E-03, 2.913052016623724E-02, 2.577749459880492E-03,
2597001.500000000, A.D. 2398-Apr-01 00:00:00.0000, 69.185636, 1.367139986538131E-01, 2.849396802585213E-01, 1.083049541694143E-02, -3.109217873671365E-02, 1.305303872481701E-02, 3.894025413507776E-03,
2597366.500000000, A.D. 2399-Apr-01 00:00:00.0000, 69.185637, -2.692261972512466E-01, 2.095699775314548E-01, 4.119482139932868E-02, -2.261235747101210E-02, -2.142993218003279E-02, 2.898554145539762E-04,
2597732.500000000, A.D. 2400-Apr-01 00:00:00.0000, 69.185641, -3.879366556175747E-01, -1.532684699524371E-01, 2.197287986149378E-02, 4.895502509156722E-03, -2.484919429526372E-02, -2.487336967033597E-03,
2598097.500000000, A.D. 2401-Apr-01 00:00:00.0000, 69.185633, -2.191989497427743E-01, -4.038834901987766E-01, -1.394966268229260E-02, 1.919222835709237E-02, -1.184366733560613E-02, -2.715135850346846E-03,
2598462.500000000, A.D. 2402-Apr-01 00:00:00.0000, 69.185621, 6.314718068285381E-02, -4.499968447972063E-01, -4.320712604689157E-02, 2.216592126902197E-02, 5.551318817468277E-03, -1.554466638757481E-03,
2598827.500000000, A.D. 2403-Apr-01 00:00:00.0000, 69.185610, 3.073302737316789E-01, -2.633968995974710E-01, -4.975504427931205E-02, 1.255687321077489E-02, 2.276502458522177E-02, 7.329582611476042E-04,
2599193.500000000, A.D. 2404-Apr-01 00:00:00.0000, 69.185600, 3.046140763287836E-01, 1.226128687335407E-01, -1.747665954567588E-02, -1.611056753610819E-02, 2.723371111917250E-02, 3.701648501474023E-03,
2599558.500000000, A.D. 2405-Apr-01 00:00:00.0000, 69.185601, -6.395637996067766E-02, 3.003418434673488E-01, 3.081283097146841E-02, -3.320131938509489E-02, -4.768243771565519E-03, 2.621129121036742E-03,
2599923.500000000, A.D. 2406-Apr-01 00:00:00.0000, 69.185607, -3.665762965412288E-01, 5.452249000272292E-02, 3.817395678226976E-02, -1.020800048487860E-02, -2.664420558470346E-02, -1.264249860910866E-03,
2600288.500000000, A.D. 2407-Apr-01 00:00:00.0000, 69.185608, -3.428738695954365E-01, -2.738731700264949E-01, 9.000805425033885E-03, 1.163922322709228E-02, -2.090363759808834E-02, -2.774967342481065E-03,
2600654.500000000, A.D. 2408-Apr-01 00:00:00.0000, 69.185617, -9.036410892645159E-02, -4.560940853911832E-01, -2.902865770723215E-02, 2.190196615409944E-02, -4.284861173655049E-03, -2.339959297968524E-03,
2601019.500000000, A.D. 2409-Apr-01 00:00:00.0000, 69.185622, 1.947693675902732E-01, -3.932705893110301E-01, -4.993754642766510E-02, 1.965205655801584E-02, 1.365658425633292E-02, -6.607459057099778E-04,
2601384.500000000, A.D. 2410-Apr-01 00:00:00.0000, 69.185626, 3.596877226984037E-01, -1.082085863334178E-01, -4.167400115106438E-02, 2.847729909714374E-03, 2.807586694026842E-02, 2.049552491816849E-03,
2601749.500000000, A.D. 2411-Apr-01 00:00:00.0000, 69.185630, 1.987922896901990E-01, 2.445457815280848E-01, 1.771843694424523E-03, -2.725602297463357E-02, 1.906856340548717E-02, 4.040346144815978E-03,
2602115.500000000, A.D. 2412-Apr-01 00:00:00.0000, 69.185627, -2.428132003887145E-01, 2.320037237575467E-01, 4.076235835887595E-02, -2.523927222102388E-02, -1.920528010261323E-02, 7.106799800432608E-04,
2602480.500000000, A.D. 2413-Apr-01 00:00:00.0000, 69.185621, -3.988954001372250E-01, -1.002974325480494E-01, 2.770450957288420E-02, 1.064509456769583E-03, -2.612672873284662E-02, -2.244374250304275E-03,
2602845.500000000, A.D. 2414-Apr-01 00:00:00.0000, 69.185612, -2.635995733525290E-01, -3.807596816124576E-01, -7.385504236209255E-03, 1.751070179786455E-02, -1.464347715900525E-02, -2.791765531698555E-03,
2603210.500000000, A.D. 2415-Apr-01 00:00:00.0000, 69.185597, 1.228974611499014E-02, -4.670885877108872E-01, -3.918513382979922E-02, 2.246803447403691E-02, 2.327206545187764E-03, -1.845866821833684E-03,
2603576.500000000, A.D. 2416-Apr-01 00:00:00.0000, 69.185594, 2.932515245114058E-01, -2.995822538098812E-01, -5.058277721774330E-02, 1.425400158749108E-02, 2.121839077134184E-02, 4.525441504364754E-04,
2603941.500000000, A.D. 2417-Apr-01 00:00:00.0000, 69.185597, 3.410732828937396E-01, 5.190193824073528E-02, -2.580267488674238E-02, -1.031902399852405E-02, 2.890654822636797E-02, 3.313412501340919E-03,
2604306.500000000, A.D. 2418-Apr-01 00:00:00.0000, 69.185601, 2.097907464047166E-02, 3.006263174986306E-01, 2.374967669223267E-02, -3.375524588723098E-02, 2.386257884015002E-03, 3.257905406746856E-03,
2604671.500000000, A.D. 2419-Apr-01 00:00:00.0000, 69.185609, -3.309115020707818E-01, 1.150281042458717E-01, 4.030900465667098E-02, -1.514563626653712E-02, -2.539966075812961E-02, -7.154531537533034E-04,
2605037.500000000, A.D. 2420-Apr-01 00:00:00.0000, 69.185615, -3.521209594040712E-01, -2.441450561514937E-01, 1.246838340871307E-02, 9.965190684208090E-03, -2.212187572153061E-02, -2.723818222183597E-03,