2458940.500000000, A.D. 2020-Apr-01 00:00:00.0000, 69.185679, -4.550053558537480E-03, 7.219391083744381E-03, 4.387771511035398E-05, -8.204141387846875E-06, -2.861587197155004E-06, 2.306865259672424E-07,
2459305.500000000, A.D. 2021-Apr-01 00:00:00.0000, 69.185671, -7.238039067935205E-03, 5.446717107985967E-03, 1.244948809314733E-04, -6.162295846588224E-06, -6.604912567735200E-06, 1.999577704899894E-07,
2459670.500000000, A.D. 2022-Apr-01 00:00:00.0000, 69.185661, -8.841897064448866E-03, 2.576376186220791E-03, 1.853864273648924E-04, -2.471462265022475E-06, -8.736818857702791E-06, 1.286607579893715E-07,
2460035.500000000, A.D. 2023-Apr-01 00:00:00.0000, 69.185650, -8.919302903542516E-03, -7.009504881015896E-04, 2.133929824873044E-04, 2.026652200917627E-06, -8.652160912073718E-06, 2.261916723841016E-08,
2460401.500000000, A.D. 2024-Apr-01 00:00:00.0000, 69.185640, -7.494215073797063E-03, -3.515960025942877E-03, 2.052165525093683E-04, 5.541246492371488E-06, -6.353173181323270E-06, -6.663686236742852E-08,
2460766.500000000, A.D. 2025-Apr-01 00:00:00.0000, 69.185634, -5.077390199938686E-03, -5.190159170189515E-03, 1.684343291093402E-04, 7.266403268808296E-06, -2.586540069567004E-06, -1.236096249106216E-07,
2461131.500000000, A.D. 2026-Apr-01 00:00:00.0000, 69.185633, -2.430310157193691E-03, -5.478134574287094E-03, 1.191082104296570E-04, 6.938111784813535E-06, 1.062787446904316E-06, -1.406084746192724E-07,
2461496.500000000, A.D. 2027-Apr-01 00:00:00.0000, 69.185639, -2.367799336107187E-04, -4.544027214290688E-03, 7.257085388628444E-05, 4.827581911031022E-06, 3.894397214164584E-06, -1.084338537474273E-07,
2461862.500000000, A.D. 2028-Apr-01 00:00:00.0000, 69.185649, 1.029518224440997E-03, -2.835992542189427E-03, 4.084267775062098E-05, 1.950951132354372E-06, 5.316580272366883E-06, -5.951521822987293E-08,
2462227.500000000, A.D. 2029-Apr-01 00:00:00.0000, 69.185650, 1.161620577511806E-03, -9.187431043876779E-04, 3.105227584781459E-05, -1.162330381575391E-06, 5.014527293320619E-06, 2.211896022188448E-09,
2462592.500000000, A.D. 2030-Apr-01 00:00:00.0000, 69.185655, 2.396290230253797E-04, 6.427753399620503E-04, 4.328817930447269E-05, -3.793376329202020E-06, 3.383868020010446E-06, 6.355511176780096E-08,
2462957.500000000, A.D. 2031-Apr-01 00:00:00.0000, 69.185663, -1.430525434110169E-03, 1.358785193955502E-03, 7.304614355908021E-05, -5.126255076885078E-06, 5.550595154315757E-07, 9.519427978409191E-08,
2463323.500000000, A.D. 2032-Apr-01 00:00:00.0000, 69.185666, -3.332063629113811E-03, 9.289333327337668E-04, 1.103698749409520E-04, -4.930953733286770E-06, -2.845204803313685E-06, 1.000066608293578E-07,
2463688.500000000, A.D. 2033-Apr-01 00:00:00.0000, 69.185663, -4.780973219145775E-03, -6.658583306773721E-04, 1.401567883426018E-04, -2.790665279031639E-06, -5.617304705803423E-06, 6.008327496401886E-08,
2464053.500000000, A.D. 2034-Apr-01 00:00:00.0000, 69.185653, -5.164356803414713E-03, -3.058241950535307E-03, 1.480501408899936E-04, 8.786317707854720E-07, -7.009861382669695E-06, -2.321128275987871E-08,
2464418.500000000, A.D. 2035-Apr-01 00:00:00.0000, 69.185643, -4.127463000781537E-03, -5.520393383639737E-03, 1.236499137440879E-04, 4.708539216408459E-06, -6.053662857190541E-06, -1.112075189458172E-07,
2464784.500000000, A.D. 2036-Apr-01 00:00:00.0000, 69.185639, -1.808681460177511E-03, -7.248861525842594E-03, 6.711974242932687E-05, 7.626135100501997E-06, -2.967603779854788E-06, -1.902916011780457E-07,
2465149.500000000, A.D. 2037-Apr-01 00:00:00.0000, 69.185633, 1.175743611237850E-03, -7.639418441541419E-03, -9.014079673551128E-06, 8.401494519306511E-06, 9.840084159921252E-07, -2.225462435392989E-07,
2465514.500000000, A.D. 2038-Apr-01 00:00:00.0000, 69.185634, 4.060827892571678E-03, -6.564175081109020E-03, -8.809070236586217E-05, 7.026820794100740E-06, 4.856379985618145E-06, -2.002991390711215E-07,
2465879.500000000, A.D. 2039-Apr-01 00:00:00.0000, 69.185644, 6.152131387491772E-03, -4.297882059650860E-03, -1.526579298145442E-04, 4.218937158100773E-06, 7.473982040638770E-06, -1.466983089371179E-07,
2466245.500000000, A.D. 2040-Apr-01 00:00:00.0000, 69.185651, 7.019367209812844E-03, -1.348774865023326E-03, -1.905124620356068E-04, 4.619329480257405E-07, 8.415360281055586E-06, -5.921490686356288E-08,
2466610.500000000, A.D. 2041-Apr-01 00:00:00.0000, 69.185656, 6.516685494395009E-03, 1.635970214664296E-03, -1.957189659797993E-04, -3.231465555423179E-06, 7.754506536998336E-06, 3.374432876494262E-08,
2466975.500000000, A.D. 2042-Apr-01 00:00:00.0000, 69.185664, 4.769537053574482E-03, 4.051742814390701E-03, -1.680878635155473E-04, -6.149437138161607E-06, 5.380207222857234E-06, 1.123159956254581E-07,
2467340.500000000, A.D. 2043-Apr-01 00:00:00.0000, 69.185670, 2.162034441430773E-03, 5.400998861467918E-03, -1.142031093603012E-04, -7.871691577071627E-06, 1.910033174955157E-06, 1.756094756875376E-07,
2467706.500000000, A.D. 2044-Apr-01 00:00:00.0000, 69.185677, -7.183619541484806E-04, 5.365328914130786E-03, -4.610999651123297E-05, -7.584972375922684E-06, -1.954050221922658E-06, 1.915110056504331E-07,
2468071.500000000, A.D. 2045-Apr-01 00:00:00.0000, 69.185671, -3.147824910968705E-03, 3.965337257725003E-03, 2.016859807210338E-05, -5.370570667052294E-06, -5.418500542792254E-06, 1.610348674035430E-07,
2468436.500000000, A.D. 2046-Apr-01 00:00:00.0000, 69.185658, -4.460292073240139E-03, 1.614256393701532E-03, 6.739461039790033E-05, -1.726425641992992E-06, -7.041506982038388E-06, 9.519981960551746E-08,
2468801.500000000, A.D. 2047-Apr-01 00:00:00.0000, 69.185650, -4.328027454701865E-03, -9.468034676041668E-04, 8.497925920374782E-05, 2.358820920047199E-06, -6.438122583827182E-06, 2.056594033789839E-09,
2469167.500000000, A.D. 2048-Apr-01 00:00:00.0000, 69.185642, -2.903922044939577E-03, -2.886001512095829E-03, 7.277287948475892E-05, 5.148842106334111E-06, -3.845184989286598E-06, -6.664432128654987E-08,
2469532.500000000, A.D. 2049-Apr-01 00:00:00.0000, 69.185637, -7.870987314130964E-04, -3.648341507153004E-03, 4.092288479911138E-05, 6.029049428188358E-06, -1.818492354622668E-07, -9.806222433421485E-08,
2469897.500000000, A.D. 2050-Apr-01 00:00:00.0000, 69.185640, 1.267051946372465E-03, -3.127195083897036E-03, 5.952831197069716E-06, 4.961810387256746E-06, 3.037198434175298E-06, -8.928577585975338E-08,
2470262.500000000, A.D. 2051-Apr-01 00:00:00.0000, 69.185645, 2.634832380957736E-03, -1.598739757712454E-03, -1.773718029751541E-05, 2.346402804401611E-06, 5.160163663998970E-06, -3.622724872216166E-08,
2470628.500000000, A.D. 2052-Apr-01 00:00:00.0000, 69.185654, 2.940739974529337E-03, 4.269563904435204E-04, -2.016686576884663E-05, -7.762967792535540E-07, 5.780473239906249E-06, 2.826534904024242E-08,
2470993.500000000, A.D. 2053-Apr-01 00:00:00.0000, 69.185656, 2.082012829159516E-03, 2.354470141413867E-03, 3.188434525964207E-06, -3.821601532278304E-06, 4.632808649603110E-06, 9.649459603283418E-08,
2471358.500000000, A.D. 2054-Apr-01 00:00:00.0000, 69.185658, 2.418637093776788E-04, 3.633951937061365E-03, 4.976366299050235E-05, -6.136401902487977E-06, 2.227127914677963E-06, 1.570202024962683E-07,
2471723.500000000, A.D. 2055-Apr-01 00:00:00.0000, 69.185666, -2.178073338577753E-03, 3.812317770404478E-03, 1.120488004898591E-04, -6.863507622830061E-06, -1.202790348924907E-06, 1.785093793529954E-07,
2472089.500000000, A.D. 2056-Apr-01 00:00:00.0000, 69.185668, -4.580161113180013E-03, 2.672883398236921E-03, 1.774445049043126E-04, -5.897613062542279E-06, -4.927443194254125E-06, 1.670030388468928E-07,
2472454.500000000, A.D. 2057-Apr-01 00:00:00.0000, 69.185658, -6.234457928291730E-03, 3.144523150930350E-04, 2.283390092919972E-04, -2.949606163662111E-06, -7.651683356755797E-06, 1.073653548538150E-07,
2472819.500000000, A.D. 2058-Apr-01 00:00:00.0000, 69.185649, -6.556285232201860E-03, -2.759853474154742E-03, 2.497721691898259E-04, 1.334223500714520E-06, -8.661964526953060E-06, 4.323194704089392E-09,
2473184.500000000, A.D. 2059-Apr-01 00:00:00.0000, 69.185637, -5.289313256722776E-03, -5.731228796967352E-03, 2.322706187752272E-04, 5.448672713214063E-06, -7.170465566779345E-06, -9.870455124772772E-08,
2473550.500000000, A.D. 2060-Apr-01 00:00:00.0000, 69.185633, -2.701878687346149E-03, -7.783014673086343E-03, 1.782608897194083E-04, 8.304373045472162E-06, -3.655962142314110E-06, -1.868019504309912E-07,
2473915.500000000, A.D. 2061-Apr-01 00:00:00.0000, 69.185630, 5.043482958723594E-04, -8.380556204049656E-03, 1.018256300984448E-04, 8.914972635261106E-06, 4.968123916153611E-07, -2.267466787915029E-07,
2474280.500000000, A.D. 2062-Apr-01 00:00:00.0000, 69.185630, 3.545884101561469E-03, -7.478321547693348E-03, 2.023742858693723E-05, 7.400675850318328E-06, 4.347250075769466E-06, -2.119570865071927E-07,
2474645.500000000, A.D. 2063-Apr-01 00:00:00.0000, 69.185640, 5.767917231707191E-03, -5.409997326915282E-03, -4.978101829908985E-05, 4.586090647473705E-06, 6.885299042161636E-06, -1.665640797732780E-07,
2475011.500000000, A.D. 2064-Apr-01 00:00:00.0000, 69.185649, 6.782963763380318E-03, -2.701935932620553E-03, -9.661863587317719E-05, 9.472921844082171E-07, 7.700202160296549E-06, -8.968055277340817E-08,
2475376.500000000, A.D. 2065-Apr-01 00:00:00.0000, 69.185651, 6.493831398656329E-03, 8.638162482591984E-06, -1.150309563184352E-04, -2.534723160652731E-06, 6.985589177707668E-06, -7.509132205514481E-09,
2475741.500000000, A.D. 2066-Apr-01 00:00:00.0000, 69.185660, 5.056679564360264E-03, 2.138957382639414E-03, -1.050963249433208E-04, -5.134939425594834E-06, 4.621046032573610E-06, 5.811071735990064E-08,
2476106.500000000, A.D. 2067-Apr-01 00:00:00.0000, 69.185668, 2.889345792002157E-03, 3.233490888692667E-03, -7.363839365245071E-05, -6.481753081115523E-06, 1.298871289119466E-06, 1.081080175892498E-07,
2476472.500000000, A.D. 2068-Apr-01 00:00:00.0000, 69.185671, 5.959824607856319E-04, 3.032312186218767E-03, -3.282709565482951E-05, -5.777418527772744E-06, -2.213961872174278E-06, 1.100489886664337E-07,
2476837.500000000, A.D. 2069-Apr-01 00:00:00.0000, 69.185665, -1.113305371774555E-03, 1.648112307040833E-03, 2.038198408290711E-06, -3.264815018512278E-06, -5.042736292466587E-06, 6.954960126406046E-08,
2477202.500000000, A.D. 2070-Apr-01 00:00:00.0000, 69.185652, -1.650172469392096E-03, -4.187242429310741E-04, 1.554135470800585E-05, 3.685141199816740E-07, -5.835456599235588E-06, 2.118018329085733E-09,
2477567.500000000, A.D. 2071-Apr-01 00:00:00.0000, 69.185643, -8.265149557457848E-04, -2.384750190975652E-03, 6.280039188916724E-07, 3.980799433244923E-06, -4.412501291451182E-06, -8.088776670375564E-08,
2477933.500000000, A.D. 2072-Apr-01 00:00:00.0000, 69.185641, 1.052671046424606E-03, -3.482797242386833E-03, -3.888763901056667E-05, 5.975480524565775E-06, -1.319032150064873E-06, -1.304762372850298E-07,
2478298.500000000, A.D. 2073-Apr-01 00:00:00.0000, 69.185635, 3.303499923938679E-03, -3.295800297142881E-03, -8.982484550829059E-05, 5.932766084997467E-06, 2.419665736993909E-06, -1.371806181497169E-07,
2478663.500000000, A.D. 2074-Apr-01 00:00:00.0000, 69.185641, 5.182170790407512E-03, -1.865052858009641E-03, -1.351763565416218E-04, 4.108206154566385E-06, 5.377576127797013E-06, -1.062202967024681E-07,
2479028.500000000, A.D. 2075-Apr-01 00:00:00.0000, 69.185650, 6.127791641376561E-03, 4.381595924081834E-04, -1.611193742323973E-04, 9.319601319254298E-07, 7.018052486982177E-06, -3.385503616313071E-08,
2479394.500000000, A.D. 2076-Apr-01 00:00:00.0000, 69.185656, 5.848865948110863E-03, 3.048058418282308E-03, -1.592309140572243E-04, -2.518658021100080E-06, 7.099184163327742E-06, 4.743921372336623E-08,
2479759.500000000, A.D. 2077-Apr-01 00:00:00.0000, 69.185662, 4.320697995363454E-03, 5.349530805642134E-03, -1.262963927775732E-04, -5.692565060097374E-06, 5.367704667101730E-06, 1.280647628111425E-07,
2480124.500000000, A.D. 2078-Apr-01 00:00:00.0000, 69.185665, 1.803875083145200E-03, 6.795925835425621E-03, -6.656306225556722E-05, -7.939192375229444E-06, 2.429400792793112E-06, 1.972881614892044E-07,
2480489.500000000, A.D. 2079-Apr-01 00:00:00.0000, 69.185670, -1.233715237719224E-03, 6.962107634264846E-03, 1.096719683882933E-05, -8.416085288142472E-06, -1.435113337838445E-06, 2.224110048174684E-07,
2480855.500000000, A.D. 2080-Apr-01 00:00:00.0000, 69.185674, -4.132510567142112E-03, 5.688347521849260E-03, 9.208656096006427E-05, -7.065008064753199E-06, -5.380005157344007E-06, 2.100132060701730E-07,
2481220.500000000, A.D. 2081-Apr-01 00:00:00.0000, 69.185660, -6.142945888058473E-03, 3.165904171311259E-03, 1.582218400174131E-04, -3.755784648276980E-06, -8.063797186856567E-06, 1.478273965453756E-07,
2481585.500000000, A.D. 2082-Apr-01 00:00:00.0000, 69.185649, -6.723784102849281E-03, -7.444044875284271E-06, 1.947769841025779E-04, 6.618375703760393E-07, -8.787828146465592E-06, 4.641957429082129E-08,
2481950.500000000, A.D. 2083-Apr-01 00:00:00.0000, 69.185640, -5.734214180203531E-03, -2.978957328613605E-03, 1.943445640978908E-04, 4.573659258319932E-06, -7.072500553058253E-06, -4.803408111753874E-08,
2482316.500000000, A.D. 2084-Apr-01 00:00:00.0000, 69.185633, -3.544198601327036E-03, -4.990105521604616E-03, 1.614216367994663E-04, 6.995247780531559E-06, -3.590643415676444E-06, -1.220734927971154E-07,
2482681.500000000, A.D. 2085-Apr-01 00:00:00.0000, 69.185632, -8.853313296056175E-04, -5.630401492560842E-03, 1.104623938772628E-04, 7.256530878653702E-06, 1.731897405496674E-07, -1.515457336627943E-07,
2483046.500000000, A.D. 2086-Apr-01 00:00:00.0000, 69.185633, 1.516688200315575E-03, -4.951589456036205E-03, 5.724369167055464E-05, 5.590620921792528E-06, 3.423616194737970E-06, -1.317007189622845E-07,
2483411.500000000, A.D. 2087-Apr-01 00:00:00.0000, 69.185639, 3.103053207852759E-03, -3.341011718283052E-03, 1.558558603178385E-05, 2.940867388248504E-06, 5.308288273696147E-06, -9.137244275258527E-08,
2483777.500000000, A.D. 2088-Apr-01 00:00:00.0000, 69.185648, 3.584849010313750E-03, -1.318646533865199E-03, -5.762165198659244E-06, -2.839374922177441E-07, 5.528083797037292E-06, -2.794141752412285E-08,
2484142.500000000, A.D. 2089-Apr-01 00:00:00.0000, 69.185648, 2.955353214627222E-03, 5.165580672326339E-04, -4.653646592905195E-06, -3.129084480247084E-06, 4.382950392772944E-06, 3.497089985359064E-08,
2484507.500000000, A.D. 2090-Apr-01 00:00:00.0000, 69.185655, 1.437875258185620E-03, 1.649507424855646E-03, 1.664359962361364E-05, -4.942613151948745E-06, 1.795760572433986E-06, 7.592484038233593E-08,
2484872.500000000, A.D. 2091-Apr-01 00:00:00.0000, 69.185664, -4.963987199657994E-04, 1.711162292063966E-03, 4.931386530409892E-05, -5.380691685513997E-06, -1.464518299828467E-06, 9.669181762691337E-08,
2485238.500000000, A.D. 2092-Apr-01 00:00:00.0000, 69.185663, -2.223389937420418E-03, 5.632269417582772E-04, 8.019837267225262E-05, -3.798439351586925E-06, -4.556189028354388E-06, 6.844716578046910E-08,
2485603.500000000, A.D. 2093-Apr-01 00:00:00.0000, 69.185656, -3.070439346361326E-03, -1.540423058922378E-03, 9.428921551750165E-05, -5.932779227549510E-07, -6.573422171175166E-06, 3.009248793631577E-10,
2485968.500000000, A.D. 2094-Apr-01 00:00:00.0000, 69.185643, -2.571062387980205E-03, -3.980317332336229E-03, 7.881013571405807E-05, 3.291401748778416E-06, -6.346559203063074E-06, -8.558483289620593E-08,
2486333.500000000, A.D. 2095-Apr-01 00:00:00.0000, 69.185634, -7.079424978303998E-04, -5.940388080673251E-03, 3.078428295055622E-05, 6.668811525082792E-06, -3.918892213616261E-06, -1.734966037964855E-07,
2486699.500000000, A.D. 2096-Apr-01 00:00:00.0000, 69.185635, 2.051282940100704E-03, -6.724556364478851E-03, -4.143311442428138E-05, 8.087010672853735E-06, -1.624846868264243E-07, -2.171655946449234E-07,
2487064.500000000, A.D. 2097-Apr-01 00:00:00.0000, 69.185631, 4.946948679143847E-03, -6.048785373274101E-03, -1.217280082253605E-04, 7.362882371717889E-06, 3.885821213852387E-06, -2.112708431459331E-07,
2487429.500000000, A.D. 2098-Apr-01 00:00:00.0000, 69.185637, 7.237692880625135E-03, -4.078823478199797E-03, -1.920922783638888E-04, 4.966391980719121E-06, 6.848976352451893E-06, -1.683759877782835E-07,
2487794.500000000, A.D. 2099-Apr-01 00:00:00.0000, 69.185649, 8.414178453146959E-03, -1.265012056293029E-03, -2.388663512193346E-04, 1.356271345080767E-06, 8.331572252573121E-06, -8.474466128968474E-08,
2488159.500000000, A.D. 2100-Apr-01 00:00:00.0000, 69.185652, 8.244156901117192E-03, 1.772076975528353E-03, -2.543282417736509E-04, -2.332099576467491E-06, 8.163570837851832E-06, 4.190229164793009E-09,
2488524.500000000, A.D. 2101-Apr-01 00:00:00.0000, 69.185658, 6.765579501111370E-03, 4.419785192570417E-03, -2.360716640016634E-04, -5.590621347681887E-06, 6.186103266828014E-06, 9.002468801435200E-08,
2488889.500000000, A.D. 2102-Apr-01 00:00:00.0000, 69.185665, 4.295753347438940E-03, 6.127906702381213E-03, -1.892961128762658E-04, -7.745621023940185E-06, 3.055728284000753E-06, 1.620969726579851E-07,
2489254.500000000, A.D. 2103-Apr-01 00:00:00.0000, 69.185667, 1.358157676417977E-03, 6.512806378526100E-03, -1.239442438287367E-04, -8.035591311219456E-06, -8.400561365897441E-07, 1.892220242007939E-07,
2489620.500000000, A.D. 2104-Apr-01 00:00:00.0000, 69.185670, -1.358199365330919E-03, 5.479880424717937E-03, -5.497841182264252E-05, -6.447888593310456E-06, -4.595839277576025E-06, 1.771140834541315E-07,
2489985.500000000, A.D. 2105-Apr-01 00:00:00.0000, 69.185656, -3.126733372466828E-03, 3.315038729890405E-03, -4.470982249055340E-07, -3.087845536137258E-06, -6.853759762460843E-06, 1.189265041865254E-07,
2490350.500000000, A.D. 2106-Apr-01 00:00:00.0000, 69.185643, -3.494825840077088E-03, 6.790879638673957E-04, 2.678501935655578E-05, 1.079580602290654E-06, -7.041436750075191E-06, 2.774430828289261E-08,
2490715.500000000, A.D. 2107-Apr-01 00:00:00.0000, 69.185638, -2.456481869222443E-03, -1.578836648168187E-03, 2.259279460464848E-05, 4.370222284200305E-06, -4.970152562531876E-06, -4.837788316762720E-08,
2491081.500000000, A.D. 2108-Apr-01 00:00:00.0000, 69.185634, -4.821758597392028E-04, -2.800102748963820E-03, -5.920436650045721E-06, 6.003061784902944E-06, -1.456492718983121E-06, -9.796923615149707E-08,
2491446.500000000, A.D. 2109-Apr-01 00:00:00.0000, 69.185633, 1.669415830537279E-03, -2.715163166552543E-03, -4.301369905767978E-05, 5.516794983350063E-06, 1.946782601782108E-06, -1.020606360136211E-07,
2491811.500000000, A.D. 2110-Apr-01 00:00:00.0000, 69.185639, 3.327446428651202E-03, -1.496549880371021E-03, -7.375136245356966E-05, 3.305938534763320E-06, 4.578790741051468E-06, -5.956641322982623E-08,
2492176.500000000, A.D. 2111-Apr-01 00:00:00.0000, 69.185642, 4.018316714177797E-03, 3.928092881613158E-04, -8.605340877606153E-05, 3.796989949675130E-07, 5.677090332515388E-06, -3.324087684154661E-09,
2492542.500000000, A.D. 2112-Apr-01 00:00:00.0000, 69.185653, 3.557703492754563E-03, 2.397977047742687E-03, -7.362840759700699E-05, -2.834772494956684E-06, 5.079439813258291E-06, 6.887650007761584E-08,
2492907.500000000, A.D. 2113-Apr-01 00:00:00.0000, 69.185653, 2.042629831550237E-03, 3.920903648848334E-03, -3.717794635892651E-05, -5.387997511583318E-06, 3.138955524430993E-06, 1.316722640540032E-07,
2493272.500000000, A.D. 2114-Apr-01 00:00:00.0000, 69.185656, -2.014875965987000E-04, 4.482212478761802E-03, 1.806199483507064E-05, -6.641306096472759E-06, -7.293904357444528E-08, 1.639854020678720E-07,
2493637.500000000, A.D. 2115-Apr-01 00:00:00.0000, 69.185663, -2.620875413393300E-03, 3.782126318682101E-03, 8.040095483503332E-05, -6.296987508659593E-06, -3.724998608650333E-06, 1.681988249996398E-07,
2494003.500000000, A.D. 2116-Apr-01 00:00:00.0000, 69.185658, -4.530812230308196E-03, 1.795029255193739E-03, 1.341708845494698E-04, -3.875294687758939E-06, -6.826474760079939E-06, 1.200115249076862E-07,
2494368.500000000, A.D. 2117-Apr-01 00:00:00.0000, 69.185645, -5.265976736146641E-03, -1.088519108428917E-03, 1.629513150292483E-04, 7.078255918923581E-08, -8.500252328160401E-06, 2.955820645587958E-08,
2494733.500000000, A.D. 2118-Apr-01 00:00:00.0000, 69.185635, -4.441489960381150E-03, -4.130064349944413E-03, 1.546644316632823E-04, 4.345343169061616E-06, -7.694526476336373E-06, -7.360489310648529E-08,
2495098.500000000, A.D. 2119-Apr-01 00:00:00.0000, 69.185624, -2.172520626754306E-03, -6.479140322037122E-03, 1.083248201711830E-04, 7.773944292029564E-06, -4.709849353127258E-06, -1.731873408010912E-07,
2495464.500000000, A.D. 2120-Apr-01 00:00:00.0000, 69.185625, 9.634636038540909E-04, -7.482227344629167E-03, 3.459019682311792E-05, 9.012164102048788E-06, -6.217238108637390E-07, -2.246707090140654E-07,
2495829.500000000, A.D. 2121-Apr-01 00:00:00.0000, 69.185624, 4.163810226693643E-03, -6.945373604968712E-03, -4.951031943555906E-05, 8.112559023842958E-06, 3.540179492335749E-06, -2.254799868563648E-07,
2496194.500000000, A.D. 2122-Apr-01 00:00:00.0000, 69.185628, 6.704273184539965E-03, -5.100571971233927E-03, -1.259169542183129E-04, 5.620756086724925E-06, 6.476977308256056E-06, -1.895266225966442E-07,
2496559.500000000, A.D. 2123-Apr-01 00:00:00.0000, 69.185641, 8.120637240067780E-03, -2.435586592017723E-03, -1.816623231012117E-04, 2.049123941476452E-06, 7.895567109764720E-06, -1.139091734527432E-07,
2496925.500000000, A.D. 2124-Apr-01 00:00:00.0000, 69.185648, 8.219550085153857E-03, 4.374443733112674E-04, -2.094433312373843E-04, -1.523875310128857E-06, 7.666054730720579E-06, -3.369874994131471E-08,
2497290.500000000, A.D. 2125-Apr-01 00:00:00.0000, 69.185652, 7.079768313111806E-03, 2.900633484127833E-03, -2.072019826189724E-04, -4.538662522759276E-06, 5.705093776474590E-06, 4.170018758811203E-08,
2497655.500000000, A.D. 2126-Apr-01 00:00:00.0000, 69.185662, 5.047482286249098E-03, 4.445542078339859E-03, -1.802952128694785E-04, -6.388274651184955E-06, 2.664895397108749E-06, 1.025110616592014E-07,
2498020.500000000, A.D. 2127-Apr-01 00:00:00.0000, 69.185663, 2.675877328966329E-03, 4.737715640116328E-03, -1.389937977988994E-04, -6.312432808599617E-06, -9.305380201194611E-07, 1.178310740768548E-07,
2498386.500000000, A.D. 2128-Apr-01 00:00:00.0000, 69.185664, 6.506332972227976E-04, 3.760716492902632E-03, -9.790669743765110E-05, -4.402407152618658E-06, -4.163837607754984E-06, 9.501467792769776E-08,
2498751.500000000, A.D. 2129-Apr-01 00:00:00.0000, 69.185652, -3.521261719784749E-04, 1.894559873420870E-03, -7.371904908869797E-05, -9.882042715506111E-07, -5.628847639889978E-06, 3.457741293330203E-08,
2499116.500000000, A.D. 2130-Apr-01 00:00:00.0000, 69.185637, -5.456824020770550E-06, -1.423119386035344E-04, -7.633547170405112E-05, 2.836011896351772E-06, -4.981288400785778E-06, -4.975831256608117E-08,
2499481.500000000, A.D. 2131-Apr-01 00:00:00.0000, 69.185635, 1.544680973911161E-03, -1.526914190413931E-03, -1.058769951331586E-04, 5.365370909736224E-06, -2.295768603905374E-06, -1.075730417923721E-07,
2499847.500000000, A.D. 2132-Apr-01 00:00:00.0000, 69.185634, 3.715110922337217E-03, -1.722889211304002E-03, -1.519977183045323E-04, 6.066018104916292E-06, 1.413969095197703E-06, -1.326751016614373E-07,
2500212.500000000, A.D. 2133-Apr-01 00:00:00.0000, 69.185633, 5.730537313946916E-03, -6.136794863137590E-04, -1.974975283512267E-04, 4.714717383773391E-06, 4.629359839848172E-06, -1.124515762747773E-07,
2500577.500000000, A.D. 2134-Apr-01 00:00:00.0000, 69.185642, 6.972075125977023E-03, 1.508897476933875E-03, -2.279772257588098E-04, 1.861462666555946E-06, 6.811022816242818E-06, -4.900836586069907E-08,
2500942.500000000, A.D. 2135-Apr-01 00:00:00.0000, 69.185647, 7.049048494233608E-03, 4.118663706924752E-03, -2.326275134653590E-04, -1.498835665421955E-06, 7.357595809490107E-06, 2.563596561942527E-08,
2501308.500000000, A.D. 2136-Apr-01 00:00:00.0000, 69.185655, 5.856527222814380E-03, 6.627049814377687E-03, -2.067069250174463E-04, -4.907173994961199E-06, 6.158458391085361E-06, 1.118862002824040E-07,
2501673.500000000, A.D. 2137-Apr-01 00:00:00.0000, 69.185659, 3.572368307123163E-03, 8.435197944245711E-03, -1.524601047039677E-04, -7.485547512149191E-06, 3.627593110113275E-06, 1.852459284323655E-07,
2502038.500000000, A.D. 2138-Apr-01 00:00:00.0000, 69.185660, 5.955696530227584E-04, 9.078047105312058E-03, -7.692000569846389E-05, -8.537697025531548E-06, -7.371834111390990E-08, 2.225149746325340E-07,
2502403.500000000, A.D. 2139-Apr-01 00:00:00.0000, 69.185666, -2.458046506492902E-03, 8.307676002584228E-03, 6.748608140546921E-06, -7.857425509122938E-06, -4.071870976440390E-06, 2.269578494959781E-07,
2502769.500000000, A.D. 2140-Apr-01 00:00:00.0000, 69.185663, -4.861573565663863E-03, 6.175843214981913E-03, 8.138051823182538E-05, -5.041113409292894E-06, -7.229439881258300E-06, 1.759672305117034E-07,
2503134.500000000, A.D. 2141-Apr-01 00:00:00.0000, 69.185646, -5.972216305228731E-03, 3.175562836875969E-03, 1.304122689808040E-04, -8.560620230035329E-07, -8.720399496338543E-06, 8.373981172708526E-08,
2503499.500000000, A.D. 2142-Apr-01 00:00:00.0000, 69.185637, -5.493886081064687E-03, 1.064239801052607E-04, 1.430910418831766E-04, 3.327994231008539E-06, -7.646991171743640E-06, -1.359194080205642E-08,
2503864.500000000, A.D. 2143-Apr-01 00:00:00.0000, 69.185627, -3.660951436465495E-03, -2.208794467559605E-03, 1.206743140977420E-04, 6.392677158380669E-06, -4.618832155957185E-06, -1.022420803844621E-07,
2504230.500000000, A.D. 2144-Apr-01 00:00:00.0000, 69.185627, -1.104826615762465E-03, -3.222973623778493E-03, 7.484537380037830E-05, 7.240357635675714E-06, -8.129258297546821E-07, -1.429217183227745E-07,
2504595.500000000, A.D. 2145-Apr-01 00:00:00.0000, 69.185628, 1.402906413274540E-03, -2.854836621845736E-03, 2.152704407553364E-05, 6.134351033125284E-06, 2.789087013313365E-06, -1.384725276453648E-07,
2504960.500000000, A.D. 2146-Apr-01 00:00:00.0000, 69.185630, 3.230055583120232E-03, -1.398871644572394E-03, -2.378103458859966E-05, 3.712592342734004E-06, 5.094198345580029E-06, -1.058509664364561E-07,
2505325.500000000, A.D. 2147-Apr-01 00:00:00.0000, 69.185640, 4.007207749100839E-03, 6.460086182436471E-04, -5.102555859065037E-05, 4.959064570817385E-07, 5.891181063653922E-06, -4.311803053961371E-08,
2505691.500000000, A.D. 2148-Apr-01 00:00:00.0000, 69.185648, 3.632734034396268E-03, 2.700269500800036E-03, -5.570970336603883E-05, -2.526330339801189E-06, 5.200017923168662E-06, 1.907285064878645E-08,
2506056.500000000, A.D. 2149-Apr-01 00:00:00.0000, 69.185648, 2.256222486851570E-03, 4.203125426232974E-03, -3.827156593574437E-05, -4.793496994230426E-06, 2.957029424766380E-06, 7.022944843209252E-08,
2506421.500000000, A.D. 2150-Apr-01 00:00:00.0000, 69.185657, 2.783552270502244E-04, 4.730678118149534E-03, -5.782472239760737E-06, -5.811356727665067E-06, -1.140500542706110E-07, 1.036218443647839E-07,
2506786.500000000, A.D. 2151-Apr-01 00:00:00.0000, 69.185657, -1.718352859077862E-03, 4.050616998211007E-03, 3.016475542927612E-05, -4.847626531411917E-06, -3.397762363183845E-06, 8.881626219060268E-08,
2507152.500000000, A.D. 2152-Apr-01 00:00:00.0000, 69.185653, -3.064683329126666E-03, 2.282490392263744E-03, 5.506065628628247E-05, -2.207055415424531E-06, -5.956095071655473E-06, 3.769111493376704E-08,
2507517.500000000, A.D. 2153-Apr-01 00:00:00.0000, 69.185642, -3.179626740886176E-03, -6.530883479268359E-05, 5.404229527837956E-05, 1.586403287689641E-06, -6.447694294087075E-06, -4.347286478806256E-08,
2507882.500000000, A.D. 2154-Apr-01 00:00:00.0000, 69.185629, -1.901037279584335E-03, -2.209264189203781E-03, 2.120608319226486E-05, 5.284388361160082E-06, -4.792568649012023E-06, -1.361836217400046E-07,
2508247.500000000, A.D. 2155-Apr-01 00:00:00.0000, 69.185627, 4.550020208558472E-04, -3.374726090025471E-03, -3.904605224901161E-05, 7.294726408808675E-06, -1.348574533026073E-06, -1.895913441087256E-07,
2508613.500000000, A.D. 2156-Apr-01 00:00:00.0000, 69.185632, 3.199945255951887E-03, -3.144938713240410E-03, -1.128373957047298E-04, 7.290290786650899E-06, 2.724729849381251E-06, -2.022763247010401E-07,
2508978.500000000, A.D. 2157-Apr-01 00:00:00.0000, 69.185630, 5.544987493899440E-03, -1.542962297715985E-03, -1.814602106813690E-04, 5.314773088730030E-06, 5.992346956948046E-06, -1.687475998143340E-07,
2509343.500000000, A.D. 2158-Apr-01 00:00:00.0000, 69.185641, 6.909571898483887E-03, 1.046342300568461E-03, -2.303581776854817E-04, 1.972794158047465E-06, 7.989040819057945E-06, -9.303363286730790E-08,
2509708.500000000, A.D. 2159-Apr-01 00:00:00.0000, 69.185649, 6.969873792243951E-03, 4.040342629635671E-03, -2.495184637986485E-04, -1.696747258740255E-06, 8.276702072060986E-06, -8.349850962401664E-09,
2510074.500000000, A.D. 2160-Apr-01 00:00:00.0000, 69.185655, 5.678423143406748E-03, 6.826029201866026E-03, -2.349245053339573E-04, -5.219261630558099E-06, 6.750615127853861E-06, 8.333772593145321E-08,
2510439.500000000, A.D. 2161-Apr-01 00:00:00.0000, 69.185661, 3.282769774137243E-03, 8.805029709569588E-03, -1.898792783639298E-04, -7.757943284754240E-06, 3.963112570555985E-06, 1.612676204826878E-07,
2510804.500000000, A.D. 2162-Apr-01 00:00:00.0000, 69.185663, 2.369184636265895E-04, 9.537700081890851E-03, -1.224859952189102E-04, -8.605792790839851E-06, 1.160671786354788E-07, 2.000851595347935E-07,
2511169.500000000, A.D. 2163-Apr-01 00:00:00.0000, 69.185665, -2.796870999010138E-03, 8.840722401380280E-03, -4.680309910962853E-05, -7.671603657909926E-06, -3.813186011417422E-06, 2.050946625553066E-07,
2511535.500000000, A.D. 2164-Apr-01 00:00:00.0000, 69.185662, -5.094346636679633E-03, 6.852060270678886E-03, 1.981569465418471E-05, -4.677435679420937E-06, -6.647475268102810E-06, 1.557476699467512E-07,
2511900.500000000, A.D. 2165-Apr-01 00:00:00.0000, 69.185644, -6.080094727797435E-03, 4.151889303014346E-03, 6.226381968841912E-05, -6.109228549622736E-07, -7.641202700762227E-06, 7.091550359710512E-08,
2512265.500000000, A.D. 2166-Apr-01 00:00:00.0000, 69.185636, -5.585934179695226E-03, 1.556937766392802E-03, 7.256814625885393E-05, 3.100435611448613E-06, -6.160226499932125E-06, -1.132489870931876E-08,
2512630.500000000, A.D. 2167-Apr-01 00:00:00.0000, 69.185631, -3.965128063283957E-03, -1.786334602113997E-04, 5.507746152770422E-05, 5.425452422664000E-06, -3.019142547733039E-06, -7.742261556341979E-08,
2512996.500000000, A.D. 2168-Apr-01 00:00:00.0000, 69.185630, -1.900346235131395E-03, -6.462671676826351E-04, 2.311101871631897E-05, 5.548225577818884E-06, 5.119819044419028E-07, -9.373190011024202E-08,
2513361.500000000, A.D. 2169-Apr-01 00:00:00.0000, 69.185632, -1.282217266399094E-04, 1.066854763205362E-04, -7.619171108946764E-06, 3.853858601934497E-06, 3.521040911956769E-06, -6.611909421638880E-08,
2513726.500000000, A.D. 2170-Apr-01 00:00:00.0000, 69.185637, 8.047697233084206E-04, 1.692078204369483E-03, -2.345576092193261E-05, 1.139138170176130E-06, 5.069504814937968E-06, -1.708087024257968E-08,
2514091.500000000, A.D. 2171-Apr-01 00:00:00.0000, 69.185644, 6.280670099454123E-04, 3.571356891757653E-03, -1.655542128049384E-05, -2.100455958227163E-06, 5.012083481185381E-06, 5.466303788227606E-08,
2514457.500000000, A.D. 2172-Apr-01 00:00:00.0000, 69.185653, -6.516787342671172E-04, 5.153648997650986E-03, 1.467603854629748E-05, -4.849871139215754E-06, 3.516576676311893E-06, 1.179710956719742E-07,
2514822.500000000, A.D. 2173-Apr-01 00:00:00.0000, 69.185652, -2.781591010345142E-03, 5.909903357835425E-03, 6.675618108269097E-05, -6.557862280189790E-06, 5.701727676745308E-07, 1.598792266750012E-07,
2515187.500000000, A.D. 2174-Apr-01 00:00:00.0000, 69.185657, -5.264871724056500E-03, 5.478554847305760E-03, 1.295014237060101E-04, -6.784728318086054E-06, -2.949317945538108E-06, 1.769825393446880E-07,
2515552.500000000, A.D. 2175-Apr-01 00:00:00.0000, 69.185658, -7.454923121398622E-03, 3.732484400899327E-03, 1.886522406919159E-04, -4.906477873561303E-06, -6.344464588725079E-06, 1.401059983024799E-07,
2515918.500000000, A.D. 2176-Apr-01 00:00:00.0000, 69.185648, -8.662322009441262E-03, 9.267292104643380E-04, 2.279242071350617E-04, -1.413042083697048E-06, -8.605815409742286E-06, 6.461909820073493E-08,
2516283.500000000, A.D. 2177-Apr-01 00:00:00.0000, 69.185634, -8.375611687581754E-03, -2.291501180047113E-03, 2.325445088544834E-04, 2.942144980101098E-06, -8.520312130106265E-06, -3.797624000403817E-08,
2516648.500000000, A.D. 2178-Apr-01 00:00:00.0000, 69.185623, -6.557316558557904E-03, -5.069900254676372E-03, 1.985200350945806E-04, 6.804780055412795E-06, -6.200820451275916E-06, -1.450654274483182E-07,
2517013.500000000, A.D. 2179-Apr-01 00:00:00.0000, 69.185619, -3.659155001688777E-03, -6.660662516823596E-03, 1.328938003926552E-04, 8.707437322301361E-06, -2.303514264448973E-06, -2.082794851958563E-07,
2517379.500000000, A.D. 2180-Apr-01 00:00:00.0000, 69.185624, -4.339977159968967E-04, -6.726948260608962E-03, 5.116666074284911E-05, 8.488971176130664E-06, 1.998614740283423E-06, -2.271971944862335E-07,
2517744.500000000, A.D. 2181-Apr-01 00:00:00.0000, 69.185624, 2.323110516435049E-03, -5.378260123427708E-03, -2.752303827198135E-05, 6.400289304804590E-06, 5.308510286905778E-06, -2.006589492328867E-07,
2518109.500000000, A.D. 2182-Apr-01 00:00:00.0000, 69.185633, 4.070967544288943E-03, -3.043184939641368E-03, -8.886984146927220E-05, 3.023741679516218E-06, 7.262879217816923E-06, -1.311926469837658E-07,
2518474.500000000, A.D. 2183-Apr-01 00:00:00.0000, 69.185643, 4.530628200394475E-03, -3.250494996636606E-04, -1.234846615781543E-04, -5.392593630262053E-07, 7.511199003371405E-06, -5.452730485560313E-08,
2518840.500000000, A.D. 2184-Apr-01 00:00:00.0000, 69.185648, 3.694773747375317E-03, 2.174930111545326E-03, -1.275972843187405E-04, -3.869147963056260E-06, 5.972055271541457E-06, 2.803314167659155E-08,
2519205.500000000, A.D. 2185-Apr-01 00:00:00.0000, 69.185653, 1.845202525636422E-03, 3.879524487110543E-03, -1.048144514937231E-04, -6.117114536630825E-06, 3.265410696880274E-06, 9.619787736122774E-08,
2519570.500000000, A.D. 2186-Apr-01 00:00:00.0000, 69.185659, -5.366930418821041E-04, 4.394630674226011E-03, -6.334711712002825E-05, -6.612435392800175E-06, -3.601080534951508E-07, 1.236455502953318E-07,
2519935.500000000, A.D. 2187-Apr-01 00:00:00.0000, 69.185658, -2.774080127423330E-03, 3.601668395334686E-03, -1.733075087943245E-05, -5.316257569012168E-06, -3.830144488765999E-06, 1.181549943768294E-07,
2520301.500000000, A.D. 2188-Apr-01 00:00:00.0000, 69.185655, -4.174569446754505E-03, 1.733375857732070E-03, 1.677761953141094E-05, -2.158641889380255E-06, -5.950081446230298E-06, 6.417579697668420E-08,
2520666.500000000, A.D. 2189-Apr-01 00:00:00.0000, 69.185639, -4.263202264329359E-03, -5.565217577116058E-04, 2.628652955338539E-05, 1.717224350862314E-06, -6.076146509510969E-06, -1.652000361264211E-08,
2521031.500000000, A.D. 2190-Apr-01 00:00:00.0000, 69.185631, -3.026220855960735E-03, -2.445845087354343E-03, 7.081232038819008E-06, 4.796963727734943E-06, -3.895789979497680E-06, -8.371889768929326E-08,
2521396.500000000, A.D. 2191-Apr-01 00:00:00.0000, 69.185631, -9.421105068287596E-04, -3.277327292067683E-03, -3.300054548177687E-05, 6.229440785688979E-06, -3.914590639948199E-07, -1.260673025989658E-07,
2521762.500000000, A.D. 2192-Apr-01 00:00:00.0000, 69.185631, 1.253087544355715E-03, -2.789635785083958E-03, -7.854062618391125E-05, 5.472716398070319E-06, 3.051765745758229E-06, -1.181435525478915E-07,
2522127.500000000, A.D. 2193-Apr-01 00:00:00.0000, 69.185634, 2.863043085217735E-03, -1.165165850852757E-03, -1.138494694669279E-04, 3.062830783871784E-06, 5.700133974986840E-06, -6.757937102923338E-08,
2522492.500000000, A.D. 2194-Apr-01 00:00:00.0000, 69.185641, 3.414704548412870E-03, 1.124131301930303E-03, -1.264489899979228E-04, -1.118479679916872E-07, 6.725270234573216E-06, -4.330373028953951E-11,
2522857.500000000, A.D. 2195-Apr-01 00:00:00.0000, 69.185646, 2.725057330560460E-03, 3.504327788453984E-03, -1.100100015343272E-04, -3.612089121783983E-06, 6.090339280326235E-06, 8.752818236533269E-08,
2523223.500000000, A.D. 2196-Apr-01 00:00:00.0000, 69.185655, 8.764794158665664E-04, 5.371052499619685E-03, -6.456709327478078E-05, -6.402526801793866E-06, 4.011386049663030E-06, 1.620607754119787E-07,
2523588.500000000, A.D. 2197-Apr-01 00:00:00.0000, 69.185656, -1.797849569318287E-03, 6.210042472570753E-03, 4.686638583131803E-06, -7.961206864227879E-06, 5.536132090621215E-07, 2.101720521153759E-07,
2523953.500000000, A.D. 2198-Apr-01 00:00:00.0000, 69.185659, -4.734640294046156E-03, 5.694801497701150E-03, 8.580026338374786E-05, -7.849209662750901E-06, -3.344882623775330E-06, 2.281513336544389E-07,
2524318.500000000, A.D. 2199-Apr-01 00:00:00.0000, 69.185658, -7.235611527996122E-03, 3.775104163567202E-03, 1.629876641633546E-04, -5.560538626526617E-06, -6.868269073142062E-06, 1.882992963900722E-07,
2524683.500000000, A.D. 2200-Apr-01 00:00:00.0000, 69.185645, -8.607568677305074E-03, 8.081247250292681E-04, 2.190679038692529E-04, -1.718767538621856E-06, -8.971972750822742E-06, 1.088668638781317E-07,
2525048.500000000, A.D. 2201-Apr-01 00:00:00.0000, 69.185627, -8.418007385695444E-03, -2.486710672292670E-03, 2.404442880109682E-04, 2.677070818711558E-06, -8.591189495807185E-06, 8.379856467712881E-09,
2525413.500000000, A.D. 2202-Apr-01 00:00:00.0000, 69.185620, -6.736236026057833E-03, -5.249244693687750E-03, 2.247763743122595E-04, 6.289268511983564E-06, -6.075248071422139E-06, -9.069013703220202E-08,
2525778.500000000, A.D. 2203-Apr-01 00:00:00.0000, 69.185616, -4.100090276513605E-03, -6.810783673707443E-03, 1.807848488509791E-04, 7.808435385560787E-06, -2.318120783487499E-06, -1.443940119096490E-07,
2526144.500000000, A.D. 2204-Apr-01 00:00:00.0000, 69.185620, -1.255102047704262E-03, -6.951532633738561E-03, 1.234420946202117E-04, 7.336562791710107E-06, 1.582364854333323E-06, -1.572599710675267E-07,
2526509.500000000, A.D. 2205-Apr-01 00:00:00.0000, 69.185623, 1.073631569468092E-03, -5.856958319884676E-03, 6.978149440151035E-05, 5.247677314766525E-06, 4.327655000548188E-06, -1.334427619273394E-07,
2526874.500000000, A.D. 2206-Apr-01 00:00:00.0000, 69.185628, 2.444289252326390E-03, -3.977924177147872E-03, 3.119148054921364E-05, 2.135551541245393E-06, 5.745787728187757E-06, -7.473842682589896E-08,
2527239.500000000, A.D. 2207-Apr-01 00:00:00.0000, 69.185637, 2.660361260828643E-03, -1.895390890110844E-03, 1.442121675814459E-05, -9.419227413348355E-07, 5.555321096346271E-06, -1.580685947203750E-08,
2527605.500000000, A.D. 2208-Apr-01 00:00:00.0000, 69.185644, 1.789773629995733E-03, -1.618302135455146E-04, 2.088311387253806E-05, -3.622871935026219E-06, 3.768596975170337E-06, 4.479483544061239E-08,
2527970.500000000, A.D. 2209-Apr-01 00:00:00.0000, 69.185644, 1.634919348979234E-04, 7.198165948477246E-04, 4.519627453963223E-05, -5.102821900783241E-06, 1.014362778165104E-06, 8.676207576687283E-08,
2528335.500000000, A.D. 2210-Apr-01 00:00:00.0000, 69.185649, -1.699180732191001E-03, 4.509862184483690E-04, 7.791232897556109E-05, -4.787098959836399E-06, -2.339359958595879E-06, 8.605166846534723E-08,
2528700.500000000, A.D. 2211-Apr-01 00:00:00.0000, 69.185646, -3.129060908998409E-03, -9.690477014827043E-04, 1.046785464718643E-04, -2.747821949967862E-06, -5.205563895341412E-06, 5.241500767095312E-08,
2529066.500000000, A.D. 2212-Apr-01 00:00:00.0000, 69.185638, -3.496221953657701E-03, -3.173628611711902E-03, 1.102940820915494E-04, 8.323635916799271E-07, -6.381165881369695E-06, -2.309212081213252E-08,
2529431.500000000, A.D. 2213-Apr-01 00:00:00.0000, 69.185626, -2.480177037161326E-03, -5.426303764815243E-03, 8.557706095233687E-05, 4.688480065782748E-06, -5.451051942026204E-06, -1.149550926274194E-07,
2529796.500000000, A.D. 2214-Apr-01 00:00:00.0000, 69.185618, -2.424608129069798E-04, -6.914581578698353E-03, 3.108980719316025E-05, 7.259884716794898E-06, -2.399290910021924E-06, -1.788503335719092E-07,
2530161.500000000, A.D. 2215-Apr-01 00:00:00.0000, 69.185619, 2.609298864363931E-03, -7.096836684158045E-03, -4.148262607665168E-05, 7.967320856752054E-06, 1.609722941060167E-06, -2.089071916766876E-07,
2530527.500000000, A.D. 2216-Apr-01 00:00:00.0000, 69.185626, 5.299848318324698E-03, -5.845044318924580E-03, -1.145592907511278E-04, 6.470533751489688E-06, 5.177810239522411E-06, -1.857513329391035E-07,
2530892.500000000, A.D. 2217-Apr-01 00:00:00.0000, 69.185627, 7.162596086541222E-03, -3.462392210878543E-03, -1.720870612929444E-04, 3.473390109739221E-06, 7.713614275626947E-06, -1.205741164405920E-07,
2531257.500000000, A.D. 2218-Apr-01 00:00:00.0000, 69.185637, 7.782147140815353E-03, -4.832706004864596E-04, -2.020353660979802E-04, -1.270877093968592E-07, 8.476218197182471E-06, -4.104489518719317E-08,
2531622.500000000, A.D. 2219-Apr-01 00:00:00.0000, 69.185645, 7.043017805574458E-03, 2.480593016550798E-03, -1.990580432045441E-04, -3.853260825975217E-06, 7.530424139458117E-06, 5.493798399424874E-08,
2531988.500000000, A.D. 2220-Apr-01 00:00:00.0000, 69.185652, 5.087384341893553E-03, 4.819929698597498E-03, -1.640725813779623E-04, -6.706539799320516E-06, 5.139877152149291E-06, 1.354178409506225E-07,
2532353.500000000, A.D. 2221-Apr-01 00:00:00.0000, 69.185656, 2.316163522011848E-03, 6.031771970713134E-03, -1.034774752538972E-04, -8.156471910501200E-06, 1.487416006398534E-06, 1.874296300516378E-07,
2532718.500000000, A.D. 2222-Apr-01 00:00:00.0000, 69.185658, -6.613484639687147E-04, 5.840678891160165E-03, -3.014764778101057E-05, -7.840849669230862E-06, -2.458576958534267E-06, 2.069835185416484E-07,
2533083.500000000, A.D. 2223-Apr-01 00:00:00.0000, 69.185654, -3.122812250091106E-03, 4.277182670702371E-03, 3.945643246998024E-05, -5.376465344809895E-06, -5.748190594229426E-06, 1.692075489014741E-07,
2533449.500000000, A.D. 2224-Apr-01 00:00:00.0000, 69.185646, -4.426651402805845E-03, 1.779914059884217E-03, 8.915635087060652E-05, -1.557852781412983E-06, -7.436988969847691E-06, 9.468724109539889E-08,
2533814.500000000, A.D. 2225-Apr-01 00:00:00.0000, 69.185627, -4.239490277266275E-03, -8.677629598712038E-04, 1.073959562822792E-04, 2.420392523764797E-06, -6.608235873450081E-06, 8.176431827735239E-09,
2534179.500000000, A.D. 2226-Apr-01 00:00:00.0000, 69.185622, -2.769948035610303E-03, -2.860996884368534E-03, 9.514349256916976E-05, 5.340852837111475E-06, -3.906384194665418E-06, -7.069790011745758E-08,
2534544.500000000, A.D. 2227-Apr-01 00:00:00.0000, 69.185621, -6.266592457298550E-04, -3.650821842137150E-03, 6.330992717936124E-05, 6.067894932941767E-06, -3.425351297738490E-07, -9.957506549537307E-08,
2534910.500000000, A.D. 2228-Apr-01 00:00:00.0000, 69.185623, 1.452879081103852E-03, -3.159074553483921E-03, 2.709218617419479E-05, 4.944290061732038E-06, 3.017780732658234E-06, -8.853073159105372E-08,
2535275.500000000, A.D. 2229-Apr-01 00:00:00.0000, 69.185628, 2.824533957839064E-03, -1.674749617240329E-03, 2.039332849939911E-06, 2.447215312489591E-06, 5.006889824108148E-06, -4.649759494996819E-08,
2535640.500000000, A.D. 2230-Apr-01 00:00:00.0000, 69.185634, 3.145366050617480E-03, 2.922934060972573E-04, -2.832763000187887E-06, -7.651334098423617E-07, 5.560500705440948E-06, 2.279090199931242E-08,
2536005.500000000, A.D. 2231-Apr-01 00:00:00.0000, 69.185639, 2.327136989974595E-03, 2.150261376738616E-03, 1.649081688872158E-05, -3.673212343482474E-06, 4.515612249854110E-06, 8.463737816909405E-08,
2536371.500000000, A.D. 2232-Apr-01 00:00:00.0000, 69.185647, 5.419214462558387E-04, 3.358132856321304E-03, 5.836764523091754E-05, -5.859316592590860E-06, 1.965548839888603E-06, 1.374067462293832E-07,
2536736.500000000, A.D. 2233-Apr-01 00:00:00.0000, 69.185645, -1.776998090916919E-03, 3.476046231542440E-03, 1.142016111936566E-04, -6.619383983151346E-06, -1.351427311840805E-06, 1.639759365030681E-07,
2537101.500000000, A.D. 2234-Apr-01 00:00:00.0000, 69.185647, -4.030370722030214E-03, 2.294731239987136E-03, 1.714951505374680E-04, -5.392271515330223E-06, -4.914900181182037E-06, 1.411792935231432E-07,
2537466.500000000, A.D. 2235-Apr-01 00:00:00.0000, 69.185643, -5.519857471153431E-03, -4.920895162252157E-05, 2.139980748406598E-04, -2.462462601018300E-06, -7.623882751910730E-06, 8.190537112396343E-08,
2537832.500000000, A.D. 2236-Apr-01 00:00:00.0000, 69.185630, -5.650522071949770E-03, -3.049641446206524E-03, 2.258697301405663E-04, 1.779540690446401E-06, -8.255198147561321E-06, -1.692338624573387E-08,
2538197.500000000, A.D. 2237-Apr-01 00:00:00.0000, 69.185619, -4.226908028259624E-03, -5.867719101038758E-03, 1.996653476010329E-04, 5.908702775186224E-06, -6.660264421667157E-06, -1.266289883670281E-07,
2538562.500000000, A.D. 2238-Apr-01 00:00:00.0000, 69.185613, -1.548225005854224E-03, -7.689802811713786E-03, 1.386160757922782E-04, 8.394620575972720E-06, -3.054131325162309E-06, -2.006503506424855E-07,
2538927.500000000, A.D. 2239-Apr-01 00:00:00.0000, 69.185613, 1.677842520399880E-03, -8.048755281419120E-03, 5.674143409707701E-05, 8.869757594913721E-06, 1.243344548325456E-06, -2.375076762663142E-07,
2539293.500000000, A.D. 2240-Apr-01 00:00:00.0000, 69.185621, 4.659045707962186E-03, -6.907261415958512E-03, -2.751039124495999E-05, 7.169009404601545E-06, 4.899353544557912E-06, -2.196938307169265E-07,
2539658.500000000, A.D. 2241-Apr-01 00:00:00.0000, 69.185622, 6.750455768963800E-03, -4.633678768643302E-03, -9.798844906270646E-05, 4.071257588276110E-06, 7.381410775200632E-06, -1.594970497857242E-07,
2540023.500000000, A.D. 2242-Apr-01 00:00:00.0000, 69.185631, 7.586624235544020E-03, -1.788775892862512E-03, -1.431406724230767E-04, 4.818500343089888E-07, 8.076726333846724E-06, -8.556488074452761E-08,
2540388.500000000, A.D. 2243-Apr-01 00:00:00.0000, 69.185641, 7.091333361127047E-03, 1.009993525333698E-03, -1.579390041613201E-04, -3.100317304789662E-06, 7.055067977524086E-06, 2.727594927007311E-09,
2540754.500000000, A.D. 2244-Apr-01 00:00:00.0000, 69.185646, 5.449841319120940E-03, 3.174068745118489E-03, -1.436533790025365E-04, -5.741743497756483E-06, 4.670124341306043E-06, 7.592570677492892E-08,
2541119.500000000, A.D. 2245-Apr-01 00:00:00.0000, 69.185651, 3.093092933594286E-03, 4.230037876390311E-03, -1.068892017169750E-04, -6.855646949721203E-06, 1.138363275487563E-06, 1.176352985160415E-07,
2541484.500000000, A.D. 2246-Apr-01 00:00:00.0000, 69.185654, 6.530044319367461E-04, 3.966741698704719E-03, -6.057528238070261E-05, -6.202219342293654E-06, -2.490667005686894E-06, 1.277412000000957E-07,
2541849.500000000, A.D. 2247-Apr-01 00:00:00.0000, 69.185646, -1.158797478373649E-03, 2.494029917038742E-03, -2.088083257166422E-05, -3.486197304427659E-06, -5.182304312983938E-06, 8.397007690881719E-08,
2542215.500000000, A.D. 2248-Apr-01 00:00:00.0000, 69.185639, -1.775630728999053E-03, 3.434574319602376E-04, -2.104380138885688E-06, 2.577630839629032E-07, -6.094160836837335E-06, 1.119148137247701E-08,
2542580.500000000, A.D. 2249-Apr-01 00:00:00.0000, 69.185624, -1.003775806524420E-03, -1.674894386561889E-03, -1.243103030245022E-05, 3.741942922437364E-06, -4.522187817979547E-06, -6.264373486725357E-08,
2542945.500000000, A.D. 2250-Apr-01 00:00:00.0000, 69.185620, 8.028177163687759E-04, -2.818226830097503E-03, -4.700661455629801E-05, 5.831256894257942E-06, -1.396416576088338E-06, -1.197860125721923E-07,
2543310.500000000, A.D. 2251-Apr-01 00:00:00.0000, 69.185624, 2.963430458592976E-03, -2.680122844897005E-03, -9.247675395689242E-05, 5.666064186361571E-06, 2.175143951758103E-06, -1.233955305140730E-07,
2543676.500000000, A.D. 2252-Apr-01 00:00:00.0000, 69.185627, 4.749814121197691E-03, -1.319973322821814E-03, -1.329906377829662E-04, 3.775049334280841E-06, 5.184431318119510E-06, -8.857701510110608E-08,
2544041.500000000, A.D. 2253-Apr-01 00:00:00.0000, 69.185632, 5.594348873322230E-03, 8.668628633687905E-04, -1.540622805920711E-04, 7.616641544965133E-07, 6.656521653760007E-06, -2.643695729656168E-08,
2544406.500000000, A.D. 2254-Apr-01 00:00:00.0000, 69.185641, 5.234257263813723E-03, 3.323129913052077E-03, -1.480576808769334E-04, -2.745461614240706E-06, 6.578746051567581E-06, 5.944035596793619E-08,
2544771.500000000, A.D. 2255-Apr-01 00:00:00.0000, 69.185644, 3.671026288650947E-03, 5.440041592696344E-03, -1.128019425969836E-04, -5.738811990476405E-06, 4.922688231359936E-06, 1.343348535874331E-07,
2545137.500000000, A.D. 2256-Apr-01 00:00:00.0000, 69.185652, 1.147494943005330E-03, 6.681121764673704E-03, -5.148986396668148E-05, -7.782454029485413E-06, 1.775049234438448E-06, 1.937365523268541E-07,
2545502.500000000, A.D. 2257-Apr-01 00:00:00.0000, 69.185651, -1.820263255252239E-03, 6.640576774076110E-03, 2.529372776160742E-05, -8.235179927181661E-06, -1.998161634045955E-06, 2.230696328446133E-07,
2545867.500000000, A.D. 2258-Apr-01 00:00:00.0000, 69.185648, -4.578097906705532E-03, 5.168042374119038E-03, 1.033260349087986E-04, -6.541923581868215E-06, -5.810951888759866E-06, 1.966782783121045E-07,
2546232.500000000, A.D. 2259-Apr-01 00:00:00.0000, 69.185644, -6.402242399724176E-03, 2.499263649078405E-03, 1.652172365077139E-04, -3.176217727815552E-06, -8.478015006874386E-06, 1.321062652602303E-07,
2546598.500000000, A.D. 2260-Apr-01 00:00:00.0000, 69.185629, -6.745034985670340E-03, -7.667642094839692E-04, 1.952705558855377E-04, 1.288917370417510E-06, -8.839988680213045E-06, 3.151368125092052E-08,
2546963.500000000, A.D. 2261-Apr-01 00:00:00.0000, 69.185616, -5.515973375090821E-03, -3.745760209221499E-03, 1.876765166803916E-04, 5.292618367255769E-06, -6.989758971169348E-06, -7.338014404252255E-08,
2547328.500000000, A.D. 2262-Apr-01 00:00:00.0000, 69.185614, -3.117771417735318E-03, -5.684524024561856E-03, 1.474501678102856E-04, 7.471637892942257E-06, -3.401752062644051E-06, -1.396230049704533E-07,
2547693.500000000, A.D. 2263-Apr-01 00:00:00.0000, 69.185612, -2.841143032877193E-04, -6.220670917210579E-03, 8.893265032920190E-05, 7.666751897989530E-06, 5.774308159751330E-07, -1.702863837339106E-07,
2548059.500000000, A.D. 2264-Apr-01 00:00:00.0000, 69.185619, 2.246617246286161E-03, -5.414926556880728E-03, 2.887614856965683E-05, 5.939236971563069E-06, 3.730856163321609E-06, -1.541651130821758E-07,
2548424.500000000, A.D. 2265-Apr-01 00:00:00.0000, 69.185622, 3.920489724057837E-03, -3.664973315976431E-03, -1.921757681489153E-05, 3.049510771223585E-06, 5.669003752879241E-06, -1.035037479107237E-07,
2548789.500000000, A.D. 2266-Apr-01 00:00:00.0000, 69.185627, 4.463485285440426E-03, -1.524152987010236E-03, -4.664522070563719E-05, -8.031348343939815E-08, 5.941203534277107E-06, -4.621260536907816E-08,
2549154.500000000, A.D. 2267-Apr-01 00:00:00.0000, 69.185637, 3.866493048963476E-03, 4.374825720069406E-04, -5.044125918837865E-05, -3.045752376924872E-06, 4.622457295826013E-06, 2.061391260708019E-08,
2549520.500000000, A.D. 2268-Apr-01 00:00:00.0000, 69.185641, 2.376074171306786E-03, 1.691558089281140E-03, -3.384039648087514E-05, -4.948369957463888E-06, 2.171818588724454E-06, 6.962051051878522E-08,
2549885.500000000, A.D. 2269-Apr-01 00:00:00.0000, 69.185643, 4.550551139643206E-04, 1.856088949485706E-03, -4.545840407079897E-06, -5.244246064269158E-06, -1.181747620966885E-06, 8.330659932391065E-08,
2550250.500000000, A.D. 2270-Apr-01 00:00:00.0000, 69.185647, -1.250746755710126E-03, 8.296221412725516E-04, 2.396171920127964E-05, -3.819042356406560E-06, -4.281183182238968E-06, 6.624456173259908E-08,
2550615.500000000, A.D. 2271-Apr-01 00:00:00.0000, 69.185636, -2.080885647389498E-03, -1.149401236529307E-03, 3.645178467191568E-05, -5.568984046080979E-07, -6.110738032051107E-06, -8.246244844756789E-10,
2550981.500000000, A.D. 2272-Apr-01 00:00:00.0000, 69.185628, -1.586327897391525E-03, -3.442506710002337E-03, 2.132623700777082E-05, 3.300217403167778E-06, -5.945138663092218E-06, -8.712805402674801E-08,
2551346.500000000, A.D. 2273-Apr-01 00:00:00.0000, 69.185617, 2.373759168871525E-04, -5.221860830971157E-03, -2.485666352986738E-05, 6.404151966691824E-06, -3.415291531534353E-06, -1.605540624608682E-07,
2551711.500000000, A.D. 2274-Apr-01 00:00:00.0000, 69.185612, 2.890175572152818E-03, -5.831268783948699E-03, -9.295323782558505E-05, 7.780146542718976E-06, 3.467225846375217E-07, -2.054852072149147E-07,
2552076.500000000, A.D. 2275-Apr-01 00:00:00.0000, 69.185619, 5.621349090789699E-03, -5.010731658142735E-03, -1.668793943732488E-04, 6.868191161179959E-06, 4.131748716736083E-06, -1.935020411081205E-07,
2552442.500000000, A.D. 2276-Apr-01 00:00:00.0000, 69.185623, 7.721840567901586E-03, -2.939139962434146E-03, -2.300700716769711E-04, 4.312072781177723E-06, 7.077962547827340E-06, -1.416941084578226E-07,
2552807.500000000, A.D. 2277-Apr-01 00:00:00.0000, 69.185628, 8.677046247474729E-03, -1.039622121921671E-04, -2.683891364326119E-04, 8.478424010352009E-07, 8.316112714659827E-06, -6.622620138611028E-08,
2553172.500000000, A.D. 2278-Apr-01 00:00:00.0000, 69.185640, 8.290982228911975E-03, 2.902313634866094E-03, -2.749761419079651E-04, -2.953314185795483E-06, 7.911042662116506E-06, 3.020618926167001E-08,
2553537.500000000, A.D. 2279-Apr-01 00:00:00.0000, 69.185645, 6.632528618238198E-03, 5.449682748048869E-03, -2.488553297305728E-04, -6.033773295368688E-06, 5.941866633288612E-06, 1.124850092843476E-07,
2553903.500000000, A.D. 2280-Apr-01 00:00:00.0000, 69.185652, 4.006263523739484E-03, 7.015333307977050E-03, -1.941918046096582E-04, -8.005405904444332E-06, 2.532468523800724E-06, 1.766818531590267E-07,
2554268.500000000, A.D. 2281-Apr-01 00:00:00.0000, 69.185654, 9.901263726767348E-04, 7.226484445648018E-03, -1.228633295442600E-04, -8.250373217995614E-06, -1.337744186261653E-06, 2.089654487503219E-07,
2554633.500000000, A.D. 2282-Apr-01 00:00:00.0000, 69.185648, -1.731767228401805E-03, 6.010256544600574E-03, -4.981777790416274E-05, -6.329100780568033E-06, -5.015594388762085E-06, 1.838761831543451E-07,
2554998.500000000, A.D. 2283-Apr-01 00:00:00.0000, 69.185642, -3.454030947930774E-03, 3.694100245761354E-03, 7.684480719140040E-06, -2.882376396514724E-06, -7.289882582306774E-06, 1.231403481565985E-07,
2555364.500000000, A.D. 2284-Apr-01 00:00:00.0000, 69.185629, -3.727601224663026E-03, 9.498151285002624E-04, 3.598216612925470E-05, 1.304107067671571E-06, -7.186032469471181E-06, 3.355486916041294E-08,
2555729.500000000, A.D. 2285-Apr-01 00:00:00.0000, 69.185616, -2.591177661342125E-03, -1.357929689859707E-03, 3.218644332108670E-05, 4.702844318681075E-06, -5.023396218481998E-06, -5.286477550319614E-08,
2556094.500000000, A.D. 2286-Apr-01 00:00:00.0000, 69.185619, -5.501294413801356E-04, -2.579646442616791E-03, 4.042427357614074E-06, 6.117019444222332E-06, -1.519760115824997E-06, -9.556304962146887E-08,
2556459.500000000, A.D. 2287-Apr-01 00:00:00.0000, 69.185618, 1.655690457993725E-03, -2.493347178921306E-03, -3.350539601989264E-05, 5.613921199587118E-06, 2.043435662780119E-06, -1.012729695180976E-07,
2556825.500000000, A.D. 2288-Apr-01 00:00:00.0000, 69.185623, 3.341052250073141E-03, -1.277861393482560E-03, -6.459678828214487E-05, 3.436968503767946E-06, 4.490390456909388E-06, -6.630836423485649E-08,
2557190.500000000, A.D. 2289-Apr-01 00:00:00.0000, 69.185628, 4.058967663621140E-03, 6.016790480353808E-04, -7.817240896419321E-05, 3.602452678911172E-07, 5.612720653893590E-06, -2.748887131859641E-09,
2557555.500000000, A.D. 2290-Apr-01 00:00:00.0000, 69.185631, 3.637376783578518E-03, 2.564114971436933E-03, -6.826275103395293E-05, -2.636534641174517E-06, 5.043665342023764E-06, 5.813571254430379E-08,
2557920.500000000, A.D. 2291-Apr-01 00:00:00.0000, 69.185638, 2.175809496144304E-03, 4.054942567324612E-03, -3.488404399094536E-05, -5.195820178922394E-06, 2.954071424161086E-06, 1.194269889862336E-07,
2558286.500000000, A.D. 2292-Apr-01 00:00:00.0000, 69.185643, 1.897949245912056E-05, 4.584958374696736E-03, 1.553374476526416E-05, -6.405622581843578E-06, -8.715264947915264E-08, 1.536817566248090E-07,
2558651.500000000, A.D. 2293-Apr-01 00:00:00.0000, 69.185640, -2.279915552665603E-03, 3.866095806601037E-03, 7.210176513695516E-05, -5.828003922626394E-06, -3.722195643918828E-06, 1.457727223280631E-07,
2559016.500000000, A.D. 2294-Apr-01 00:00:00.0000, 69.185641, -4.029370611760010E-03, 1.916880197317613E-03, 1.189464089612217E-04, -3.467629418265039E-06, -6.718773628518966E-06, 1.026377223507803E-07,
2559381.500000000, A.D. 2295-Apr-01 00:00:00.0000, 69.185630, -4.589358396433381E-03, -8.710484376153178E-04, 1.399892014587165E-04, 5.296474715625230E-07, -8.049389467605919E-06, 1.031327177148442E-08,
2559747.500000000, A.D. 2296-Apr-01 00:00:00.0000, 69.185617, -3.611239277512169E-03, -3.746760928525709E-03, 1.246808517763733E-04, 4.776634384386373E-06, -7.153328615375745E-06, -9.641772909854970E-08,
2560112.500000000, A.D. 2297-Apr-01 00:00:00.0000, 69.185610, -1.245770603836868E-03, -5.841387339736239E-03, 7.252968015286230E-05, 7.835944069668366E-06, -3.969783638376505E-06, -1.815739221568546E-07,
2560477.500000000, A.D. 2298-Apr-01 00:00:00.0000, 69.185607, 1.891765392174691E-03, -6.563946002678198E-03, -4.750524372599396E-06, 8.961550784326875E-06, 2.303086891054190E-07, -2.331695774816433E-07,
2560842.500000000, A.D. 2299-Apr-01 00:00:00.0000, 69.185612, 4.998328121453124E-03, -5.747912810894393E-03, -8.931476476639662E-05, 7.765393891946645E-06, 4.169958754161529E-06, -2.257710014987908E-07,
2561207.500000000, A.D. 2300-Apr-01 00:00:00.0000, 69.185616, 7.380112554155004E-03, -3.660054792134725E-03, -1.642989007448713E-04, 5.015911319933042E-06, 7.133408710325319E-06, -1.767487297079892E-07,
2561572.500000000, A.D. 2301-Apr-01 00:00:00.0000, 69.185620, 8.570272767322864E-03, -8.184170472081897E-04, -2.160221813555050E-04, 1.474211205198076E-06, 8.299522994720166E-06, -1.054695215383380E-07,
2561937.500000000, A.D. 2302-Apr-01 00:00:00.0000, 69.185632, 8.415213148966667E-03, 2.167447072390748E-03, -2.378693301393382E-04, -2.294597785096802E-06, 7.830389536133169E-06, -1.362245297124345E-08,
2562302.500000000, A.D. 2303-Apr-01 00:00:00.0000, 69.185639, 7.020021617439727E-03, 4.673421788462428E-03, -2.290989208321670E-04, -5.231662674080479E-06, 5.821550433243968E-06, 6.264288594906059E-08,
2562668.500000000, A.D. 2304-Apr-01 00:00:00.0000, 69.185643, 4.731360293824185E-03, 6.203537244262610E-03, -1.942755535410567E-04, -6.967790743824922E-06, 2.479941064135257E-06, 1.193907731483917E-07,
2563033.500000000, A.D. 2305-Apr-01 00:00:00.0000, 69.185646, 2.149214802874651E-03, 6.430536091084891E-03, -1.453697337137217E-04, -6.906640292151839E-06, -1.171096400926903E-06, 1.430135519740328E-07,
2563398.500000000, A.D. 2306-Apr-01 00:00:00.0000, 69.185641, -3.461283483164459E-05, 5.359795863385341E-03, -9.725559931398534E-05, -4.746110296512711E-06, -4.361811496272579E-06, 1.121648454585387E-07,
2563763.500000000, A.D. 2307-Apr-01 00:00:00.0000, 69.185630, -1.168770140850271E-03, 3.402465160766879E-03, -6.595976449682409E-05, -1.279212799261048E-06, -5.941123090707339E-06, 5.119687459823488E-08,
2564129.500000000, A.D. 2308-Apr-01 00:00:00.0000, 69.185622, -9.193322368237841E-04, 1.291627763356735E-03, -6.235511839058901E-05, 2.494331509555648E-06, -5.091110149421924E-06, -2.777765461127792E-08,
2564494.500000000, A.D. 2309-Apr-01 00:00:00.0000, 69.185611, 5.231531258227986E-04, -1.522270998304104E-04, -8.551368732952570E-05, 5.139539747008754E-06, -2.421576239286835E-06, -9.473530845412279E-08,
2564859.500000000, A.D. 2310-Apr-01 00:00:00.0000, 69.185614, 2.554478951389765E-03, -3.953134820713766E-04, -1.245939736234279E-04, 5.618253272843982E-06, 1.168337384800996E-06, -1.118710140318551E-07,
2565224.500000000, A.D. 2311-Apr-01 00:00:00.0000, 69.185619, 4.426281152900079E-03, 6.309558211789429E-04, -1.637296614040274E-04, 4.293205706747875E-06, 4.452265346442182E-06, -9.285300069184447E-08,
2565590.500000000, A.D. 2312-Apr-01 00:00:00.0000, 69.185623, 5.507072051842741E-03, 2.639152888078289E-03, -1.874725473154295E-04, 1.499854187652272E-06, 6.363283164078093E-06, -3.659620312235132E-08,
2565955.500000000, A.D. 2313-Apr-01 00:00:00.0000, 69.185630, 5.442065739917907E-03, 5.090436269802365E-03, -1.864273199863239E-04, -1.942968648824460E-06, 6.854541562145419E-06, 4.515999658111817E-08,
2566320.500000000, A.D. 2314-Apr-01 00:00:00.0000, 69.185635, 4.141280373887986E-03, 7.382398260031291E-03, -1.561860846756665E-04, -5.092586117930199E-06, 5.606817276279423E-06, 1.198156581382841E-07,
2566685.500000000, A.D. 2315-Apr-01 00:00:00.0000, 69.185639, 1.790200161708885E-03, 8.957518990621376E-03, -9.868888402311150E-05, -7.575841694251790E-06, 2.878742771474626E-06, 1.896415972951990E-07,
2567051.500000000, A.D. 2316-Apr-01 00:00:00.0000, 69.185646, -1.195859314189313E-03, 9.351075664969167E-03, -2.202758501285263E-05, -8.518446021737831E-06, -7.258287410504494E-07, 2.271334411420266E-07,
2567416.500000000, A.D. 2317-Apr-01 00:00:00.0000, 69.185641, -4.185641889777806E-03, 8.326860467784287E-03, 6.071250223969193E-05, -7.501672052302494E-06, -4.711829728181973E-06, 2.167464738704307E-07,
2567781.500000000, A.D. 2318-Apr-01 00:00:00.0000, 69.185638, -6.455571519566630E-03, 5.989609393349772E-03, 1.323194638321499E-04, -4.650337072237683E-06, -7.813736759406220E-06, 1.668267512617345E-07,
2568146.500000000, A.D. 2319-Apr-01 00:00:00.0000, 69.185627, -7.379015292938909E-03, 2.835075117947511E-03, 1.761451830030115E-04, -3.252535755595482E-07, -8.948408966373156E-06, 7.013289679625706E-08,
2568512.500000000, A.D. 2320-Apr-01 00:00:00.0000, 69.185612, -6.702241916230345E-03, -3.227771125050585E-04, 1.829115384010012E-04, 3.952143121293300E-06, -7.800998934374751E-06, -3.617692338350722E-08,
2568877.500000000, A.D. 2321-Apr-01 00:00:00.0000, 69.185605, -4.680660133070453E-03, -2.631932128118014E-03, 1.538267471977326E-04, 6.757568734739434E-06, -4.543756545071300E-06, -1.153122812187466E-07,
2569242.500000000, A.D. 2322-Apr-01 00:00:00.0000, 69.185605, -1.987021949614033E-03, -3.602593730648879E-03, 1.014337932827075E-04, 7.627058025370722E-06, -5.817210288912079E-07, -1.623875993822501E-07,
2569607.500000000, A.D. 2323-Apr-01 00:00:00.0000, 69.185606, 6.089179297274304E-04, -3.162887502673429E-03, 4.254590112129529E-05, 6.331756762035554E-06, 2.899983965417827E-06, -1.555255178302112E-07,
2569973.500000000, A.D. 2324-Apr-01 00:00:00.0000, 69.185614, 2.497644249860887E-03, -1.630210741566802E-03, -8.561157354099538E-06, 3.745177179668947E-06, 5.340298049635484E-06, -1.153530264697442E-07,
2570338.500000000, A.D. 2325-Apr-01 00:00:00.0000, 69.185617, 3.290743132426412E-03, 4.736005893526608E-04, -4.047022479259879E-05, 5.952915504030886E-07, 6.046250784124249E-06, -6.007841492975597E-08,
2570703.500000000, A.D. 2326-Apr-01 00:00:00.0000, 69.185626, 2.915226062909109E-03, 2.573889014659352E-03, -4.907714814670311E-05, -2.587267348524366E-06, 5.253043975734289E-06, 1.092182397375428E-08,
2571068.500000000, A.D. 2327-Apr-01 00:00:00.0000, 69.185634, 1.532251449241436E-03, 4.109445936655056E-03, -3.528356341128474E-05, -4.838999774317379E-06, 3.106067403739640E-06, 6.382860186129599E-08,
2571434.500000000, A.D. 2328-Apr-01 00:00:00.0000, 69.185636, -4.675324744037961E-04, 4.652951199144975E-03, -5.038022048196714E-06, -5.770316113831111E-06, -1.302606050587207E-07, 9.341975870780244E-08,
2571799.500000000, A.D. 2329-Apr-01 00:00:00.0000, 69.185638, -2.470150817516188E-03, 3.988158685428623E-03, 2.927093057522333E-05, -4.931982321409945E-06, -3.387597952145335E-06, 8.993571989967851E-08,
2572164.500000000, A.D. 2330-Apr-01 00:00:00.0000, 69.185633, -3.804993805791174E-03, 2.237394644199791E-03, 5.303105321724951E-05, -2.136838537692201E-06, -5.806045869366343E-06, 3.483763979452575E-08,
2572529.500000000, A.D. 2331-Apr-01 00:00:00.0000, 69.185620, -3.925703344800678E-03, -6.836013885411912E-05, 5.267486489084176E-05, 1.585191259757658E-06, -6.389523198565085E-06, -4.296250451064470E-08,
2572895.500000000, A.D. 2332-Apr-01 00:00:00.0000, 69.185613, -2.657731894588684E-03, -2.146798369767438E-03, 2.117701308075242E-05, 5.108106560597797E-06, -4.512915603195098E-06, -1.244036546170176E-07,
2573260.500000000, A.D. 2333-Apr-01 00:00:00.0000, 69.185606, -3.723241180231208E-04, -3.237698513454861E-03, -3.553366870560847E-05, 7.121285486545658E-06, -1.132892156141370E-06, -1.820751392025660E-07,
2573625.500000000, A.D. 2334-Apr-01 00:00:00.0000, 69.185610, 2.239863737316882E-03, -2.942490649105158E-03, -1.034827905032054E-04, 6.828356852563232E-06, 2.769299321756538E-06, -1.827784351384847E-07,
2573990.500000000, A.D. 2335-Apr-01 00:00:00.0000, 69.185617, 4.423076772213412E-03, -1.332271079290128E-03, -1.655313182883643E-04, 4.821950123548877E-06, 6.021832210891546E-06, -1.468341290646894E-07,
2574356.500000000, A.D. 2336-Apr-01 00:00:00.0000, 69.185622, 5.600336391583783E-03, 1.212361973961116E-03, -2.064985722857218E-04, 1.515538154657808E-06, 7.711729386628445E-06, -7.548085243244726E-08,
2574721.500000000, A.D. 2337-Apr-01 00:00:00.0000, 69.185628, 5.479332084165126E-03, 4.093704945069198E-03, -2.176818528877795E-04, -2.241363383760687E-06, 7.856642322832556E-06, 1.764621443952967E-08,
2575086.500000000, A.D. 2338-Apr-01 00:00:00.0000, 69.185637, 4.042053242279109E-03, 6.691773856160234E-03, -1.957921114369770E-04, -5.528523219117452E-06, 6.262358910141773E-06, 1.008469213153118E-07,
2575451.500000000, A.D. 2339-Apr-01 00:00:00.0000, 69.185640, 1.536951646068855E-03, 8.445608351663020E-03, -1.439079732103074E-04, -7.943037243095189E-06, 3.213320629894978E-06, 1.755508754922653E-07,
2575817.500000000, A.D. 2340-Apr-01 00:00:00.0000, 69.185645, -1.555997114322310E-03, 8.924787008366113E-03, -7.131731272475623E-05, -8.701538056090949E-06, -5.770792005937958E-07, 2.170133115276980E-07,
2576182.500000000, A.D. 2341-Apr-01 00:00:00.0000, 69.185643, -4.559382338252171E-03, 7.949836154915874E-03, 7.739847383332609E-06, -7.388557350388862E-06, -4.526219399464227E-06, 2.070549966517501E-07,
2576547.500000000, A.D. 2342-Apr-01 00:00:00.0000, 69.185635, -6.750732990649664E-03, 5.724500946109702E-03, 7.595901824494057E-05, -4.361233626603899E-06, -7.341193679957671E-06, 1.592036199908583E-07,
2576912.500000000, A.D. 2343-Apr-01 00:00:00.0000, 69.185625, -7.572437273757954E-03, 2.824890621893667E-03, 1.178186902118942E-04, -1.379216228188458E-07, -8.004486350731870E-06, 7.032154859976479E-08,
2577278.500000000, A.D. 2344-Apr-01 00:00:00.0000, 69.185613, -6.902781528561843E-03, 8.719011852193724E-05, 1.270455831410296E-04, 3.662672741864313E-06, -6.498454673966968E-06, -2.112837311013372E-08,
2577643.500000000, A.D. 2345-Apr-01 00:00:00.0000, 69.185607, -5.109871758235230E-03, -1.722897089062970E-03, 1.075581148250900E-04, 5.773209041442417E-06, -3.192594161115390E-06, -7.836155372757219E-08,
2578008.500000000, A.D. 2346-Apr-01 00:00:00.0000, 69.185610, -2.908114816199065E-03, -2.249403785425936E-03, 7.333797033530591E-05, 5.955531782574258E-06, 4.289216035469691E-07, -1.019292195084678E-07,
2578373.500000000, A.D. 2347-Apr-01 00:00:00.0000, 69.185611, -1.018807343654435E-03, -1.549637628905775E-03, 4.040964477628050E-05, 4.183710495881880E-06, 3.287073939060278E-06, -7.538164627887630E-08,
2578739.500000000, A.D. 2348-Apr-01 00:00:00.0000, 69.185618, 3.353412009029422E-05, -2.058147442079018E-05, 2.120528333522473E-05, 1.386605625447064E-06, 4.925278825888039E-06, -2.216787800578717E-08,
2579104.500000000, A.D. 2349-Apr-01 00:00:00.0000, 69.185623, -2.247521146668406E-05, 1.780652648395124E-03, 2.408171464500421E-05, -1.665515764242914E-06, 4.819186173199633E-06, 3.778825549828467E-08,
2579469.500000000, A.D. 2350-Apr-01 00:00:00.0000, 69.185628, -1.160349294108533E-03, 3.283714734785574E-03, 5.032916370839399E-05, -4.457327086909884E-06, 3.230870059471673E-06, 1.036047512801430E-07,
2579834.500000000, A.D. 2351-Apr-01 00:00:00.0000, 69.185634, -3.110414864213987E-03, 3.967601721312230E-03, 9.571144551469907E-05, -6.053879561442545E-06, 4.787325764456956E-07, 1.429449784746031E-07,
2580200.500000000, A.D. 2352-Apr-01 00:00:00.0000, 69.185635, -5.396745907082797E-03, 3.475057340528339E-03, 1.512623793062686E-04, -6.080328405315617E-06, -3.112158497872674E-06, 1.497799037814445E-07,
2580565.500000000, A.D. 2353-Apr-01 00:00:00.0000, 69.185631, -7.339028691442952E-03, 1.718174595296692E-03, 2.017916210595277E-04, -4.278786474708155E-06, -6.330684458836469E-06, 1.201550459430260E-07,
2580930.500000000, A.D. 2354-Apr-01 00:00:00.0000, 69.185625, -8.269845022686217E-03, -1.039436314010369E-03, 2.313258845060064E-04, -6.076027284908404E-07, -8.296753319507187E-06, 3.680867763396366E-08,
2581295.500000000, A.D. 2355-Apr-01 00:00:00.0000, 69.185609, -7.725034989570106E-03, -4.124802457712511E-03, 2.270722571547014E-04, 3.631121265438194E-06, -8.133173182850086E-06, -6.424591520722505E-08,
2581661.500000000, A.D. 2356-Apr-01 00:00:00.0000, 69.185601, -5.676530850855797E-03, -6.697562421916827E-03, 1.844970940894789E-04, 7.247996344150933E-06, -5.477467880525417E-06, -1.603987596441568E-07,
2582026.500000000, A.D. 2357-Apr-01 00:00:00.0000, 69.185598, -2.641701847467167E-03, -8.026689499257425E-03, 1.128502780975240E-04, 9.037929651864584E-06, -1.531328763505232E-06, -2.260383146686110E-07,
2582391.500000000, A.D. 2358-Apr-01 00:00:00.0000, 69.185601, 6.172215955478123E-04, -7.814652924347097E-03, 2.815173793066015E-05, 8.452824194218646E-06, 2.660525542042040E-06, -2.311952636142046E-07,
2582756.500000000, A.D. 2359-Apr-01 00:00:00.0000, 69.185609, 3.340092946028579E-03, -6.218869454962909E-03, -5.155628643915581E-05, 6.183965648766338E-06, 6.003508095128375E-06, -1.971783615183687E-07,
2583122.500000000, A.D. 2360-Apr-01 00:00:00.0000, 69.185616, 4.988196047231220E-03, -3.682659848518505E-03, -1.113015639693585E-04, 2.755166958715574E-06, 7.685065511352628E-06, -1.285276516535056E-07,
2583487.500000000, A.D. 2361-Apr-01 00:00:00.0000, 69.185621, 5.308149324559619E-03, -8.236765091014834E-04, -1.423962931137129E-04, -1.028220847527848E-06, 7.762892646152085E-06, -3.867521202384411E-08,
2583852.500000000, A.D. 2362-Apr-01 00:00:00.0000, 69.185632, 4.331876955412417E-03, 1.733742416173687E-03, -1.421373389102829E-04, -4.211811767669778E-06, 6.155969922119017E-06, 4.028948142529058E-08,
2584217.500000000, A.D. 2363-Apr-01 00:00:00.0000, 69.185636, 2.342107066988523E-03, 3.448994807625224E-03, -1.137283008988758E-04, -6.420534987382980E-06, 3.131482119537690E-06, 1.084516038305163E-07,
2584583.500000000, A.D. 2364-Apr-01 00:00:00.0000, 69.185639, -1.401972356511164E-04, 3.931352143167851E-03, -6.703352724384935E-05, -6.896987577314137E-06, -4.601814546099357E-07, 1.428320085586159E-07,
2584948.500000000, A.D. 2365-Apr-01 00:00:00.0000, 69.185638, -2.431813875574786E-03, 3.068280657621497E-03, -1.611864079842245E-05, -5.295562853221917E-06, -3.997503551036057E-06, 1.258447619953777E-07,
2585313.500000000, A.D. 2366-Apr-01 00:00:00.0000, 69.185630, -3.835240736692682E-03, 1.153425762210164E-03, 2.236563536928433E-05, -2.172465930879143E-06, -6.138819378660666E-06, 7.683494328120029E-08,
2585678.500000000, A.D. 2367-Apr-01 00:00:00.0000, 69.185618, -3.896239459025956E-03, -1.167338657377239E-03, 3.521631812565757E-05, 1.785627903012040E-06, -6.024934982512553E-06, -4.817150620573883E-09,
2586044.500000000, A.D. 2368-Apr-01 00:00:00.0000, 69.185611, -2.635148876867760E-03, -3.056586982944735E-03, 1.968688114681814E-05, 4.906152261337572E-06, -3.879013287038651E-06, -7.863355875851197E-08,
2586409.500000000, A.D. 2369-Apr-01 00:00:00.0000, 69.185605, -5.503674077430523E-04, -3.856931860756225E-03, -1.670431659808178E-05, 6.109959267588024E-06, -3.357297530154402E-07, -1.112430408048597E-07,
2586774.500000000, A.D. 2370-Apr-01 00:00:00.0000, 69.185611, 1.610378840943607E-03, -3.355463437979843E-03, -5.835204555036980E-05, 5.392460065980750E-06, 3.134624921870989E-06, -1.085615307997072E-07,
2587139.500000000, A.D. 2371-Apr-01 00:00:00.0000, 69.185615, 3.164565837003171E-03, -1.744443057724434E-03, -8.943029897389351E-05, 2.946034195633532E-06, 5.535153396409141E-06, -5.978870121736284E-08,
2587505.500000000, A.D. 2372-Apr-01 00:00:00.0000, 69.185619, 3.669088961100867E-03, 5.052694921199849E-04, -9.873122305622586E-05, -3.199817854552752E-07, 6.573722790325092E-06, 1.357502239197636E-08,
2587870.500000000, A.D. 2373-Apr-01 00:00:00.0000, 69.185626, 2.945046302440182E-03, 2.788815791819631E-03, -7.980848194115931E-05, -3.572833763406386E-06, 5.821823409215678E-06, 8.845416761477245E-08,
2588235.500000000, A.D. 2374-Apr-01 00:00:00.0000, 69.185632, 1.100929752535260E-03, 4.536406017234551E-03, -3.302023488023085E-05, -6.369083341380774E-06, 3.576872002436528E-06, 1.643263323071049E-07,
2588600.500000000, A.D. 2375-Apr-01 00:00:00.0000, 69.185636, -1.510591997585432E-03, 5.238849441454457E-03, 3.527076397729091E-05, -7.742474713785974E-06, 2.685270364111787E-07, 2.083900590811669E-07,
2588966.500000000, A.D. 2376-Apr-01 00:00:00.0000, 69.185639, -4.345372434192211E-03, 4.586005336424791E-03, 1.143517505019176E-04, -7.368746111905831E-06, -3.739497343885155E-06, 2.133627050348076E-07,
2589331.500000000, A.D. 2377-Apr-01 00:00:00.0000, 69.185632, -6.664110962625389E-03, 2.566257900232240E-03, 1.869360566558537E-04, -5.065870804316965E-06, -7.101786118590478E-06, 1.773805818039690E-07,
2589696.500000000, A.D. 2378-Apr-01 00:00:00.0000, 69.185623, -7.802873318660288E-03, -4.506516136924646E-04, 2.362895638363826E-04, -9.870671818530688E-07, -8.922593817038876E-06, 8.706359729912909E-08,
2590061.500000000, A.D. 2379-Apr-01 00:00:00.0000, 69.185609, -7.363746603495126E-03, -3.706512519558240E-03, 2.501075923082428E-04, 3.383770825583635E-06, -8.438328340184630E-06, -1.620775249299235E-08,
2590427.500000000, A.D. 2380-Apr-01 00:00:00.0000, 69.185598, -5.438027416022842E-03, -6.349190878411887E-03, 2.258016940722312E-04, 6.806488285484150E-06, -5.590824457282768E-06, -1.087920458339279E-07,
2590792.500000000, A.D. 2381-Apr-01 00:00:00.0000, 69.185598, -2.618074955572289E-03, -7.725509214434798E-03, 1.736974107445380E-04, 8.297363025038211E-06, -1.714130596177930E-06, -1.696979291411572E-07,
2591157.500000000, A.D. 2382-Apr-01 00:00:00.0000, 69.185601, 3.308640196963455E-04, -7.644025795295451E-03, 1.095522678265853E-04, 7.533937667094338E-06, 2.112000837771023E-06, -1.746998496847119E-07,
2591522.500000000, A.D. 2383-Apr-01 00:00:00.0000, 69.185605, 2.722263256055897E-03, -6.328502099765590E-03, 4.928809940681287E-05, 5.303683856933325E-06, 5.004867420047844E-06, -1.467954121073748E-07,
2591888.500000000, A.D. 2384-Apr-01 00:00:00.0000, 69.185613, 4.098471157437068E-03, -4.241247801938284E-03, 5.444689102989138E-06, 2.181499504528823E-06, 6.242627481088497E-06, -9.325580092416934E-08,
2592253.500000000, A.D. 2385-Apr-01 00:00:00.0000, 69.185617, 4.286681486048672E-03, -1.966023977637448E-03, -1.561806272719714E-05, -1.145179280657546E-06, 6.007646498824939E-06, -2.173199747032803E-08,
2592618.500000000, A.D. 2386-Apr-01 00:00:00.0000, 69.185625, 3.373284383691543E-03, -8.331707606314798E-05, -1.292854130684265E-05, -3.719698832925469E-06, 4.251652958985431E-06, 3.516650223073430E-08,
2592983.500000000, A.D. 2387-Apr-01 00:00:00.0000, 69.185630, 1.684136203569773E-03, 9.378892916919459E-04, 9.218090487258778E-06, -5.244848323842352E-06, 1.276506732665115E-06, 7.871200295503012E-08,
2593349.500000000, A.D. 2388-Apr-01 00:00:00.0000, 69.185629, -2.333336596880866E-04, 7.885593031242294E-04, 4.010376914462945E-05, -4.991422286708512E-06, -1.988899588462029E-06, 8.743056113141655E-08,
2593714.500000000, A.D. 2389-Apr-01 00:00:00.0000, 69.185628, -1.709081814467676E-03, -5.227135907348504E-04, 6.600750987536077E-05, -2.776756922042542E-06, -4.866641814878855E-06, 4.654735030507998E-08,
2594079.500000000, A.D. 2390-Apr-01 00:00:00.0000, 69.185620, -2.118263616408354E-03, -2.588278016648357E-03, 7.183288810285188E-05, 6.723774931711725E-07, -6.057802339941984E-06, -2.039073625642803E-08,
2594444.500000000, A.D. 2391-Apr-01 00:00:00.0000, 69.185607, -1.158328647981931E-03, -4.683511588358089E-03, 4.811126727175104E-05, 4.450051014318955E-06, -4.910631469144094E-06, -1.070024494617209E-07,
2594810.500000000, A.D. 2392-Apr-01 00:00:00.0000, 69.185604, 9.774729285031013E-04, -6.002826877704740E-03, -3.430812920304078E-06, 6.969314072521579E-06, -1.939656204083036E-06, -1.728175406616849E-07,
2595175.500000000, A.D. 2393-Apr-01 00:00:00.0000, 69.185603, 3.660441873628117E-03, -6.011369861880260E-03, -7.103425801158472E-05, 7.338812897614692E-06, 1.990288482037320E-06, -1.885866230674237E-07,
2595540.500000000, A.D. 2394-Apr-01 00:00:00.0000, 69.185608, 6.124563069710703E-03, -4.645697758623265E-03, -1.376194052957757E-04, 5.841204302024962E-06, 5.505295523004286E-06, -1.669179084296647E-07,
2595905.500000000, A.D. 2395-Apr-01 00:00:00.0000, 69.185616, 7.723093469063559E-03, -2.209436431925056E-03, -1.870891589206475E-04, 2.779282257741420E-06, 7.670573434596076E-06, -1.015204487133679E-07,
2596271.500000000, A.D. 2396-Apr-01 00:00:00.0000, 69.185620, 8.085138189338358E-03, 7.619380951564753E-04, -2.091851143009616E-04, -9.193915225144013E-07, 8.365958650319196E-06, -1.362526848077475E-08,
2596636.500000000, A.D. 2397-Apr-01 00:00:00.0000, 69.185628, 7.097595983828222E-03, 3.626800425755887E-03, -1.983450723539552E-04, -4.389997141882947E-06, 7.206018673628545E-06, 7.085861276066622E-08,
2597001.500000000, A.D. 2398-Apr-01 00:00:00.0000, 69.185636, 4.941467027884400E-03, 5.812618186232412E-03, -1.561751651248156E-04, -7.228966026257240E-06, 4.585718539395037E-06, 1.542893710299590E-07,
2597366.500000000, A.D. 2399-Apr-01 00:00:00.0000, 69.185637, 2.031764689417867E-03, 6.826178050438474E-03, -9.028739516680237E-05, -8.472045427593232E-06, 9.876065986930388E-07, 2.032478420365154E-07,
2597732.500000000, A.D. 2400-Apr-01 00:00:00.0000, 69.185641, -1.028433446480672E-03, 6.411470542690878E-03, -1.263846521318307E-05, -7.856967658190276E-06, -3.109879408969446E-06, 2.102759319745118E-07,
2598097.500000000, A.D. 2401-Apr-01 00:00:00.0000, 69.185633, -3.481279639230413E-03, 4.637997713115176E-03, 5.883915761948723E-05, -5.326228596409343E-06, -6.317793039338101E-06, 1.755508179868998E-07,
2598462.500000000, A.D. 2402-Apr-01 00:00:00.0000, 69.185621, -4.706199423690416E-03, 1.974676343358481E-03, 1.081062094519374E-04, -1.271807618531216E-06, -7.745637188037681E-06, 9.132790426859202E-08,
2598827.500000000, A.D. 2403-Apr-01 00:00:00.0000, 69.185610, -4.422626145832147E-03, -7.809309346326741E-04, 1.252173122103830E-04, 2.741765101175569E-06, -6.890885798709260E-06, 1.354226696697337E-10,
2599193.500000000, A.D. 2404-Apr-01 00:00:00.0000, 69.185600, -2.849508539904334E-03, -2.821218053854711E-03, 1.106964383782191E-04, 5.487665471272556E-06, -3.937047998436115E-06, -7.188459732913857E-08,
2599558.500000000, A.D. 2405-Apr-01 00:00:00.0000, 69.185601, -6.403105974359358E-04, -3.630477973144012E-03, 7.651160676304213E-05, 6.286777399058891E-06, -3.260295069393205E-07, -1.098855434810048E-07,
2599923.500000000, A.D. 2406-Apr-01 00:00:00.0000, 69.185607, 1.462075507999765E-03, -3.145641531917186E-03, 3.841973451126249E-05, 4.967692999352799E-06, 2.885025868875984E-06, -9.413228081381668E-08,
2600288.500000000, A.D. 2407-Apr-01 00:00:00.0000, 69.185608, 2.859031400041890E-03, -1.689544833524037E-03, 1.030273008457592E-05, 2.469256105353987E-06, 4.994538701005022E-06, -5.181472665679538E-08,
2600654.500000000, A.D. 2408-Apr-01 00:00:00.0000, 69.185617, 3.193114663444067E-03, 2.332011215070968E-04, 2.300026368995923E-06, -6.252067320758073E-07, 5.361842779944229E-06, 7.299764742883742E-09,
2601019.500000000, A.D. 2409-Apr-01 00:00:00.0000, 69.185622, 2.410652730605750E-03, 2.033547675733933E-03, 1.737439364825252E-05, -3.624805417313213E-06, 4.305304907636916E-06, 7.575637446351828E-08,
2601384.500000000, A.D. 2410-Apr-01 00:00:00.0000, 69.185626, 6.960663682656135E-04, 3.164028399246579E-03, 5.349596936804147E-05, -5.592070158642365E-06, 1.849747190361559E-06, 1.196076337310583E-07,
2601749.500000000, A.D. 2411-Apr-01 00:00:00.0000, 69.185630, -1.525463601224233E-03, 3.221281700527512E-03, 1.030625634005986E-04, -6.257891902326424E-06, -1.564800337773979E-06, 1.418359428714783E-07,
2602115.500000000, A.D. 2412-Apr-01 00:00:00.0000, 69.185627, -3.639966169864188E-03, 2.002662876974322E-03, 1.526766127727637E-04, -5.020684635339750E-06, -4.930459613110247E-06, 1.238961906494855E-07,
2602480.500000000, A.D. 2413-Apr-01 00:00:00.0000, 69.185621, -4.950682335850434E-03, -3.325711759198578E-04, 1.866021826927872E-04, -1.870531661642147E-06, -7.456373906122094E-06, 5.408626047353884E-08,
2602845.500000000, A.D. 2414-Apr-01 00:00:00.0000, 69.185612, -4.900066449361347E-03, -3.231858470690463E-03, 1.900782632447623E-04, 2.233395432909470E-06, -7.973544863532119E-06, -3.917374875668349E-08,
2603210.500000000, A.D. 2415-Apr-01 00:00:00.0000, 69.185597, -3.318349076874209E-03, -5.876046278525568E-03, 1.558557247265211E-04, 6.203936446755035E-06, -6.005678756861668E-06, -1.423969462318812E-07,
2603576.500000000, A.D. 2416-Apr-01 00:00:00.0000, 69.185594, -5.574388153669228E-04, -7.473375579052893E-03, 8.904156449305781E-05, 8.574570096846449E-06, -2.396557433710266E-06, -2.182845778070316E-07,
2603941.500000000, A.D. 2417-Apr-01 00:00:00.0000, 69.185597, 2.653602244601637E-03, -7.569619468027716E-03, 4.238704179894533E-06, 8.610539706850453E-06, 1.895467381275099E-06, -2.376395847712891E-07,
2604306.500000000, A.D. 2418-Apr-01 00:00:00.0000, 69.185601, 5.526136530630485E-03, -6.208102275491829E-03, -8.030092210223466E-05, 6.826610277903024E-06, 5.539966787392771E-06, -2.175633338578232E-07,
2604671.500000000, A.D. 2419-Apr-01 00:00:00.0000, 69.185609, 7.440970188199923E-03, -3.759205378993435E-03, -1.481205166172052E-04, 3.562401989107927E-06, 7.683851537112967E-06, -1.529771182146009E-07,
2605037.500000000, A.D. 2420-Apr-01 00:00:00.0000, 69.185615, 8.072902592940134E-03, -7.995171259363177E-04, -1.893543796987572E-04, -2.003906303690573E-07, 8.298019480397610E-06, -6.664933543369782E-08,