2458940.500000000, A.D. 2020-Apr-01 00:00:00.0000, 69.185679, 1.601089491098744E+01, 1.166093441739466E+01, -1.641143896329294E-01, -2.344539320311758E-03, 2.996013094069052E-03, 4.148250238850456E-05,
2459305.500000000, A.D. 2021-Apr-01 00:00:00.0000, 69.185671, 1.511518273913214E+01, 1.272388102343152E+01, -1.485624488988147E-01, -2.561913375536868E-03, 2.825725205932561E-03, 4.373774409163113E-05,
2459670.500000000, A.D. 2022-Apr-01 00:00:00.0000, 69.185661, 1.414217809795891E+01, 1.372176115171035E+01, -1.322507803732942E-01, -2.767806039631710E-03, 2.639578138350714E-03, 4.573598060817845E-05,
2460035.500000000, A.D. 2023-Apr-01 00:00:00.0000, 69.185650, 1.309627915474090E+01, 1.464889661587678E+01, -1.152575323890149E-01, -2.961057184965096E-03, 2.438167942419373E-03, 4.743508521887015E-05,
2460401.500000000, A.D. 2024-Apr-01 00:00:00.0000, 69.185640, 1.197915496892704E+01, 1.550207201657491E+01, -9.761655895991846E-02, -3.141008346391160E-03, 2.221614140006883E-03, 4.889197071295967E-05,
2460766.500000000, A.D. 2025-Apr-01 00:00:00.0000, 69.185634, 1.080214484898236E+01, 1.627146592736828E+01, -7.951140406573481E-02, -3.305691490166927E-03, 1.991994835489158E-03, 5.008277519080904E-05,
2461131.500000000, A.D. 2026-Apr-01 00:00:00.0000, 69.185633, 9.567933907237462E+00, 1.695469651982028E+01, -6.098556580639723E-02, -3.454308684722607E-03, 1.749634662794972E-03, 5.104496797285977E-05,
2461496.500000000, A.D. 2027-Apr-01 00:00:00.0000, 69.185639, 8.282580926538120E+00, 1.754728783668044E+01, -4.213410410746120E-02, -3.585749579468094E-03, 1.495505308483375E-03, 5.183015220904963E-05,
2461862.500000000, A.D. 2028-Apr-01 00:00:00.0000, 69.185649, 6.948830279681636E+00, 1.804636340586645E+01, -2.300353697672592E-02, -3.699442255871704E-03, 1.229968072625310E-03, 5.244734054203734E-05,
2462227.500000000, A.D. 2029-Apr-01 00:00:00.0000, 69.185650, 5.580791057236085E+00, 1.844549034737155E+01, -3.800679275854536E-03, -3.793462494718198E-03, 9.555553752851596E-04, 5.269798715680060E-05,
2462592.500000000, A.D. 2030-Apr-01 00:00:00.0000, 69.185655, 4.182022707868409E+00, 1.874291911394577E+01, 1.542114734248551E-02, -3.867458158672219E-03, 6.729135377774710E-04, 5.267861991927454E-05,
2462957.500000000, A.D. 2031-Apr-01 00:00:00.0000, 69.185663, 2.759986084461655E+00, 1.893589943520150E+01, 3.455455353149653E-02, -3.920681074718360E-03, 3.834667004567873E-04, 5.234474558175512E-05,
2463323.500000000, A.D. 2032-Apr-01 00:00:00.0000, 69.185666, 1.318475800279469E+00, 1.902230621569720E+01, 5.354229253152131E-02, -3.952383265873974E-03, 8.788119645874786E-05, 5.144369586825379E-05,
2463688.500000000, A.D. 2033-Apr-01 00:00:00.0000, 69.185663, -1.266128208648579E-01, 1.900002966902557E+01, 7.217079429513500E-02, -3.961824379314180E-03, -2.104945521264363E-04, 5.049500513439260E-05,
2464053.500000000, A.D. 2034-Apr-01 00:00:00.0000, 69.185653, -1.570982135525553E+00, 1.886843569349308E+01, 9.038277309706499E-02, -3.948555727914814E-03, -5.107693307041708E-04, 4.924954037358042E-05,
2464418.500000000, A.D. 2035-Apr-01 00:00:00.0000, 69.185643, -3.006235511533906E+00, 1.862715131628730E+01, 1.080689506715138E-01, -3.912069734743782E-03, -8.111711485115422E-04, 4.767065764255890E-05,
2464784.500000000, A.D. 2036-Apr-01 00:00:00.0000, 69.185639, -4.427696695352584E+00, 1.827535581311353E+01, 1.251664451816589E-01, -3.851693107171967E-03, -1.110696558843100E-03, 4.594095686401252E-05,
2465149.500000000, A.D. 2037-Apr-01 00:00:00.0000, 69.185633, -5.818976555097866E+00, 1.781594035574339E+01, 1.414737586337614E-01, -3.767946371387766E-03, -1.405807392912750E-03, 4.376890570099850E-05,
2465514.500000000, A.D. 2038-Apr-01 00:00:00.0000, 69.185634, -7.175384449257711E+00, 1.724975789994948E+01, 1.569334803034577E-01, -3.660653555946127E-03, -1.695394578569242E-03, 4.122820283136719E-05,
2465879.500000000, A.D. 2039-Apr-01 00:00:00.0000, 69.185644, -8.488392452031912E+00, 1.657920659472962E+01, 1.714442654110495E-01, -3.530114832606797E-03, -1.977385936269022E-03, 3.839869940445442E-05,
2466245.500000000, A.D. 2040-Apr-01 00:00:00.0000, 69.185651, -9.752980882848954E+00, 1.580519221553834E+01, 1.849445277668865E-01, -3.376476382253241E-03, -2.250401814807557E-03, 3.531405504512879E-05,
2466610.500000000, A.D. 2041-Apr-01 00:00:00.0000, 69.185656, -1.095401207586097E+01, 1.493585380280596E+01, 1.972684318000253E-01, -3.201028678432044E-03, -2.510979760569397E-03, 3.198946643404478E-05,
2466975.500000000, A.D. 2042-Apr-01 00:00:00.0000, 69.185664, -1.208706930003885E+01, 1.397383526407715E+01, 2.083684499986928E-01, -3.004213682252073E-03, -2.757920401952599E-03, 2.852362920460017E-05,
2467340.500000000, A.D. 2043-Apr-01 00:00:00.0000, 69.185670, -1.314454852455990E+01, 1.292446048163346E+01, 2.181657058173878E-01, -2.787116146907048E-03, -2.989319844291770E-03, 2.491521915912281E-05,
2467706.500000000, A.D. 2044-Apr-01 00:00:00.0000, 69.185677, -1.412181826346814E+01, 1.179053127013082E+01, 2.266105657102226E-01, -2.550271462255377E-03, -3.203924249537996E-03, 2.113763898097858E-05,
2468071.500000000, A.D. 2045-Apr-01 00:00:00.0000, 69.185671, -1.500683958617867E+01, 1.058491766834701E+01, 2.335949606411939E-01, -2.296428111854124E-03, -3.398834232722549E-03, 1.715958640240957E-05,
2468436.500000000, A.D. 2046-Apr-01 00:00:00.0000, 69.185658, -1.579628754313294E+01, 9.311902103007849E+00, 2.390917016649856E-01, -2.026728488825065E-03, -3.573019895132878E-03, 1.301821593624802E-05,
2468801.500000000, A.D. 2047-Apr-01 00:00:00.0000, 69.185650, -1.648468716449031E+01, 7.979319479981319E+00, 2.430590306032545E-01, -1.742982606196893E-03, -3.725024827494351E-03, 8.715540488773780E-06,
2469167.500000000, A.D. 2048-Apr-01 00:00:00.0000, 69.185642, -1.706870468352043E+01, 6.591654044933629E+00, 2.454703271094192E-01, -1.446376442122605E-03, -3.853867138688207E-03, 4.298286858390778E-06,
2469532.500000000, A.D. 2049-Apr-01 00:00:00.0000, 69.185637, -1.754110194052891E+01, 5.165281003491140E+00, 2.462928223018846E-01, -1.140581777151245E-03, -3.957746078968915E-03, -4.761904216489065E-08,
2469897.500000000, A.D. 2050-Apr-01 00:00:00.0000, 69.185640, -1.790036351575633E+01, 3.705603384317148E+00, 2.455269065679865E-01, -8.269232854528296E-04, -4.036211728713966E-03, -4.391408232364584E-06,
2470262.500000000, A.D. 2051-Apr-01 00:00:00.0000, 69.185645, -1.814404009254475E+01, 2.222017990924957E+00, 2.431758857420478E-01, -5.076310649985852E-04, -4.088655801275684E-03, -8.656048872576874E-06,
2470628.500000000, A.D. 2052-Apr-01 00:00:00.0000, 69.185654, -1.827070787222987E+01, 7.199811428767660E-01, 2.392419846847364E-01, -1.842108015552908E-04, -4.114757497066897E-03, -1.282542959172927E-05,
2470993.500000000, A.D. 2053-Apr-01 00:00:00.0000, 69.185656, -1.827894545908946E+01, -7.826205992853914E-01, 2.337734993653717E-01, 1.391253244038152E-04, -4.114270053533981E-03, -1.700826730369111E-05,
2471358.500000000, A.D. 2054-Apr-01 00:00:00.0000, 69.185658, -1.816942927425148E+01, -2.280205871103125E+00, 2.267998912542293E-01, 4.607814308073919E-04, -4.087332849945799E-03, -2.105811476344214E-05,
2471723.500000000, A.D. 2055-Apr-01 00:00:00.0000, 69.185666, -1.794319661493278E+01, -3.763168841699932E+00, 2.183699697829323E-01, 7.783609516232765E-04, -4.034232240633965E-03, -2.496018370766798E-05,
2472089.500000000, A.D. 2056-Apr-01 00:00:00.0000, 69.185668, -1.760102582185345E+01, -5.226016139836205E+00, 2.085140177805198E-01, 1.090453182547886E-03, -3.955293959700511E-03, -2.884668285132007E-05,
2472454.500000000, A.D. 2057-Apr-01 00:00:00.0000, 69.185658, -1.714746419914764E+01, -6.651532410362044E+00, 1.973548102062468E-01, 1.393330205656588E-03, -3.851726229583406E-03, -3.231166435951724E-05,
2472819.500000000, A.D. 2058-Apr-01 00:00:00.0000, 69.185649, -1.658517600787838E+01, -8.034880941404790E+00, 1.849448857729626E-01, 1.685708751275812E-03, -3.724363547898838E-03, -3.554507318232781E-05,
2473184.500000000, A.D. 2059-Apr-01 00:00:00.0000, 69.185637, -1.591833701643748E+01, -9.367592805886209E+00, 1.713698627497923E-01, 1.965707271382764E-03, -3.574420798086271E-03, -3.858202420064971E-05,
2473550.500000000, A.D. 2060-Apr-01 00:00:00.0000, 69.185633, -1.514957673950032E+01, -1.064506814668624E+01, 1.566810746668707E-01, 2.232471004568637E-03, -3.402799429253661E-03, -4.132297875475232E-05,
2473915.500000000, A.D. 2061-Apr-01 00:00:00.0000, 69.185630, -1.428860068862908E+01, -1.185282789855614E+01, 1.410573668090522E-01, 2.482417746486181E-03, -3.211850399564350E-03, -4.389327341792183E-05,
2474280.500000000, A.D. 2062-Apr-01 00:00:00.0000, 69.185630, -1.333950223905139E+01, -1.298753139607149E+01, 1.245641247254836E-01, 2.715072353915244E-03, -3.002783181116613E-03, -4.625853597069440E-05,
2474645.500000000, A.D. 2063-Apr-01 00:00:00.0000, 69.185640, -1.230883864994667E+01, -1.404286454494217E+01, 1.073094856301241E-01, 2.929174854580147E-03, -2.777272474407795E-03, -4.832718071499013E-05,
2475011.500000000, A.D. 2064-Apr-01 00:00:00.0000, 69.185649, -1.120046902458563E+01, -1.501567696962116E+01, 8.935487108867921E-02, 3.123963551401162E-03, -2.536320641837782E-03, -4.991947380965319E-05,
2475376.500000000, A.D. 2065-Apr-01 00:00:00.0000, 69.185651, -1.002780150913653E+01, -1.589560232513190E+01, 7.091268259604071E-02, 3.297815964008328E-03, -2.283150988275153E-03, -5.128380498218864E-05,
2475741.500000000, A.D. 2066-Apr-01 00:00:00.0000, 69.185660, -8.795520813489517E+00, -1.668104796457916E+01, 5.204963749327671E-02, 3.450550466609608E-03, -2.018952410938450E-03, -5.224900264458724E-05,
2476106.500000000, A.D. 2067-Apr-01 00:00:00.0000, 69.185668, -7.511459137983107E+00, -1.736833795206702E+01, 3.288076512401552E-02, 3.581588204871431E-03, -1.745643681612393E-03, -5.284181165960505E-05,
2476472.500000000, A.D. 2068-Apr-01 00:00:00.0000, 69.185671, -6.179930002012987E+00, -1.795596149102700E+01, 1.346722849424156E-02, 3.690770337558806E-03, -1.464362125763645E-03, -5.325035737027949E-05,
2476837.500000000, A.D. 2069-Apr-01 00:00:00.0000, 69.185665, -4.816347658760994E+00, -1.843840202475127E+01, -5.971255354198512E-03, 3.777322837931393E-03, -1.178437484355830E-03, -5.330632468321791E-05,
2477202.500000000, A.D. 2070-Apr-01 00:00:00.0000, 69.185652, -3.425294805082927E+00, -1.881575201482988E+01, -2.537579375086690E-02, 3.841424556136933E-03, -8.888382132409760E-04, -5.306431360198597E-05,
2477567.500000000, A.D. 2071-Apr-01 00:00:00.0000, 69.185643, -2.014918288202716E+00, -1.908699022953979E+01, -4.463697826852312E-02, 3.883211132401281E-03, -5.972853473576147E-04, -5.255558435980170E-05,
2477933.500000000, A.D. 2072-Apr-01 00:00:00.0000, 69.185641, -5.893945044286457E-01, -1.925201949027117E+01, -6.370020349268669E-02, 3.903007059492881E-03, -3.046584955387489E-04, -5.172721693405724E-05,
2478298.500000000, A.D. 2073-Apr-01 00:00:00.0000, 69.185635, 8.354994070632569E-01, -1.931013883111173E+01, -8.235817784612974E-02, 3.901074945788160E-03, -1.417772042692878E-05, -5.055339497496830E-05,
2478663.500000000, A.D. 2074-Apr-01 00:00:00.0000, 69.185641, 2.255826317505817E+00, -1.926272506819196E+01, -1.005648566639103E-01, 3.877991272530424E-03, 2.733868423968078E-04, -4.914062756522255E-05,
2479028.500000000, A.D. 2075-Apr-01 00:00:00.0000, 69.185650, 3.663948942800967E+00, -1.911110853290565E+01, -1.182260538261326E-01, 3.834328692754474E-03, 5.565653137092394E-04, -4.748328528320055E-05,
2479394.500000000, A.D. 2076-Apr-01 00:00:00.0000, 69.185656, 5.056214780047977E+00, -1.885630383051605E+01, -1.352979376388602E-01, 3.770471902985902E-03, 8.347385911290453E-04, -4.561863425803150E-05,
2479759.500000000, A.D. 2077-Apr-01 00:00:00.0000, 69.185662, 6.417818550591075E+00, -1.850204326688457E+01, -1.516027826843398E-01, 3.687395317532114E-03, 1.105115902880343E-03, -4.358598243893647E-05,
2480124.500000000, A.D. 2078-Apr-01 00:00:00.0000, 69.185665, 7.745681019625964E+00, -1.805055578032094E+01, -1.671089115081296E-01, 3.585753869756445E-03, 1.367280372562745E-03, -4.132100958650510E-05,
2480489.500000000, A.D. 2079-Apr-01 00:00:00.0000, 69.185670, 9.033179786345483E+00, -1.750504483881601E+01, -1.817427622071000E-01, 3.466334296114365E-03, 1.620141072931841E-03, -3.882279823910158E-05,
2480855.500000000, A.D. 2080-Apr-01 00:00:00.0000, 69.185674, 1.027734016118704E+01, -1.686724200942745E+01, -1.954728335448525E-01, 3.329664387820299E-03, 1.863288506774057E-03, -3.615868963302972E-05,
2481220.500000000, A.D. 2081-Apr-01 00:00:00.0000, 69.185660, 1.146538792537322E+01, -1.614461516647387E+01, -2.081623605892713E-01, 3.177559261614875E-03, 2.094352966393607E-03, -3.326602021214488E-05,
2481585.500000000, A.D. 2082-Apr-01 00:00:00.0000, 69.185649, 1.259517375181991E+01, -1.533988221406074E+01, -2.197943245906500E-01, 3.010513460479574E-03, 2.313068374674090E-03, -3.023342732466303E-05,
2481950.500000000, A.D. 2083-Apr-01 00:00:00.0000, 69.185640, 1.366142062822672E+01, -1.445770589896624E+01, -2.303179912629411E-01, 2.829481599818521E-03, 2.518598498218000E-03, -2.713561273276256E-05,
2482316.500000000, A.D. 2084-Apr-01 00:00:00.0000, 69.185633, 1.466183169921499E+01, -1.350031873082858E+01, -2.397117710966089E-01, 2.635036424915372E-03, 2.710696191223483E-03, -2.394622680039600E-05,
2482681.500000000, A.D. 2085-Apr-01 00:00:00.0000, 69.185632, 1.558635781373668E+01, -1.247815906135223E+01, -2.478845219541660E-01, 2.428909539979300E-03, 2.887726427685380E-03, -2.068319372917348E-05,
2483046.500000000, A.D. 2086-Apr-01 00:00:00.0000, 69.185633, 1.643362868607194E+01, -1.139413453481560E+01, -2.548290083337252E-01, 2.211806565127712E-03, 3.049579430919099E-03, -1.738755660066393E-05,
2483411.500000000, A.D. 2087-Apr-01 00:00:00.0000, 69.185639, 1.719982516962988E+01, -1.025388427102437E+01, -2.605165930716992E-01, 1.984812746180404E-03, 3.195701204610376E-03, -1.400997755655827E-05,
2483777.500000000, A.D. 2088-Apr-01 00:00:00.0000, 69.185648, 1.788326253528976E+01, -9.059914864400222E+00, -2.649348039685670E-01, 1.748201932148645E-03, 3.325980249040792E-03, -1.034283449781884E-05,
2484142.500000000, A.D. 2089-Apr-01 00:00:00.0000, 69.185648, 1.847715570469408E+01, -7.824770479535101E+00, -2.680419404694899E-01, 1.504529179690640E-03, 3.439159744863723E-03, -6.814639739149585E-06,
2484507.500000000, A.D. 2090-Apr-01 00:00:00.0000, 69.185655, 1.898083605462163E+01, -6.551414755991757E+00, -2.698402978595053E-01, 1.254187384760457E-03, 3.535265088316829E-03, -3.205482916328140E-06,
2484872.500000000, A.D. 2091-Apr-01 00:00:00.0000, 69.185664, 1.939204009950210E+01, -5.246140463062200E+00, -2.703238236792116E-01, 9.981823519430641E-04, 3.613972985949400E-03, 4.689432507814179E-07,
2485238.500000000, A.D. 2092-Apr-01 00:00:00.0000, 69.185663, 1.970962922026117E+01, -3.911677461385526E+00, -2.694879169689832E-01, 7.367184904832161E-04, 3.675147423058443E-03, 3.974447387911480E-06,
2485603.500000000, A.D. 2093-Apr-01 00:00:00.0000, 69.185656, 1.993037750380142E+01, -2.561826066590610E+00, -2.673419691692917E-01, 4.725400176974962E-04, 3.718236390992574E-03, 7.573549102255056E-06,
2485968.500000000, A.D. 2094-Apr-01 00:00:00.0000, 69.185643, 2.005419762732689E+01, -1.199529832621345E+00, -2.638960884345859E-01, 2.058784949829188E-04, 3.743307094636394E-03, 1.115967664415847E-05,
2486333.500000000, A.D. 2095-Apr-01 00:00:00.0000, 69.185634, 2.008042616631831E+01, 1.686014779215677E-01, -2.591663366319257E-01, -6.209105585015841E-05, 3.750212640562139E-03, 1.467623611984740E-05,
2486699.500000000, A.D. 2096-Apr-01 00:00:00.0000, 69.185635, 2.000848878847291E+01, 1.539649752635178E+00, -2.531559868274669E-01, -3.307953852635030E-04, 3.738749272820411E-03, 1.812668314345916E-05,
2487064.500000000, A.D. 2097-Apr-01 00:00:00.0000, 69.185631, 1.983893957409703E+01, 2.899423739957066E+00, -2.459246521497349E-01, -5.978587388959713E-04, 3.708996251455289E-03, 2.155221969795551E-05,
2487429.500000000, A.D. 2098-Apr-01 00:00:00.0000, 69.185637, 1.957228014329182E+01, 4.244989758337347E+00, -2.374897168578505E-01, -8.628029060282622E-04, 3.660942895464628E-03, 2.483138429597041E-05,
2487794.500000000, A.D. 2099-Apr-01 00:00:00.0000, 69.185649, 1.920948562302791E+01, 5.569687090609860E+00, -2.278885618630399E-01, -1.124447589691122E-03, 3.594672949774854E-03, 2.795949991648550E-05,
2488159.500000000, A.D. 2100-Apr-01 00:00:00.0000, 69.185652, 1.875195074276266E+01, 6.866898850696934E+00, -2.171638972461485E-01, -1.381662157633618E-03, 3.510346384877039E-03, 3.095702315417872E-05,
2488524.500000000, A.D. 2101-Apr-01 00:00:00.0000, 69.185658, 1.820149617723782E+01, 8.130072643806098E+00, -2.053636974790521E-01, -1.633344161097625E-03, 3.408186472954212E-03, 3.382187594675453E-05,
2488889.500000000, A.D. 2102-Apr-01 00:00:00.0000, 69.185665, 1.756037275304765E+01, 9.352741917827080E+00, -1.925410984594485E-01, -1.878343565371611E-03, 3.288461071974196E-03, 3.651494120863731E-05,
2489254.500000000, A.D. 2103-Apr-01 00:00:00.0000, 69.185667, 1.683126366112180E+01, 1.052854792163606E+01, -1.787543139359800E-01, -2.115430961153926E-03, 3.151483384967690E-03, 3.900047067153543E-05,
2489620.500000000, A.D. 2104-Apr-01 00:00:00.0000, 69.185670, 1.601494074810775E+01, 1.165425935763694E+01, -1.640252027261735E-01, -2.343912832283730E-03, 2.997196654807599E-03, 4.146242341828284E-05,
2489985.500000000, A.D. 2105-Apr-01 00:00:00.0000, 69.185656, 1.511941844625885E+01, 1.271763491864455E+01, -1.485026515872800E-01, -2.561511473533762E-03, 2.826894606848464E-03, 4.365191580201467E-05,
2490350.500000000, A.D. 2106-Apr-01 00:00:00.0000, 69.185643, 1.414654936665144E+01, 1.371592781757392E+01, -1.322208008282254E-01, -2.767600414706401E-03, 2.640684393161307E-03, 4.558827680265035E-05,
2490715.500000000, A.D. 2107-Apr-01 00:00:00.0000, 69.185638, 1.310071745994373E+01, 1.464345273443591E+01, -1.152575678043701E-01, -2.961021343776008E-03, 2.439211828114349E-03, 4.730101990444341E-05,
2491081.500000000, A.D. 2108-Apr-01 00:00:00.0000, 69.185634, 1.198358709163988E+01, 1.549700673126082E+01, -9.764648915980288E-02, -3.141232895162117E-03, 2.222677886640125E-03, 4.882818534792161E-05,
2491446.500000000, A.D. 2109-Apr-01 00:00:00.0000, 69.185633, 1.080651435944996E+01, 1.626678063380710E+01, -7.957057746391855E-02, -3.305951064569163E-03, 1.993044932029901E-03, 5.000673283307207E-05,
2491811.500000000, A.D. 2110-Apr-01 00:00:00.0000, 69.185639, 9.572200189313616E+00, 1.695038815755941E+01, -6.107339820009142E-02, -3.454587042217703E-03, 1.750640495563801E-03, 5.099217475337572E-05,
2492176.500000000, A.D. 2111-Apr-01 00:00:00.0000, 69.185642, 8.286704282675860E+00, 1.754333935491402E+01, -4.224990503617240E-02, -3.586140598909881E-03, 1.496450791244553E-03, 5.178991512532619E-05,
2492542.500000000, A.D. 2112-Apr-01 00:00:00.0000, 69.185653, 6.952765588061907E+00, 1.804275135308243E+01, -2.314631356872679E-02, -3.699944127050563E-03, 1.230824772038050E-03, 5.228786705444844E-05,
2492907.500000000, A.D. 2113-Apr-01 00:00:00.0000, 69.185653, 5.584491359852379E+00, 1.844219175018085E+01, -3.968632790628969E-03, -3.794137691928378E-03, 9.563772273033789E-04, 5.258002331550172E-05,
2493272.500000000, A.D. 2114-Apr-01 00:00:00.0000, 69.185656, 4.185442815818115E+00, 1.873992226175555E+01, 1.523041499227624E-02, -3.868339038247434E-03, 6.737475779778730E-04, 5.260038430968706E-05,
2493637.500000000, A.D. 2115-Apr-01 00:00:00.0000, 69.185663, 2.763088801746054E+00, 1.893320854832940E+01, 3.434405868320746E-02, -3.921688180906670E-03, 3.843452861400588E-04, 5.227154697467874E-05,
2494003.500000000, A.D. 2116-Apr-01 00:00:00.0000, 69.185658, 1.321237670325492E+00, 1.901994368327732E+01, 5.331526154923517E-02, -3.953374436818629E-03, 8.884407436200331E-05, 5.149467591401750E-05,
2494368.500000000, A.D. 2117-Apr-01 00:00:00.0000, 69.185645, -1.241918335347199E-01, 1.899802773015563E+01, 7.193002279111546E-02, -3.962770880538047E-03, -2.094414199641870E-04, 5.052908123902599E-05,
2494733.500000000, A.D. 2118-Apr-01 00:00:00.0000, 69.185635, -1.568877934696735E+00, 1.886682636707376E+01, 9.012993471972085E-02, -3.949340302956312E-03, -5.096696329724407E-04, 4.920478906904230E-05,
2495098.500000000, A.D. 2119-Apr-01 00:00:00.0000, 69.185624, -3.004400029504562E+00, 1.862594880199810E+01, 1.078042606903412E-01, -3.912623601563445E-03, -8.100939209979381E-04, 4.757808526072839E-05,
2495464.500000000, A.D. 2120-Apr-01 00:00:00.0000, 69.185625, -4.426066725792829E+00, 1.827454336156324E+01, 1.248887121783563E-01, -3.852149025208803E-03, -1.109706517203612E-03, 4.578702185159872E-05,
2495829.500000000, A.D. 2121-Apr-01 00:00:00.0000, 69.185624, -5.817490475283101E+00, 1.781546888637418E+01, 1.411815945632503E-01, -3.768256173636740E-03, -1.404971798850070E-03, 4.359568182793580E-05,
2496194.500000000, A.D. 2122-Apr-01 00:00:00.0000, 69.185628, -7.173997479481468E+00, 1.724957505691735E+01, 1.566258213219501E-01, -3.660847052554570E-03, -1.694674448007316E-03, 4.114131842225986E-05,
2496559.500000000, A.D. 2123-Apr-01 00:00:00.0000, 69.185641, -8.487066104308040E+00, 1.657927259544693E+01, 1.711206418260575E-01, -3.530220633409641E-03, -1.976745649484245E-03, 3.842751938699286E-05,
2496925.500000000, A.D. 2124-Apr-01 00:00:00.0000, 69.185648, -9.751672705527026E+00, 1.580546740816366E+01, 1.846051359419923E-01, -3.376423940624831E-03, -2.249893428489417E-03, 3.534856250926582E-05,
2497290.500000000, A.D. 2125-Apr-01 00:00:00.0000, 69.185652, -1.095268158379114E+01, 1.493628741853033E+01, 1.969141951911312E-01, -3.200829785894582E-03, -2.510621023850370E-03, 3.208839625678388E-05,
2497655.500000000, A.D. 2126-Apr-01 00:00:00.0000, 69.185662, -1.208568560996660E+01, 1.397437247738329E+01, 2.080010950503699E-01, -3.003987024640414E-03, -2.757703349573204E-03, 2.861605529936965E-05,
2498020.500000000, A.D. 2127-Apr-01 00:00:00.0000, 69.185663, -1.314309283817290E+01, 1.292504994017278E+01, 2.177876188672429E-01, -2.786919195093055E-03, -2.989231597638013E-03, 2.492527696361435E-05,
2498386.500000000, A.D. 2128-Apr-01 00:00:00.0000, 69.185664, -1.412028386812524E+01, 1.179113059810499E+01, 2.262245080250517E-01, -2.550049529993467E-03, -3.203947753340224E-03, 2.111437102286531E-05,
2498751.500000000, A.D. 2129-Apr-01 00:00:00.0000, 69.185652, -1.500523184665077E+01, 1.058549657799330E+01, 2.332039222949588E-01, -2.296356867022494E-03, -3.398898039145364E-03, 1.712692867545156E-05,
2499116.500000000, A.D. 2130-Apr-01 00:00:00.0000, 69.185637, -1.579462114735490E+01, 9.312443989064173E+00, 2.386987577637396E-01, -2.026738853094317E-03, -3.573108175194444E-03, 1.295950545124356E-05,
2499481.500000000, A.D. 2131-Apr-01 00:00:00.0000, 69.185635, -1.648298189492330E+01, 7.979821209247140E+00, 2.426671142329061E-01, -1.742987332569105E-03, -3.725117270585110E-03, 8.668673978970284E-06,
2499847.500000000, A.D. 2132-Apr-01 00:00:00.0000, 69.185634, -1.706697783519025E+01, 6.592123719678446E+00, 2.450820693598905E-01, -1.446415235514812E-03, -3.853907503121564E-03, 4.387188439469267E-06,
2500212.500000000, A.D. 2133-Apr-01 00:00:00.0000, 69.185633, -1.753935899383077E+01, 5.165733261342372E+00, 2.459103778860393E-01, -1.140510745006595E-03, -3.957777867474495E-03, -3.054112832858441E-08,
2500577.500000000, A.D. 2134-Apr-01 00:00:00.0000, 69.185642, -1.789859312493498E+01, 3.706050197545091E+00, 2.451520996898896E-01, -8.267162733136885E-04, -4.036247580534818E-03, -4.393535763102448E-06,
2500942.500000000, A.D. 2135-Apr-01 00:00:00.0000, 69.185647, -1.814222476975485E+01, 2.222457625683974E+00, 2.428104340725645E-01, -5.073893856539540E-04, -4.088718534958869E-03, -8.642021442951787E-06,
2501308.500000000, A.D. 2136-Apr-01 00:00:00.0000, 69.185655, -1.826885260705895E+01, 7.204002145186404E-01, 2.388876696831468E-01, -1.841305050064106E-04, -4.114853448897750E-03, -1.295512286300903E-05,
2501673.500000000, A.D. 2137-Apr-01 00:00:00.0000, 69.185659, -1.827708823807447E+01, -7.822252319072461E-01, 2.334322846816450E-01, 1.390569168674780E-04, -4.114328041156113E-03, -1.704327692770242E-05,
2502038.500000000, A.D. 2138-Apr-01 00:00:00.0000, 69.185660, -1.816761497863758E+01, -2.279816994524699E+00, 2.264734804794063E-01, 4.605469404301105E-04, -4.087298052698711E-03, -2.100212791793822E-05,
2502403.500000000, A.D. 2139-Apr-01 00:00:00.0000, 69.185666, -1.794145618773040E+01, -3.762758706097306E+00, 2.180599107801052E-01, 7.780305950943796E-04, -4.034106845887395E-03, -2.487337032657565E-05,
2502769.500000000, A.D. 2140-Apr-01 00:00:00.0000, 69.185663, -1.759937550847820E+01, -5.225557087763631E+00, 2.082218934736449E-01, 1.090257313107849E-03, -3.955122562851105E-03, -2.866585300502535E-05,
2503134.500000000, A.D. 2141-Apr-01 00:00:00.0000, 69.185646, -1.714591211732091E+01, -6.651002627993122E+00, 1.970817333216011E-01, 1.393106749566295E-03, -3.851508956521365E-03, -3.217114601854511E-05,
2503499.500000000, A.D. 2142-Apr-01 00:00:00.0000, 69.185637, -1.658373095287900E+01, -8.034265894535245E+00, 1.846920547522193E-01, 1.685465984115356E-03, -3.724133726586805E-03, -3.550474415581540E-05,
2503864.500000000, A.D. 2143-Apr-01 00:00:00.0000, 69.185627, -1.591701381369368E+01, -9.366885236422247E+00, 1.711384457850210E-01, 1.965444883441291E-03, -3.574197176380771E-03, -3.861385591330874E-05,
2504230.500000000, A.D. 2144-Apr-01 00:00:00.0000, 69.185627, -1.514839863212879E+01, -1.064426578843780E+01, 1.564721710372893E-01, 2.231965218909288E-03, -3.402538178291730E-03, -4.135961174267085E-05,
2504595.500000000, A.D. 2145-Apr-01 00:00:00.0000, 69.185628, -1.428759634067581E+01, -1.185193037069974E+01, 1.408722820779984E-01, 2.481823032060939E-03, -3.211582870926178E-03, -4.391909649877776E-05,
2504960.500000000, A.D. 2146-Apr-01 00:00:00.0000, 69.185630, -1.333870215024274E+01, -1.298653452844849E+01, 1.244041661213511E-01, 2.714435204618045E-03, -3.002489920142452E-03, -4.618911347105532E-05,
2505325.500000000, A.D. 2147-Apr-01 00:00:00.0000, 69.185640, -1.230826811412274E+01, -1.404175574920268E+01, 1.071759724288087E-01, 2.928505089170590E-03, -2.776917836006191E-03, -4.813083429185763E-05,
2505691.500000000, A.D. 2148-Apr-01 00:00:00.0000, 69.185648, -1.120014045690678E+01, -1.501443347621643E+01, 8.924929478577641E-02, 3.123404795546087E-03, -2.535928561607039E-03, -4.976626358949892E-05,
2506056.500000000, A.D. 2149-Apr-01 00:00:00.0000, 69.185648, -1.002770678102244E+01, -1.589420224168645E+01, 7.083582978105009E-02, 3.297347959210828E-03, -2.282726797366492E-03, -5.111755185227077E-05,
2506421.500000000, A.D. 2150-Apr-01 00:00:00.0000, 69.185657, -8.795641990645906E+00, -1.667949057070425E+01, 5.200188576576627E-02, 3.450068890963402E-03, -2.018560726106856E-03, -5.211352284150159E-05,
2506786.500000000, A.D. 2151-Apr-01 00:00:00.0000, 69.185657, -7.511789354734669E+00, -1.736664849843388E+01, 3.286210264622116E-02, 3.580991733420781E-03, -1.745325629776822E-03, -5.279648691529405E-05,
2507152.500000000, A.D. 2152-Apr-01 00:00:00.0000, 69.185653, -6.180477176542338E+00, -1.795416697567119E+01, 1.347774003335278E-02, 3.690092817751881E-03, -1.464085295189224E-03, -5.318181738207524E-05,
2507517.500000000, A.D. 2153-Apr-01 00:00:00.0000, 69.185642, -4.817116422797699E+00, -1.843651534314985E+01, -5.931477723616149E-03, 3.776542893846181E-03, -1.178147895576291E-03, -5.320308057976290E-05,
2507882.500000000, A.D. 2154-Apr-01 00:00:00.0000, 69.185629, -3.426278081595036E+00, -1.881377426790373E+01, -2.530679779004163E-02, 3.840675916964121E-03, -8.885442180638318E-04, -5.296733191554127E-05,
2508247.500000000, A.D. 2155-Apr-01 00:00:00.0000, 69.185627, -2.016096048635539E+00, -1.908492083626712E+01, -4.453926249450417E-02, 3.882640062694306E-03, -5.970202585113727E-04, -5.246798896120527E-05,
2508613.500000000, A.D. 2156-Apr-01 00:00:00.0000, 69.185632, -5.907370238345113E-01, -1.924986420108278E+01, -6.357477621223032E-02, 3.902609276460428E-03, -3.044353032122285E-04, -5.160040236843217E-05,
2508978.500000000, A.D. 2157-Apr-01 00:00:00.0000, 69.185630, 8.340297605685332E-01, -1.930791508901600E+01, -8.220689603981959E-02, 3.900856176457055E-03, -1.405234223010582E-05, -5.056198536135160E-05,
2509343.500000000, A.D. 2158-Apr-01 00:00:00.0000, 69.185641, 2.254270878302586E+00, -1.926046254527504E+01, -1.003899348861600E-01, 3.877939729733504E-03, 2.733945860866134E-04, -4.921667646601954E-05,
2509708.500000000, A.D. 2159-Apr-01 00:00:00.0000, 69.185649, 3.662351148168213E+00, -1.910884857370650E+01, -1.180301048826614E-01, 3.834367493274689E-03, 5.564560473598594E-04, -4.753747064312795E-05,
2510074.500000000, A.D. 2160-Apr-01 00:00:00.0000, 69.185655, 5.054617957147592E+00, -1.885409743124602E+01, -1.350838267844425E-01, 3.770462388403929E-03, 8.345117181202067E-04, -4.571140215390492E-05,
2510439.500000000, A.D. 2161-Apr-01 00:00:00.0000, 69.185661, 6.416263410923884E+00, -1.849994684744773E+01, -1.513731372944153E-01, 3.687523574321413E-03, 1.104742966892311E-03, -4.354967325348509E-05,
2510804.500000000, A.D. 2162-Apr-01 00:00:00.0000, 69.185663, 7.744205212163782E+00, -1.804862713633248E+01, -1.668662742124902E-01, 3.585993061341557E-03, 1.366765212059362E-03, -4.116823541738060E-05,
2511169.500000000, A.D. 2163-Apr-01 00:00:00.0000, 69.185665, 9.031823358733678E+00, -1.750334346092461E+01, -1.814893709892546E-01, 3.466699291125994E-03, 1.619452923492333E-03, -3.865363337293747E-05,
2511535.500000000, A.D. 2164-Apr-01 00:00:00.0000, 69.185662, 1.027615126788688E+01, -1.686584337573875E+01, -1.952104319764148E-01, 3.330358461490711E-03, 1.862309011922756E-03, -3.605703612660561E-05,
2511900.500000000, A.D. 2165-Apr-01 00:00:00.0000, 69.185644, 1.146440749556266E+01, -1.614361610854908E+01, -2.078922838445397E-01, 3.178271488356801E-03, 2.093095078205039E-03, -3.322806928944921E-05,
2512265.500000000, A.D. 2166-Apr-01 00:00:00.0000, 69.185636, 1.259441841018813E+01, -1.533938268209929E+01, -2.195166316086581E-01, 3.011155349450985E-03, 2.311561791418858E-03, -3.029359756128181E-05,
2512630.500000000, A.D. 2167-Apr-01 00:00:00.0000, 69.185631, 1.366088308212962E+01, -1.445778538069464E+01, -2.300320334916344E-01, 2.830048881086017E-03, 2.516910006070587E-03, -2.724769198707454E-05,
2512996.500000000, A.D. 2168-Apr-01 00:00:00.0000, 69.185630, 1.466149258308484E+01, -1.350103225963667E+01, -2.394169449773857E-01, 2.635397362190661E-03, 2.708947496105397E-03, -2.391141766342023E-05,
2513361.500000000, A.D. 2169-Apr-01 00:00:00.0000, 69.185632, 1.558619541285581E+01, -1.247953511299908E+01, -2.475806236936650E-01, 2.429252229345538E-03, 2.885918046282876E-03, -2.062861346431533E-05,
2513726.500000000, A.D. 2170-Apr-01 00:00:00.0000, 69.185637, 1.643362933755918E+01, -1.139618513223014E+01, -2.545168605292965E-01, 2.212229434851921E-03, 3.047743027295424E-03, -1.728812413128472E-05,
2514091.500000000, A.D. 2171-Apr-01 00:00:00.0000, 69.185644, 1.719998977775644E+01, -1.025660881722706E+01, -2.601981138121210E-01, 1.985336448771193E-03, 3.193870718394103E-03, -1.385517290063941E-05,
2514457.500000000, A.D. 2172-Apr-01 00:00:00.0000, 69.185653, 1.788361083775107E+01, -9.063307840634948E+00, -2.646127323992989E-01, 1.748867119218226E-03, 3.324136223285960E-03, -1.036853467227399E-05,
2514822.500000000, A.D. 2173-Apr-01 00:00:00.0000, 69.185652, 1.847772312800763E+01, -7.828820768670049E+00, -2.677197083675097E-01, 1.505311404734989E-03, 3.437338146500999E-03, -6.868367501042691E-06,
2515187.500000000, A.D. 2174-Apr-01 00:00:00.0000, 69.185657, 1.898166973513738E+01, -6.556113285610764E+00, -2.695213451819876E-01, 1.255015833165532E-03, 3.533489359957877E-03, -3.261345147611388E-06,
2515552.500000000, A.D. 2175-Apr-01 00:00:00.0000, 69.185658, 1.939319019690902E+01, -5.251476435262848E+00, -2.700113895433730E-01, 9.990199944377677E-04, 3.612258798774275E-03, 3.824888059919231E-07,
2515918.500000000, A.D. 2176-Apr-01 00:00:00.0000, 69.185648, 1.971114513675106E+01, -3.917633171278002E+00, -2.691849848927997E-01, 7.376933073294545E-04, 3.673524407219935E-03, 4.011607608545694E-06,
2516283.500000000, A.D. 2177-Apr-01 00:00:00.0000, 69.185634, 1.993231471043094E+01, -2.568365297601760E+00, -2.670513221554321E-01, 4.736690142191255E-04, 3.716738966025611E-03, 7.652952668121950E-06,
2516648.500000000, A.D. 2178-Apr-01 00:00:00.0000, 69.185623, 2.005663600655386E+01, -1.206610898599295E+00, -2.636205142084277E-01, 2.072847683955690E-04, 3.741906663981131E-03, 1.119682355697063E-05,
2517013.500000000, A.D. 2179-Apr-01 00:00:00.0000, 69.185619, 2.008345923085460E+01, 1.610136355952214E-01, -2.589084356452721E-01, -6.032447846867289E-05, 3.748866045151348E-03, 1.464230178687369E-05,
2517379.500000000, A.D. 2180-Apr-01 00:00:00.0000, 69.185624, 2.001220334565183E+01, 1.531585784654566E+00, -2.529182446667878E-01, -3.288081314313775E-04, 3.737484638588543E-03, 1.801936975702730E-05,
2517744.500000000, A.D. 2181-Apr-01 00:00:00.0000, 69.185624, 1.984340388536255E+01, 2.890923614855344E+00, -2.457092044417929E-01, -5.956983709336970E-04, 3.707836210205979E-03, 2.132586697657056E-05,
2518109.500000000, A.D. 2182-Apr-01 00:00:00.0000, 69.185633, 1.957755397552237E+01, 4.236102982893767E+00, -2.372984971989484E-01, -8.604695916096486E-04, 3.659926240705464E-03, 2.457337573195801E-05,
2518474.500000000, A.D. 2183-Apr-01 00:00:00.0000, 69.185643, 1.921562321095347E+01, 5.560474323379545E+00, -2.277233256150857E-01, -1.121990894240843E-03, 3.593852434184388E-03, 2.777568833220104E-05,
2518840.500000000, A.D. 2184-Apr-01 00:00:00.0000, 69.185648, 1.875762385691095E+01, 6.860940410390757E+00, -2.169953476957047E-01, -1.379875139580494E-03, 3.509514175551998E-03, 3.087089223080222E-05,
2519205.500000000, A.D. 2185-Apr-01 00:00:00.0000, 69.185653, 1.820788161999387E+01, 8.123835835955134E+00, -2.052211118283184E-01, -1.631347700819320E-03, 3.407524861646323E-03, 3.378803636367135E-05,
2519570.500000000, A.D. 2186-Apr-01 00:00:00.0000, 69.185659, 1.756752235687192E+01, 9.346293657081450E+00, -1.924258666008684E-01, -1.876108881320443E-03, 3.287976766895271E-03, 3.655522120446792E-05,
2519935.500000000, A.D. 2187-Apr-01 00:00:00.0000, 69.185658, 1.683922352576811E+01, 1.052195727328272E+01, -1.786677431625976E-01, -2.113017750126386E-03, 3.151183768616612E-03, 3.911256499739148E-05,
2520301.500000000, A.D. 2188-Apr-01 00:00:00.0000, 69.185655, 1.602374801616946E+01, 1.164759273079817E+01, -1.639685007753096E-01, -2.341372510356924E-03, 2.997028125979728E-03, 4.134187475588573E-05,
2520666.500000000, A.D. 2189-Apr-01 00:00:00.0000, 69.185639, 1.512908511511677E+01, 1.271095392484481E+01, -1.484769206180690E-01, -2.559007254642010E-03, 2.826899874739194E-03, 4.354052432312347E-05,
2521031.500000000, A.D. 2190-Apr-01 00:00:00.0000, 69.185631, 1.415706440099619E+01, 1.370929555536819E+01, -1.322268604135486E-01, -2.765280490426056E-03, 2.640911944357973E-03, 4.550256715650582E-05,
2521396.500000000, A.D. 2191-Apr-01 00:00:00.0000, 69.185631, 1.311205615722582E+01, 1.463694987142476E+01, -1.152957592178262E-01, -2.958918242570575E-03, 2.439722726362683E-03, 4.721701852502919E-05,
2521762.500000000, A.D. 2192-Apr-01 00:00:00.0000, 69.185631, 1.199573208159825E+01, 1.549072836167530E+01, -9.771675840753676E-02, -3.139131102443079E-03, 2.223460001296713E-03, 4.892449291042694E-05,
2522127.500000000, A.D. 2193-Apr-01 00:00:00.0000, 69.185634, 1.081944356452074E+01, 1.626081157857995E+01, -7.967278905115346E-02, -3.303956263525860E-03, 1.994048946335204E-03, 5.013868525417371E-05,
2522492.500000000, A.D. 2194-Apr-01 00:00:00.0000, 69.185641, 9.585877022761119E+00, 1.694479634596858E+01, -6.120732608034724E-02, -3.452708082358809E-03, 1.751797615227218E-03, 5.106417024212539E-05,
2522857.500000000, A.D. 2195-Apr-01 00:00:00.0000, 69.185646, 8.301070589613909E+00, 1.753817939879596E+01, -4.241507445059883E-02, -3.584371722581959E-03, 1.497712181405889E-03, 5.175503420504695E-05,
2523223.500000000, A.D. 2196-Apr-01 00:00:00.0000, 69.185655, 6.967745602393213E+00, 1.803807074824103E+01, -2.334208048874854E-02, -3.698437559288227E-03, 1.232195729600504E-03, 5.215298979945065E-05,
2523588.500000000, A.D. 2197-Apr-01 00:00:00.0000, 69.185656, 5.599990675265144E+00, 1.843802972837511E+01, -4.193774864916775E-03, -3.792943431757359E-03, 9.578452568403531E-04, 5.232887013937816E-05,
2523953.500000000, A.D. 2198-Apr-01 00:00:00.0000, 69.185659, 4.201357342045511E+00, 1.873631481806141E+01, 1.497754343513510E-02, -3.867442814557036E-03, 6.753022628914776E-04, 5.231610045250363E-05,
2524318.500000000, A.D. 2199-Apr-01 00:00:00.0000, 69.185658, 2.779306637998228E+00, 1.893018671750830E+01, 3.406551579160374E-02, -3.921103000481033E-03, 3.859836856282854E-04, 5.205156321530695E-05,
2524683.500000000, A.D. 2200-Apr-01 00:00:00.0000, 69.185645, 1.341596134171542E+00, 1.901744173295289E+01, 5.296192726452066E-02, -3.953132066339257E-03, 9.138649981901938E-05, 5.145083290872085E-05,
2525048.500000000, A.D. 2201-Apr-01 00:00:00.0000, 69.185627, -1.037535335621017E-01, 1.899644381273892E+01, 7.155717356795294E-02, -3.962825844987044E-03, -2.069063319017630E-04, 5.048716038811911E-05,
2525413.500000000, A.D. 2202-Apr-01 00:00:00.0000, 69.185620, -1.548498526819001E+00, 1.886615188682057E+01, 8.974080010248478E-02, -3.949640913605120E-03, -5.072226939183816E-04, 4.920027156186636E-05,
2525778.500000000, A.D. 2203-Apr-01 00:00:00.0000, 69.185616, -2.984221701372442E+00, 1.862614626787173E+01, 1.074022874101886E-01, -3.913232572884682E-03, -8.077992175971165E-04, 4.763716060072816E-05,
2526144.500000000, A.D. 2204-Apr-01 00:00:00.0000, 69.185620, -4.406247102281363E+00, 1.827555940564872E+01, 1.244779412527757E-01, -3.853230502811589E-03, -1.107587410909033E-03, 4.564258156527153E-05,
2526509.500000000, A.D. 2205-Apr-01 00:00:00.0000, 69.185623, -5.798199802528735E+00, 1.781725939676823E+01, 1.407669694782720E-01, -3.769804313751794E-03, -1.402924524483886E-03, 4.348699423740415E-05,
2526874.500000000, A.D. 2206-Apr-01 00:00:00.0000, 69.185628, -7.155395424597558E+00, 1.725212361513914E+01, 1.562122702779863E-01, -3.662883982422351E-03, -1.692627148082812E-03, 4.110159059319006E-05,
2527239.500000000, A.D. 2207-Apr-01 00:00:00.0000, 69.185637, -8.469280154179122E+00, 1.658256624082679E+01, 1.707121626979177E-01, -3.532687202828570E-03, -1.974717368409415E-03, 3.842892121339879E-05,
2527605.500000000, A.D. 2208-Apr-01 00:00:00.0000, 69.185644, -9.734796975043471E+00, 1.580947883224634E+01, 1.842044994547206E-01, -3.379013288261058E-03, -2.247974656366746E-03, 3.549135778154934E-05,
2527970.500000000, A.D. 2209-Apr-01 00:00:00.0000, 69.185644, -1.093677015468691E+01, 1.494096184750961E+01, 1.965226142243719E-01, -3.203552296588850E-03, -2.508866947195978E-03, 3.229170913717836E-05,
2528335.500000000, A.D. 2210-Apr-01 00:00:00.0000, 69.185649, -1.207076257518152E+01, 1.397963280683522E+01, 2.076187457931317E-01, -3.006718494061678E-03, -2.756201370045376E-03, 2.877743592786015E-05,
2528700.500000000, A.D. 2211-Apr-01 00:00:00.0000, 69.185646, -1.312915298782850E+01, 1.293079699859710E+01, 2.174140775375972E-01, -2.789522192281978E-03, -2.988057815615068E-03, 2.499450133543543E-05,
2529066.500000000, A.D. 2212-Apr-01 00:00:00.0000, 69.185638, -1.410729820142507E+01, 1.179724749931877E+01, 2.258592090159121E-01, -2.552581721376057E-03, -3.203119237876710E-03, 2.111095454745577E-05,
2529431.500000000, A.D. 2213-Apr-01 00:00:00.0000, 69.185626, -1.499314303556205E+01, 1.059184924092270E+01, 2.328466959440432E-01, -2.298755731240324E-03, -3.398455028621646E-03, 1.702641095943819E-05,
2529796.500000000, A.D. 2214-Apr-01 00:00:00.0000, 69.185618, -1.578335470722660E+01, 9.318887939959273E+00, 2.383503186520295E-01, -2.028923686897156E-03, -3.573071059247502E-03, 1.284967866956185E-05,
2530161.500000000, A.D. 2215-Apr-01 00:00:00.0000, 69.185619, -1.647244569060958E+01, 7.986205475545714E+00, 2.423289742673713E-01, -1.744919827438703E-03, -3.725479404728077E-03, 8.653863207253049E-06,
2530527.500000000, A.D. 2216-Apr-01 00:00:00.0000, 69.185626, -1.705706242385394E+01, 6.598295182479853E+00, 2.447562809108641E-01, -1.448009081572996E-03, -3.854678140213015E-03, 4.453991732262525E-06,
2530892.500000000, A.D. 2217-Apr-01 00:00:00.0000, 69.185627, -1.752993207920388E+01, 5.171539371819049E+00, 2.455989495278054E-01, -1.141631454722269E-03, -3.958983752712713E-03, 1.028324095563359E-07,
2531257.500000000, A.D. 2218-Apr-01 00:00:00.0000, 69.185637, -1.788951944621313E+01, 3.711336168810066E+00, 2.448568858968029E-01, -8.274372972751079E-04, -4.037879978466705E-03, -4.222938522617297E-06,
2531622.500000000, A.D. 2219-Apr-01 00:00:00.0000, 69.185645, -1.813339114803238E+01, 2.227079974640819E+00, 2.425330897190008E-01, -5.078538686958874E-04, -4.090709774051212E-03, -8.531682505274427E-06,
2531988.500000000, A.D. 2220-Apr-01 00:00:00.0000, 69.185652, -1.826016924297129E+01, 7.242501043437295E-01, 2.386293865372458E-01, -1.843545289101994E-04, -4.117091921896984E-03, -1.296526360214071E-05,
2532353.500000000, A.D. 2221-Apr-01 00:00:00.0000, 69.185656, -1.826846007122058E+01, -7.792093871666478E-01, 2.331935363472088E-01, 1.390080982103173E-04, -4.116669381748773E-03, -1.706225256788256E-05,
2532718.500000000, A.D. 2222-Apr-01 00:00:00.0000, 69.185658, -1.815892743173458E+01, -2.277667517533644E+00, 2.262543198481959E-01, 4.607460275019164E-04, -4.089678050227364E-03, -2.104479979481034E-05,
2533083.500000000, A.D. 2223-Apr-01 00:00:00.0000, 69.185654, -1.793257918044592E+01, -3.761485774212764E+00, 2.178600723526039E-01, 7.786054718403490E-04, -4.036488891560190E-03, -2.490768067139307E-05,
2533449.500000000, A.D. 2224-Apr-01 00:00:00.0000, 69.185646, -1.759017376407749E+01, -5.225154702971322E+00, 2.080409359623746E-01, 1.091250593829183E-03, -3.957446420539044E-03, -2.853613604728792E-05,
2533814.500000000, A.D. 2225-Apr-01 00:00:00.0000, 69.185627, -1.713625902541612E+01, -6.651442830520282E+00, 1.969189190992756E-01, 1.394514616587209E-03, -3.853764855968996E-03, -3.209080258885697E-05,
2534179.500000000, A.D. 2226-Apr-01 00:00:00.0000, 69.185622, -1.657351538408055E+01, -8.035506095932584E+00, 1.845465700852976E-01, 1.687273873357848E-03, -3.726282145290803E-03, -3.546857948955104E-05,
2534544.500000000, A.D. 2227-Apr-01 00:00:00.0000, 69.185621, -1.590614569029458E+01, -9.368865123866133E+00, 1.710093970052412E-01, 1.967528538433016E-03, -3.576168033766886E-03, -3.858071757086791E-05,
2534910.500000000, A.D. 2228-Apr-01 00:00:00.0000, 69.185623, -1.513680760406422E+01, -1.064690745543373E+01, 1.563586552228924E-01, 2.234061101789637E-03, -3.404249189636159E-03, -4.146863390883540E-05,
2535275.500000000, A.D. 2229-Apr-01 00:00:00.0000, 69.185628, -1.427523573421176E+01, -1.185513087435695E+01, 1.407736975781629E-01, 2.484019001566444E-03, -3.212976051947578E-03, -4.397147645967474E-05,
2535640.500000000, A.D. 2230-Apr-01 00:00:00.0000, 69.185634, -1.332553743133104E+01, -1.299017055423336E+01, 1.243201195215803E-01, 2.716650869684003E-03, -3.003485623761829E-03, -4.612290479594068E-05,
2536005.500000000, A.D. 2231-Apr-01 00:00:00.0000, 69.185639, -1.229427192547493E+01, -1.404568538331676E+01, 1.071063368128002E-01, 2.930712857236208E-03, -2.777481495893470E-03, -4.798315188678734E-05,
2536371.500000000, A.D. 2232-Apr-01 00:00:00.0000, 69.185647, -1.118528749383739E+01, -1.501851244693385E+01, 8.919421722916664E-02, 3.125835670493236E-03, -2.536149481195931E-03, -4.958579780258836E-05,
2536736.500000000, A.D. 2233-Apr-01 00:00:00.0000, 69.185645, -1.001199457621025E+01, -1.589830698166648E+01, 7.079484479204125E-02, 3.299729069849125E-03, -2.282644190184824E-03, -5.092072645069294E-05,
2537101.500000000, A.D. 2234-Apr-01 00:00:00.0000, 69.185647, -8.779104637054472E+00, -1.668352077601530E+01, 5.197463885859095E-02, 3.452268740418579E-03, -2.018219121440162E-03, -5.200723319345891E-05,
2537466.500000000, A.D. 2235-Apr-01 00:00:00.0000, 69.185643, -7.494495748069606E+00, -1.737050400743880E+01, 3.284860514520748E-02, 3.582974984414936E-03, -1.744713158479910E-03, -5.281657629873848E-05,
2537832.500000000, A.D. 2236-Apr-01 00:00:00.0000, 69.185630, -6.162510014834909E+00, -1.795773686008873E+01, 1.347827470422543E-02, 3.691731794438961E-03, -1.463134044633939E-03, -5.316207141725056E-05,
2538197.500000000, A.D. 2237-Apr-01 00:00:00.0000, 69.185619, -4.798567003673510E+00, -1.843968786001681E+01, -5.916455716927060E-03, 3.777877608501043E-03, -1.176891294650441E-03, -5.323534201829196E-05,
2538562.500000000, A.D. 2238-Apr-01 00:00:00.0000, 69.185613, -3.407239162126217E+00, -1.881644590743467E+01, -2.527685926840720E-02, 3.841781367846188E-03, -8.870304426182256E-04, -5.299256728255354E-05,
2538927.500000000, A.D. 2239-Apr-01 00:00:00.0000, 69.185613, -1.996664885095710E+00, -1.908700528131810E+01, -4.449417615885283E-02, 3.883528394714837E-03, -5.952992010618155E-04, -5.241183924492114E-05,
2539293.500000000, A.D. 2240-Apr-01 00:00:00.0000, 69.185621, -5.710155086816459E-01, -1.925129442079729E+01, -6.351446481084114E-02, 3.903243171860078E-03, -3.025749410369364E-04, -5.155975233819585E-05,
2539658.500000000, A.D. 2241-Apr-01 00:00:00.0000, 69.185622, 8.539329292012507E-01, -1.930864875872784E+01, -8.213167557815763E-02, 3.901287419616138E-03, -1.212023545015139E-05, -5.052612261172727E-05,
2540023.500000000, A.D. 2242-Apr-01 00:00:00.0000, 69.185631, 2.274243256127560E+00, -1.926047358819783E+01, -1.003003335444765E-01, 3.878082762463941E-03, 2.753739420545590E-04, -4.916930818779947E-05,
2540388.500000000, A.D. 2243-Apr-01 00:00:00.0000, 69.185641, 3.682276824347160E+00, -1.910812368840405E+01, -1.179268329810709E-01, 3.834135456610902E-03, 5.584676023336518E-04, -4.752330970286712E-05,
2540754.500000000, A.D. 2244-Apr-01 00:00:00.0000, 69.185646, 5.074379111004687E+00, -1.885262733152876E+01, -1.349677442594616E-01, 3.769875083568572E-03, 8.365443003103172E-04, -4.573605871357392E-05,
2541119.500000000, A.D. 2245-Apr-01 00:00:00.0000, 69.185651, 6.435747781965770E+00, -1.849772629128193E+01, -1.512452600508639E-01, 3.686575452567044E-03, 1.106819691144748E-03, -4.352121544017649E-05,
2541484.500000000, A.D. 2246-Apr-01 00:00:00.0000, 69.185654, 7.763318071785942E+00, -1.804565185434324E+01, -1.667281579024900E-01, 3.584765614025079E-03, 1.368848627777811E-03, -4.113266809883721E-05,
2541849.500000000, A.D. 2247-Apr-01 00:00:00.0000, 69.185646, 9.050497469657204E+00, -1.749963106168687E+01, -1.813433570717312E-01, 3.465345493913191E-03, 1.621434434609245E-03, -3.862945558781494E-05,
2542215.500000000, A.D. 2248-Apr-01 00:00:00.0000, 69.185639, 1.029433447663261E+01, -1.686144242704282E+01, -1.950592823864047E-01, 3.328951811657599E-03, 1.864109729894865E-03, -3.598320460850392E-05,
2542580.500000000, A.D. 2249-Apr-01 00:00:00.0000, 69.185624, 1.148205335637969E+01, -1.613859483418204E+01, -2.077389522668832E-01, 3.176766555423581E-03, 2.094695182833613E-03, -3.323273406111166E-05,
2542945.500000000, A.D. 2250-Apr-01 00:00:00.0000, 69.185620, 1.261148566103894E+01, -1.533380739764407E+01, -2.193640316869927E-01, 3.009622462513918E-03, 2.312959145381348E-03, -3.036638012381571E-05,
2543310.500000000, A.D. 2251-Apr-01 00:00:00.0000, 69.185624, 1.367734621157126E+01, -1.445172296805423E+01, -2.298832119496455E-01, 2.828503213984856E-03, 2.518110588626441E-03, -2.732951242600823E-05,
2543676.500000000, A.D. 2252-Apr-01 00:00:00.0000, 69.185627, 1.467734537019000E+01, -1.349455614517699E+01, -2.392750342057333E-01, 2.633735496538673E-03, 2.709953800325350E-03, -2.401929025623329E-05,
2544041.500000000, A.D. 2253-Apr-01 00:00:00.0000, 69.185632, 1.560145540971247E+01, -1.247273441872255E+01, -2.474481825731785E-01, 2.427679661810900E-03, 2.886664731603251E-03, -2.069048589670317E-05,
2544406.500000000, A.D. 2254-Apr-01 00:00:00.0000, 69.185641, 1.644832760039375E+01, -1.138916341271807E+01, -2.543959756149534E-01, 2.210738475059447E-03, 3.048205049329078E-03, -1.724275329314811E-05,
2544771.500000000, A.D. 2255-Apr-01 00:00:00.0000, 69.185644, 1.721416378531726E+01, -1.024948293617974E+01, -2.600901491054548E-01, 1.983904473111590E-03, 3.194019609183733E-03, -1.373588066773093E-05,
2545137.500000000, A.D. 2256-Apr-01 00:00:00.0000, 69.185652, 1.789729364074337E+01, -9.056202006596450E+00, -2.645183373004108E-01, 1.747639431619626E-03, 3.323905338342502E-03, -1.032102682041223E-05,
2545502.500000000, A.D. 2257-Apr-01 00:00:00.0000, 69.185651, 1.849093874545419E+01, -7.821857931021493E+00, -2.676394617751867E-01, 1.504095305356224E-03, 3.436789365384804E-03, -6.804484606807579E-06,
2545867.500000000, A.D. 2258-Apr-01 00:00:00.0000, 69.185648, 1.899442307790069E+01, -6.549405397529799E+00, -2.694558024086888E-01, 1.253723190211472E-03, 3.532661949892873E-03, -3.278580414529948E-06,
2546232.500000000, A.D. 2259-Apr-01 00:00:00.0000, 69.185644, 1.940546935739214E+01, -5.245112993722674E+00, -2.699615030542329E-01, 9.976417373127407E-04, 3.611219798353409E-03, 2.439661217231401E-07,
2546598.500000000, A.D. 2260-Apr-01 00:00:00.0000, 69.185629, 1.972293725657873E+01, -3.911674832467896E+00, -2.691525792984180E-01, 7.362814529681818E-04, 3.672379863127829E-03, 3.978750175871512E-06,
2546963.500000000, A.D. 2261-Apr-01 00:00:00.0000, 69.185616, 1.994363193164817E+01, -2.562850208317957E+00, -2.670387892056922E-01, 4.722677037442756E-04, 3.715502982569301E-03, 7.562392736346491E-06,
2547328.500000000, A.D. 2262-Apr-01 00:00:00.0000, 69.185614, 2.006750609490798E+01, -1.201571323085381E+00, -2.636306054556095E-01, 2.060177326756422E-04, 3.740579242934776E-03, 1.108811822556285E-05,
2547693.500000000, A.D. 2263-Apr-01 00:00:00.0000, 69.185612, 2.009391237798260E+01, 1.655551816374487E-01, -2.589438412277550E-01, -6.140590565366404E-05, 3.747481076996956E-03, 1.457535952902325E-05,
2548059.500000000, A.D. 2264-Apr-01 00:00:00.0000, 69.185619, 2.002227072115286E+01, 1.535620566569952E+00, -2.529814838878329E-01, -3.298372156351036E-04, 3.736104541842021E-03, 1.790246496030618E-05,
2548424.500000000, A.D. 2265-Apr-01 00:00:00.0000, 69.185622, 1.985312579104977E+01, 2.894460663611446E+00, -2.458022199677795E-01, -5.965075614260284E-04, 3.706470057363684E-03, 2.117877774595673E-05,
2548789.500000000, A.D. 2266-Apr-01 00:00:00.0000, 69.185627, 1.958697942960224E+01, 4.239162444281235E+00, -2.374229284095619E-01, -8.611079654390563E-04, 3.658627600843340E-03, 2.444073184786127E-05,
2549154.500000000, A.D. 2267-Apr-01 00:00:00.0000, 69.185637, 1.922481115960387E+01, 5.563086363075154E+00, -2.278803789498278E-01, -1.122526220317991E-03, 3.592666358023144E-03, 2.766118245352825E-05,
2549520.500000000, A.D. 2268-Apr-01 00:00:00.0000, 69.185641, 1.876664100117954E+01, 6.863141798874387E+00, -2.171858801716760E-01, -1.380197927833437E-03, 3.508431020320235E-03, 3.071958840171770E-05,
2549885.500000000, A.D. 2269-Apr-01 00:00:00.0000, 69.185643, 1.821680044742499E+01, 8.125670569232005E+00, -2.054453008083772E-01, -1.631517361341526E-03, 3.406585506500146E-03, 3.372624313234848E-05,
2550250.500000000, A.D. 2270-Apr-01 00:00:00.0000, 69.185647, 1.757641502065417E+01, 9.347805904420609E+00, -1.926836715825260E-01, -1.876130251951632E-03, 3.287170538620004E-03, 3.652661062761563E-05,
2550615.500000000, A.D. 2271-Apr-01 00:00:00.0000, 69.185636, 1.684815520981988E+01, 1.052318849822036E+01, -1.789588226016787E-01, -2.112859383321051E-03, 3.150475943475456E-03, 3.905363531932907E-05,
2550981.500000000, A.D. 2272-Apr-01 00:00:00.0000, 69.185628, 1.603276809692215E+01, 1.164857972811494E+01, -1.642923460814572E-01, -2.341062118853866E-03, 2.996419545596557E-03, 4.133579231553628E-05,
2551346.500000000, A.D. 2273-Apr-01 00:00:00.0000, 69.185617, 1.513822247564662E+01, 1.271173966697478E+01, -1.488327196680143E-01, -2.558648985419984E-03, 2.826421659472087E-03, 4.346016308975299E-05,
2551711.500000000, A.D. 2274-Apr-01 00:00:00.0000, 69.185612, 1.416634273718082E+01, 1.370994144839390E+01, -1.326134460338328E-01, -2.764822654408644E-03, 2.640613713454389E-03, 4.535828938027184E-05,
2552076.500000000, A.D. 2275-Apr-01 00:00:00.0000, 69.185619, 1.312151040643979E+01, 1.463752858917830E+01, -1.157117430008515E-01, -2.958332046520596E-03, 2.439613799943500E-03, 4.708613170540991E-05,
2552442.500000000, A.D. 2276-Apr-01 00:00:00.0000, 69.185623, 1.200539898381445E+01, 1.549130319218656E+01, -9.816083791819986E-02, -3.138547132172710E-03, 2.223521342949054E-03, 4.878875079911166E-05,
2552807.500000000, A.D. 2277-Apr-01 00:00:00.0000, 69.185628, 1.082934428429804E+01, 1.626143185365959E+01, -8.014325593913871E-02, -3.303300552021122E-03, 1.994227691961135E-03, 5.004393033776202E-05,
2553172.500000000, A.D. 2278-Apr-01 00:00:00.0000, 69.185640, 9.596015653208804E+00, 1.694550277397820E+01, -6.170245455915437E-02, -3.452043197001122E-03, 1.752088929515545E-03, 5.105924502007216E-05,
2553537.500000000, A.D. 2279-Apr-01 00:00:00.0000, 69.185645, 8.311436616177033E+00, 1.753900915643757E+01, -4.293293969886564E-02, -3.583782122659081E-03, 1.498117857016830E-03, 5.181077566075456E-05,
2553903.500000000, A.D. 2280-Apr-01 00:00:00.0000, 69.185652, 6.978318256536218E+00, 1.803906078731444E+01, -2.388050430807652E-02, -3.697846742104205E-03, 1.232678447306558E-03, 5.215953889665275E-05,
2554268.500000000, A.D. 2281-Apr-01 00:00:00.0000, 69.185654, 5.610740505277458E+00, 1.843921639524157E+01, -4.750520329147392E-03, -3.792465555905123E-03, 9.584370093996459E-04, 5.235996176254413E-05,
2554633.500000000, A.D. 2282-Apr-01 00:00:00.0000, 69.185648, 4.212251035143799E+00, 1.873773429809220E+01, 1.440488270980845E-02, -3.867133076137063E-03, 6.759995674778271E-04, 5.230674295300937E-05,
2554998.500000000, A.D. 2283-Apr-01 00:00:00.0000, 69.185642, 2.790309074008360E+00, 1.893187131588844E+01, 3.347946714486583E-02, -3.920934446228761E-03, 3.867557793846564E-04, 5.195568028780435E-05,
2555364.500000000, A.D. 2284-Apr-01 00:00:00.0000, 69.185629, 1.348719430527787E+00, 1.901950495745249E+01, 5.241640174691428E-02, -3.953039224717026E-03, 9.137030964133495E-05, 5.139573956613823E-05,
2555729.500000000, A.D. 2285-Apr-01 00:00:00.0000, 69.185616, -9.660063379357491E-02, 1.899849697517860E+01, 7.100230648724806E-02, -3.962771764460539E-03, -2.069608917623330E-04, 5.044621471651811E-05,
2556094.500000000, A.D. 2286-Apr-01 00:00:00.0000, 69.185619, -1.541333478369746E+00, 1.886816727483862E+01, 8.917872758562150E-02, -3.949656989302453E-03, -5.073863849607670E-04, 4.913978078858374E-05,
2556459.500000000, A.D. 2287-Apr-01 00:00:00.0000, 69.185618, -2.977078410686297E+00, 1.862808236105937E+01, 1.068355768531520E-01, -3.913328947732596E-03, -8.080848743986945E-04, 4.753284892667992E-05,
2556825.500000000, A.D. 2288-Apr-01 00:00:00.0000, 69.185623, -4.399172852150664E+00, 1.827738795630627E+01, 1.239096531769675E-01, -3.853526104782950E-03, -1.107897037731549E-03, 4.559651953940699E-05,
2557190.500000000, A.D. 2289-Apr-01 00:00:00.0000, 69.185628, -5.791232817508454E+00, 1.781896792726186E+01, 1.402004005119424E-01, -3.770158751247082E-03, -1.403279292622596E-03, 4.342063005474183E-05,
2557555.500000000, A.D. 2290-Apr-01 00:00:00.0000, 69.185631, -7.148557045829265E+00, 1.725369061161069E+01, 1.556503281532329E-01, -3.663222481758731E-03, -1.693080924458497E-03, 4.103634931615932E-05,
2557920.500000000, A.D. 2291-Apr-01 00:00:00.0000, 69.185638, -8.462581790704395E+00, 1.658394998041864E+01, 1.701576101143027E-01, -3.532997099957958E-03, -1.975315276622550E-03, 3.843078241358987E-05,
2558286.500000000, A.D. 2292-Apr-01 00:00:00.0000, 69.185643, -9.728247668928748E+00, 1.581062053120956E+01, 1.836602319084176E-01, -3.379344888368959E-03, -2.248755296321489E-03, 3.544368443395487E-05,
2558651.500000000, A.D. 2293-Apr-01 00:00:00.0000, 69.185640, -1.093038016434492E+01, 1.494179657138765E+01, 1.959918013395293E-01, -3.203877823040996E-03, -2.509832546680797E-03, 3.229201294570189E-05,
2559016.500000000, A.D. 2294-Apr-01 00:00:00.0000, 69.185641, -1.206454752217205E+01, 1.398009693888195E+01, 2.071047305209753E-01, -3.007093721498833E-03, -2.757318501981517E-03, 2.887022691229728E-05,
2559381.500000000, A.D. 2295-Apr-01 00:00:00.0000, 69.185630, -1.312313555141606E+01, 1.293083818328393E+01, 2.169202410869343E-01, -2.790028785598644E-03, -2.989273702255422E-03, 2.515397987495369E-05,
2559747.500000000, A.D. 2296-Apr-01 00:00:00.0000, 69.185617, -1.410150789479261E+01, 1.179683207136696E+01, 2.253888103345859E-01, -2.553171235052867E-03, -3.204391055468493E-03, 2.127031527283289E-05,
2560112.500000000, A.D. 2297-Apr-01 00:00:00.0000, 69.185610, -1.498760792967597E+01, 1.059097235857917E+01, 2.324018514974175E-01, -2.299452688862608E-03, -3.399688071461511E-03, 1.725123774182084E-05,
2560477.500000000, A.D. 2298-Apr-01 00:00:00.0000, 69.185607, -1.577808939666318E+01, 9.317570649042702E+00, 2.379319480942478E-01, -2.029705616991012E-03, -3.574197489341502E-03, 1.306719519931036E-05,
2560842.500000000, A.D. 2299-Apr-01 00:00:00.0000, 69.185612, -1.646743413671436E+01, 7.984488312778577E+00, 2.419365875764617E-01, -1.745656070597341E-03, -3.726478213954001E-03, 8.805313831860132E-06,
2561207.500000000, A.D. 2300-Apr-01 00:00:00.0000, 69.185616, -1.705080189234749E+01, 6.600077320155447E+00, 2.443840129221815E-01, -1.449270393600018E-03, -3.855279243475966E-03, 4.532414211089625E-06,
2561572.500000000, A.D. 2301-Apr-01 00:00:00.0000, 69.185620, -1.752410032181352E+01, 5.173107414489807E+00, 2.452540340817812E-01, -1.142755034191577E-03, -3.959538694623327E-03, 2.477790109537940E-07,
2561937.500000000, A.D. 2302-Apr-01 00:00:00.0000, 69.185632, -1.788405110078221E+01, 3.712703564660320E+00, 2.445385009026626E-01, -8.284365092969333E-04, -4.038366055714893E-03, -4.083916488528063E-06,
2562302.500000000, A.D. 2303-Apr-01 00:00:00.0000, 69.185639, -1.812821763994319E+01, 2.228279062502590E+00, 2.422412237547406E-01, -5.086175990480696E-04, -4.091095040310174E-03, -8.458714990690864E-06,
2562668.500000000, A.D. 2304-Apr-01 00:00:00.0000, 69.185643, -1.825519485172094E+01, 7.253254556170798E-01, 2.383649827805630E-01, -1.847660932147274E-04, -4.117354066749636E-03, -1.282001021243944E-05,
2563033.500000000, A.D. 2305-Apr-01 00:00:00.0000, 69.185646, -1.826355647519472E+01, -7.782180409223648E-01, 2.329582401975369E-01, 1.389616132364593E-04, -4.116852792227739E-03, -1.701111683876052E-05,
2563398.500000000, A.D. 2306-Apr-01 00:00:00.0000, 69.185641, -1.815395169009542E+01, -2.276735200071878E+00, 2.260506107200926E-01, 4.611326176200819E-04, -4.089833046858856E-03, -2.106752524128133E-05,
2563763.500000000, A.D. 2307-Apr-01 00:00:00.0000, 69.185630, -1.792739223228134E+01, -3.760600824652409E+00, 2.176905259701271E-01, 7.794015508574016E-04, -4.036635187873452E-03, -2.491822114755019E-05,
2564129.500000000, A.D. 2308-Apr-01 00:00:00.0000, 69.185622, -1.758465329984793E+01, -5.224313185603533E+00, 2.079077215597132E-01, 1.092244452126622E-03, -3.957564249754233E-03, -2.854909308544773E-05,
2564494.500000000, A.D. 2309-Apr-01 00:00:00.0000, 69.185611, -1.713030913345453E+01, -6.650641558402118E+00, 1.968236034600433E-01, 1.395806907834407E-03, -3.853880206732278E-03, -3.206618728557836E-05,
2564859.500000000, A.D. 2310-Apr-01 00:00:00.0000, 69.185614, -1.656706440498885E+01, -8.034736925720162E+00, 1.844899221418415E-01, 1.688779064669255E-03, -3.726359965994854E-03, -3.534684928229035E-05,
2565224.500000000, A.D. 2311-Apr-01 00:00:00.0000, 69.185619, -1.589914280302321E+01, -9.368109274842940E+00, 1.709914809703522E-01, 1.969145212043194E-03, -3.576163766045199E-03, -3.838600241774447E-05,
2565590.500000000, A.D. 2312-Apr-01 00:00:00.0000, 69.185623, -1.512921426975223E+01, -1.064613050930338E+01, 1.563791488095420E-01, 2.235835403212941E-03, -3.404150539842966E-03, -4.134494404496329E-05,
2565955.500000000, A.D. 2313-Apr-01 00:00:00.0000, 69.185630, -1.426702257687437E+01, -1.185427992103262E+01, 1.408315091804261E-01, 2.485863179283195E-03, -3.212699172073529E-03, -4.381434465503633E-05,
2566320.500000000, A.D. 2314-Apr-01 00:00:00.0000, 69.185635, -1.331667101100928E+01, -1.298917743224468E+01, 1.244139987958893E-01, 2.718514129776713E-03, -3.002998702016073E-03, -4.599441932839848E-05,
2566685.500000000, A.D. 2315-Apr-01 00:00:00.0000, 69.185639, -1.228471628442911E+01, -1.404448295827570E+01, 1.072346887156330E-01, 2.932598183339377E-03, -2.776827871953661E-03, -4.792226720773768E-05,
2567051.500000000, A.D. 2316-Apr-01 00:00:00.0000, 69.185646, -1.117502101340860E+01, -1.501705352711240E+01, 8.935509305794358E-02, 3.127734036815294E-03, -2.535390487974134E-03, -4.946908738103671E-05,
2567416.500000000, A.D. 2317-Apr-01 00:00:00.0000, 69.185641, -1.000103491429971E+01, -1.589655966924726E+01, 7.098598469492631E-02, 3.301481033025066E-03, -2.281779454165257E-03, -5.081634507433775E-05,
2567781.500000000, A.D. 2318-Apr-01 00:00:00.0000, 69.185638, -8.767493996566413E+00, -1.668144270433969E+01, 5.219412606997208E-02, 3.453925892557415E-03, -2.017224342461547E-03, -5.192194269966078E-05,
2568146.500000000, A.D. 2319-Apr-01 00:00:00.0000, 69.185627, -7.482284252406568E+00, -1.736803648904962E+01, 3.309471514907870E-02, 3.584581933153113E-03, -1.743559299798684E-03, -5.272067213973177E-05,
2568512.500000000, A.D. 2320-Apr-01 00:00:00.0000, 69.185612, -6.149747318531769E+00, -1.795481221789369E+01, 1.374936204080858E-02, 3.693175034154216E-03, -1.461793231830244E-03, -5.307199802073118E-05,
2568877.500000000, A.D. 2321-Apr-01 00:00:00.0000, 69.185605, -4.785308338183436E+00, -1.843624401207654E+01, -5.622273824469039E-03, 3.779224316111440E-03, -1.175410141990533E-03, -5.320851169260540E-05,
2569242.500000000, A.D. 2322-Apr-01 00:00:00.0000, 69.185605, -3.393544023096290E+00, -1.881243040296740E+01, -2.496140463998637E-02, 3.842952089221684E-03, -8.854230894242381E-04, -5.296317794062446E-05,
2569607.500000000, A.D. 2323-Apr-01 00:00:00.0000, 69.185606, -1.982600982751591E+00, -1.908238000712001E+01, -4.415923292367161E-02, 3.884421996752888E-03, -5.935852408303611E-04, -5.235142867571730E-05,
2569973.500000000, A.D. 2324-Apr-01 00:00:00.0000, 69.185614, -5.566591818299189E-01, -1.924603362397773E+01, -6.316161677390862E-02, 3.903891954114334E-03, -3.008150940905641E-04, -5.155575403119212E-05,
2570338.500000000, A.D. 2325-Apr-01 00:00:00.0000, 69.185617, 8.684944716178221E-01, -1.930274141222978E+01, -8.176237755885872E-02, 3.901666030699720E-03, -1.031867776021153E-05, -5.042906783022882E-05,
2570703.500000000, A.D. 2326-Apr-01 00:00:00.0000, 69.185626, 2.288915227135949E+00, -1.925391344023417E+01, -9.991583263013566E-02, 3.878168882084820E-03, 2.771975456818421E-04, -4.905005788872916E-05,
2571068.500000000, A.D. 2327-Apr-01 00:00:00.0000, 69.185634, 3.696958189488351E+00, -1.910090503293569E+01, -1.175281765382085E-01, 3.833961203935092E-03, 5.602976092964869E-04, -4.747257713870081E-05,
2571434.500000000, A.D. 2328-Apr-01 00:00:00.0000, 69.185636, 5.088968810258441E+00, -1.884473892319609E+01, -1.345559086044685E-01, 3.769536939292931E-03, 8.383877531901525E-04, -4.564036289575601E-05,
2571799.500000000, A.D. 2329-Apr-01 00:00:00.0000, 69.185638, 6.450158458779695E+00, -1.848916365311966E+01, -1.508217478711211E-01, 3.685984835174069E-03, 1.108651412187229E-03, -4.353761344079820E-05,
2572164.500000000, A.D. 2330-Apr-01 00:00:00.0000, 69.185633, 7.777481328761226E+00, -1.803643324821185E+01, -1.662948735625202E-01, 3.584001926291666E-03, 1.370570259028132E-03, -4.124017226505802E-05,
2572529.500000000, A.D. 2331-Apr-01 00:00:00.0000, 69.185620, 9.064349812799200E+00, -1.748980656073297E+01, -1.809023406791274E-01, 3.464436582733062E-03, 1.622985273947387E-03, -3.873069519313390E-05,
2572895.500000000, A.D. 2332-Apr-01 00:00:00.0000, 69.185613, 1.030780512102018E+01, -1.685107255643054E+01, -1.946124448799365E-01, 3.327697941786649E-03, 1.865529495149366E-03, -3.605434484997645E-05,
2573260.500000000, A.D. 2333-Apr-01 00:00:00.0000, 69.185606, 1.149507364870282E+01, -1.612774028924800E+01, -2.072879118111725E-01, 3.175421265012474E-03, 2.095944553823038E-03, -3.326323596714340E-05,
2573625.500000000, A.D. 2334-Apr-01 00:00:00.0000, 69.185610, 1.262399552836447E+01, -1.532252555692176E+01, -2.189107898730415E-01, 3.008220287308174E-03, 2.314041050199146E-03, -3.031717769175012E-05,
2573990.500000000, A.D. 2335-Apr-01 00:00:00.0000, 69.185617, 1.368930113487787E+01, -1.444007518586509E+01, -2.294301815134730E-01, 2.827014875977131E-03, 2.519021200201604E-03, -2.722195615224199E-05,
2574356.500000000, A.D. 2336-Apr-01 00:00:00.0000, 69.185622, 1.468871758633897E+01, -1.348261114556870E+01, -2.388249564655482E-01, 2.632295984915965E-03, 2.710622347177466E-03, -2.404614802132279E-05,
2574721.500000000, A.D. 2337-Apr-01 00:00:00.0000, 69.185628, 1.561223890767566E+01, -1.246057204782395E+01, -2.470042640437826E-01, 2.426202836720769E-03, 2.887117234406892E-03, -2.069779385681048E-05,
2575086.500000000, A.D. 2338-Apr-01 00:00:00.0000, 69.185637, 1.645853301386442E+01, -1.137687159682688E+01, -2.539615652642632E-01, 2.209201334535043E-03, 3.048431275672484E-03, -1.725476022654665E-05,
2575451.500000000, A.D. 2339-Apr-01 00:00:00.0000, 69.185640, 1.722381793731672E+01, -1.023715664666203E+01, -2.596686449259598E-01, 1.982369782157247E-03, 3.193993068130621E-03, -1.379623153869257E-05,
2575817.500000000, A.D. 2340-Apr-01 00:00:00.0000, 69.185645, 1.790643510710102E+01, -9.043940349636545E+00, -2.641131053583083E-01, 1.746220671114027E-03, 3.323624335206534E-03, -1.027341410486300E-05,
2576182.500000000, A.D. 2341-Apr-01 00:00:00.0000, 69.185643, 1.849961949126815E+01, -7.809758433294329E+00, -2.672536945101850E-01, 1.502794970436835E-03, 3.436257426649715E-03, -6.760626506271146E-06,
2576547.500000000, A.D. 2342-Apr-01 00:00:00.0000, 69.185635, 1.900270667273456E+01, -6.537557314732521E+00, -2.690925710657523E-01, 1.252671491111076E-03, 3.531884733765807E-03, -3.291868597768478E-06,
2576912.500000000, A.D. 2343-Apr-01 00:00:00.0000, 69.185625, 1.941344817597847E+01, -5.233596386835275E+00, -2.696238042922814E-01, 9.969941135195481E-04, 3.610199223558504E-03, 1.918089884750616E-07,
2577278.500000000, A.D. 2344-Apr-01 00:00:00.0000, 69.185613, 1.973074324300947E+01, -3.900577121002528E+00, -2.688433139078928E-01, 7.360332804771293E-04, 3.671092226598723E-03, 3.863326325461494E-06,
2577643.500000000, A.D. 2345-Apr-01 00:00:00.0000, 69.185607, 1.995141736367469E+01, -2.552273200369642E+00, -2.667601910685357E-01, 4.724505372933699E-04, 3.713903060217560E-03, 7.363061009111430E-06,
2578008.500000000, A.D. 2346-Apr-01 00:00:00.0000, 69.185610, 2.007541667734139E+01, -1.191624182277174E+00, -2.633845171340145E-01, 2.065818338714386E-04, 3.738686603945774E-03, 1.089684240804773E-05,
2578373.500000000, A.D. 2347-Apr-01 00:00:00.0000, 69.185611, 2.010208064585104E+01, 1.747701884806628E-01, -2.587320945882589E-01, -6.055348086204265E-05, 3.745347036314693E-03, 1.444112947036509E-05,
2578739.500000000, A.D. 2348-Apr-01 00:00:00.0000, 69.185618, 2.003081903091414E+01, 1.544013441176714E+00, -2.528063573989333E-01, -3.287055240274815E-04, 3.733767997145293E-03, 1.779278759436179E-05,
2579104.500000000, A.D. 2349-Apr-01 00:00:00.0000, 69.185623, 1.986216623674165E+01, 2.901965337725905E+00, -2.456663677812429E-01, -5.950324781732190E-04, 3.703980723763925E-03, 2.115447155493293E-05,
2579469.500000000, A.D. 2350-Apr-01 00:00:00.0000, 69.185628, 1.959661918284887E+01, 4.245734218926072E+00, -2.373298984192191E-01, -8.593378715511168E-04, 3.656054198911840E-03, 2.443546819790278E-05,
2579834.500000000, A.D. 2351-Apr-01 00:00:00.0000, 69.185634, 1.923515435180706E+01, 5.568707813948979E+00, -2.278342616666678E-01, -1.120454697874213E-03, 3.590071923462958E-03, 2.757581558801008E-05,
2580200.500000000, A.D. 2352-Apr-01 00:00:00.0000, 69.185635, 1.877779431412549E+01, 6.867822424216095E+00, -2.171911160445200E-01, -1.377754091122407E-03, 3.505882187190403E-03, 3.055529983007647E-05,
2580565.500000000, A.D. 2353-Apr-01 00:00:00.0000, 69.185631, 1.822886802839224E+01, 8.129453335307224E+00, -2.055057992438437E-01, -1.628866266776132E-03, 3.404191256511787E-03, 3.348123407773319E-05,
2580930.500000000, A.D. 2354-Apr-01 00:00:00.0000, 69.185625, 1.758950242348296E+01, 9.350755074928301E+00, -1.928027110566735E-01, -1.873240817419647E-03, 3.284982212192194E-03, 3.621209703434480E-05,
2581295.500000000, A.D. 2355-Apr-01 00:00:00.0000, 69.185609, 1.686235941887409E+01, 1.052538978245318E+01, -1.791388224167330E-01, -2.109706219701634E-03, 3.148556002991919E-03, 3.875970860945476E-05,
2581661.500000000, A.D. 2356-Apr-01 00:00:00.0000, 69.185601, 1.604817735802251E+01, 1.165014626323356E+01, -1.645350105440652E-01, -2.337765703941564E-03, 2.994905770714725E-03, 4.118556006577361E-05,
2582026.500000000, A.D. 2357-Apr-01 00:00:00.0000, 69.185598, 1.515492021212294E+01, 1.271282666533339E+01, -1.491383881738095E-01, -2.554987148735476E-03, 2.825352403685269E-03, 4.332662763137435E-05,
2582391.500000000, A.D. 2358-Apr-01 00:00:00.0000, 69.185601, 1.418442644863534E+01, 1.371072746708542E+01, -1.329820598539459E-01, -2.760774141572681E-03, 2.640026716598627E-03, 4.527066507267074E-05,
2582756.500000000, A.D. 2359-Apr-01 00:00:00.0000, 69.185609, 1.314107113234378E+01, 1.463819727262671E+01, -1.161428052453270E-01, -2.954034052224799E-03, 2.439528446800215E-03, 4.702884717189111E-05,
2583122.500000000, A.D. 2360-Apr-01 00:00:00.0000, 69.185616, 1.202650772116286E+01, 1.549204054112306E+01, -9.865350257776793E-02, -3.134109912766819E-03, 2.223923980897218E-03, 4.852659494080888E-05,
2583487.500000000, A.D. 2361-Apr-01 00:00:00.0000, 69.185621, 1.085203385003224E+01, 1.626242970190182E+01, -8.069572730110443E-02, -3.298867596296774E-03, 1.995187468927068E-03, 4.983045035411139E-05,
2583852.500000000, A.D. 2362-Apr-01 00:00:00.0000, 69.185632, 9.620294892920521E+00, 1.694696151861887E+01, -6.231242016720591E-02, -3.447756639362414E-03, 1.753646714607649E-03, 5.090515921247766E-05,
2584217.500000000, A.D. 2363-Apr-01 00:00:00.0000, 69.185636, 8.337287786494056E+00, 1.754113791881183E+01, -4.359739140810585E-02, -3.579680766003860E-03, 1.500283482572814E-03, 5.168007678739183E-05,
2584583.500000000, A.D. 2364-Apr-01 00:00:00.0000, 69.185639, 7.005702390364838E+00, 1.804207823774217E+01, -2.459583431372847E-02, -3.693794646292283E-03, 1.235444860529300E-03, 5.220882089872812E-05,
2584948.500000000, A.D. 2365-Apr-01 00:00:00.0000, 69.185638, 5.639586512114195E+00, 1.844333902848076E+01, -5.512571406307320E-03, -3.788629987835493E-03, 9.617993635062692E-04, 5.240853080961012E-05,
2585313.500000000, A.D. 2366-Apr-01 00:00:00.0000, 69.185630, 4.242469084743560E+00, 1.874317686082957E+01, 1.360059489377194E-02, -3.863524548730900E-03, 6.799105304386793E-04, 5.226048842502557E-05,
2585678.500000000, A.D. 2367-Apr-01 00:00:00.0000, 69.185618, 2.821786994270428E+00, 1.893883449461440E+01, 3.263768040616844E-02, -3.917587167811432E-03, 3.911540831510385E-04, 5.181837141158647E-05,
2586044.500000000, A.D. 2368-Apr-01 00:00:00.0000, 69.185611, 1.381323966989247E+00, 1.902816733603686E+01, 5.154180853757599E-02, -3.950217339184625E-03, 9.621193871953013E-05, 5.119444226132275E-05,
2586409.500000000, A.D. 2369-Apr-01 00:00:00.0000, 69.185605, -6.304016733555209E-02, 1.900899266539087E+01, 7.010031065326655E-02, -3.960486922621825E-03, -2.017858413099918E-04, 5.020056208574965E-05,
2586774.500000000, A.D. 2370-Apr-01 00:00:00.0000, 69.185611, -1.507024064999941E+00, 1.888061135403551E+01, 8.825534896028586E-02, -3.947979373020607E-03, -5.018983595663050E-04, 4.896878149300460E-05,
2587139.500000000, A.D. 2371-Apr-01 00:00:00.0000, 69.185615, -2.942256195948279E+00, 1.864258840057861E+01, 1.058976009521516E-01, -3.912315329968163E-03, -8.022705856934241E-04, 4.749902344461588E-05,
2587505.500000000, A.D. 2372-Apr-01 00:00:00.0000, 69.185619, -4.364079220944864E+00, 1.829406475763668E+01, 1.229640492013436E-01, -3.853115565340084E-03, -1.101849217844395E-03, 4.563160460389833E-05,
2587870.500000000, A.D. 2373-Apr-01 00:00:00.0000, 69.185626, -5.756109850291118E+00, 1.783787338320574E+01, 1.392538369766231E-01, -3.770312058047962E-03, -1.397140984763161E-03, 4.352079617432116E-05,
2588235.500000000, A.D. 2374-Apr-01 00:00:00.0000, 69.185632, -7.113649880752146E+00, 1.727483771009416E+01, 1.547092454988913E-01, -3.664045454321528E-03, -1.686979899190490E-03, 4.114471889747394E-05,
2588600.500000000, A.D. 2375-Apr-01 00:00:00.0000, 69.185636, -8.428141222668041E+00, 1.660730288376874E+01, 1.692284714592120E-01, -3.534552168628016E-03, -1.969377843090918E-03, 3.847335114024266E-05,
2588966.500000000, A.D. 2376-Apr-01 00:00:00.0000, 69.185639, -9.694530163529690E+00, 1.583610555069310E+01, 1.827495743611998E-01, -3.381633882569346E-03, -2.243095309291051E-03, 3.541846816666677E-05,
2589331.500000000, A.D. 2377-Apr-01 00:00:00.0000, 69.185632, -1.089763752306643E+01, 1.496929023248036E+01, 1.951062590257385E-01, -3.206971081934414E-03, -2.504514191623804E-03, 3.230150881938807E-05,
2589696.500000000, A.D. 2378-Apr-01 00:00:00.0000, 69.185623, -1.203302656963713E+01, 1.400944852153794E+01, 2.062509733426694E-01, -3.010893041920867E-03, -2.752444044103720E-03, 2.890086322491534E-05,
2590061.500000000, A.D. 2379-Apr-01 00:00:00.0000, 69.185609, -1.309306928586399E+01, 1.296186774667303E+01, 2.161047716377554E-01, -2.794391107625905E-03, -2.984934809379245E-03, 2.523936333340898E-05,
2590427.500000000, A.D. 2380-Apr-01 00:00:00.0000, 69.185598, -1.407311060741244E+01, 1.182933635028259E+01, 2.246179096907302E-01, -2.558000245788508E-03, -3.200653687672526E-03, 2.150509447526439E-05,
2590792.500000000, A.D. 2381-Apr-01 00:00:00.0000, 69.185598, -1.496104943000953E+01, 1.062471253911014E+01, 2.316807840503002E-01, -2.304606463574523E-03, -3.396662394830842E-03, 1.743473574219387E-05,
2591157.500000000, A.D. 2382-Apr-01 00:00:00.0000, 69.185601, -1.575349872693955E+01, 9.352281669605109E+00, 2.372653578230261E-01, -2.035066751849837E-03, -3.571966236254936E-03, 1.323460393547607E-05,
2591522.500000000, A.D. 2383-Apr-01 00:00:00.0000, 69.185605, -1.644489604631849E+01, 8.019869887491083E+00, 2.413284401373252E-01, -1.751211983060913E-03, -3.725116063268893E-03, 8.987694196712428E-06,
2591888.500000000, A.D. 2384-Apr-01 00:00:00.0000, 69.185613, -1.703183373134956E+01, 6.631944185354747E+00, 2.438425664678231E-01, -1.454349572388616E-03, -3.855132901038694E-03, 4.645117222920707E-06,
2592253.500000000, A.D. 2385-Apr-01 00:00:00.0000, 69.185617, -1.750700498530852E+01, 5.204877158041254E+00, 2.447734852975069E-01, -1.148051416530826E-03, -3.960196445072449E-03, 3.335206116919015E-07,
2592618.500000000, A.D. 2386-Apr-01 00:00:00.0000, 69.185625, -1.786887404876691E+01, 3.744094001636286E+00, 2.441209247574595E-01, -8.338553548153319E-04, -4.039744385733375E-03, -3.957706154863763E-06,
2592983.500000000, A.D. 2387-Apr-01 00:00:00.0000, 69.185630, -1.811497208443768E+01, 2.259034883662018E+00, 2.418870890938722E-01, -5.140493786356900E-04, -4.093123735663610E-03, -8.259164750259211E-06,
2593349.500000000, A.D. 2388-Apr-01 00:00:00.0000, 69.185629, -1.824386133106390E+01, 7.552121124232499E-01, 2.380732986054233E-01, -1.899649021870026E-04, -4.119996681456139E-03, -1.252951226735053E-05,
2593714.500000000, A.D. 2389-Apr-01 00:00:00.0000, 69.185628, -1.825407071063344E+01, -7.494024529651790E-01, 2.327258662383348E-01, 1.340374053379232E-04, -4.120026350457610E-03, -1.674168273801910E-05,
2594079.500000000, A.D. 2390-Apr-01 00:00:00.0000, 69.185620, -1.814622345635891E+01, -2.249160054822764E+00, 2.258736094786995E-01, 4.565118261075820E-04, -4.093431376274850E-03, -2.086861946604606E-05,
2594444.500000000, A.D. 2391-Apr-01 00:00:00.0000, 69.185607, -1.792130138439962E+01, -3.734397263409610E+00, 2.175647635626493E-01, 7.751361325271725E-04, -4.040552627251677E-03, -2.484744479941384E-05,
2594810.500000000, A.D. 2392-Apr-01 00:00:00.0000, 69.185604, -1.758005574109673E+01, -5.199576987230256E+00, 2.078296139951264E-01, 1.088314235234611E-03, -3.961664620251889E-03, -2.855835119691400E-05,
2595175.500000000, A.D. 2393-Apr-01 00:00:00.0000, 69.185603, -1.712702637243406E+01, -6.627419989883980E+00, 1.967907062945685E-01, 1.392315165606024E-03, -3.858048120251945E-03, -3.208146432599972E-05,
2595540.500000000, A.D. 2394-Apr-01 00:00:00.0000, 69.185608, -1.656489582594086E+01, -8.013040087996499E+00, 1.845012752022895E-01, 1.685872051025134E-03, -3.730498295277156E-03, -3.535457202692266E-05,
2595905.500000000, A.D. 2395-Apr-01 00:00:00.0000, 69.185616, -1.589785993813929E+01, -9.347907299733702E+00, 1.710475341662014E-01, 1.966986386168091E-03, -3.580180107038328E-03, -3.833805557086517E-05,
2596271.500000000, A.D. 2396-Apr-01 00:00:00.0000, 69.185620, -1.512856179901589E+01, -1.062736252982328E+01, 1.564814929959674E-01, 2.234522446869713E-03, -3.407959299227133E-03, -4.119193712759730E-05,
2596636.500000000, A.D. 2397-Apr-01 00:00:00.0000, 69.185628, -1.426671790289337E+01, -1.183685490376745E+01, 1.409816939910606E-01, 2.485455307583754E-03, -3.216291141087731E-03, -4.371657741908268E-05,
2597001.500000000, A.D. 2398-Apr-01 00:00:00.0000, 69.185636, -1.331642738577363E+01, -1.297300833661858E+01, 1.246129821459662E-01, 2.718957270262899E-03, -3.006394539614006E-03, -4.591457316132937E-05,
2597366.500000000, A.D. 2399-Apr-01 00:00:00.0000, 69.185637, -1.228427493088640E+01, -1.402949857537286E+01, 1.074821620827759E-01, 2.933675369320331E-03, -2.780038345611983E-03, -4.782262970206533E-05,
2597732.500000000, A.D. 2400-Apr-01 00:00:00.0000, 69.185641, -1.117417212096416E+01, -1.500318598948367E+01, 8.964976325389021E-02, 3.129127463433126E-03, -2.538353507280259E-03, -4.948465512319423E-05,
2598097.500000000, A.D. 2401-Apr-01 00:00:00.0000, 69.185633, -9.999610678607079E+00, -1.588371083896605E+01, 7.132599712784921E-02, 3.303275447905362E-03, -2.284416733386176E-03, -5.070083426740631E-05,
2598462.500000000, A.D. 2402-Apr-01 00:00:00.0000, 69.185621, -8.765348498099764E+00, -1.666949015653747E+01, 5.257718160764543E-02, 3.456036360240066E-03, -2.019464019928422E-03, -5.167649780992982E-05,
2598827.500000000, A.D. 2403-Apr-01 00:00:00.0000, 69.185610, -7.479290778920758E+00, -1.735684009556019E+01, 3.351812957676895E-02, 3.586963272802269E-03, -1.745382117961357E-03, -5.241832572525593E-05,
2599193.500000000, A.D. 2404-Apr-01 00:00:00.0000, 69.185600, -6.145799139044259E+00, -1.794422665223866E+01, 1.421044512123518E-02, 3.696057092331923E-03, -1.463267727277687E-03, -5.278078939192284E-05,
2599558.500000000, A.D. 2405-Apr-01 00:00:00.0000, 69.185601, -4.780331229768724E+00, -1.842612234924115E+01, -5.127169432450469E-03, 3.782220528404116E-03, -1.176489806362961E-03, -5.297817875652661E-05,
2599923.500000000, A.D. 2406-Apr-01 00:00:00.0000, 69.185607, -3.387491400850920E+00, -1.880263385943246E+01, -2.443567922032206E-02, 3.845969562394887E-03, -8.861353668200824E-04, -5.286324787079921E-05,
2600288.500000000, A.D. 2407-Apr-01 00:00:00.0000, 69.185608, -1.975457581125439E+00, -1.907277733272996E+01, -4.360620645432889E-02, 3.887396527671382E-03, -5.939537739904834E-04, -5.237241161267917E-05,
2600654.500000000, A.D. 2408-Apr-01 00:00:00.0000, 69.185617, -5.484379805143953E-01, -1.923649986116826E+01, -6.258442786044080E-02, 3.906596349556063E-03, -3.007911948291707E-04, -5.148060565061298E-05,
2601019.500000000, A.D. 2409-Apr-01 00:00:00.0000, 69.185622, 8.777453439967142E-01, -1.929315449955244E+01, -8.116378704569155E-02, 3.904189436707923E-03, -9.959462292484928E-06, -5.037021446981848E-05,
2601384.500000000, A.D. 2410-Apr-01 00:00:00.0000, 69.185626, 2.299124783839116E+00, -1.924415083428338E+01, -9.929823231313012E-02, 3.880526205173063E-03, 2.778883991876965E-04, -4.896586119620517E-05,
2601749.500000000, A.D. 2411-Apr-01 00:00:00.0000, 69.185630, 3.708038295556504E+00, -1.909084204003971E+01, -1.168937995899588E-01, 3.836141731146867E-03, 5.613180902165026E-04, -4.734205890484434E-05,
2602115.500000000, A.D. 2412-Apr-01 00:00:00.0000, 69.185627, 5.100829632727363E+00, -1.883425887369431E+01, -1.339071442228833E-01, 3.771586409741582E-03, 8.396481388668052E-04, -4.562904012883722E-05,
2602480.500000000, A.D. 2413-Apr-01 00:00:00.0000, 69.185621, 6.462705080227165E+00, -1.847818506501300E+01, -1.501616139635042E-01, 3.687813154684628E-03, 1.110063056278172E-03, -4.358946140198721E-05,
2602845.500000000, A.D. 2414-Apr-01 00:00:00.0000, 69.185612, 7.790605354096381E+00, -1.802490950050352E+01, -1.656262222342179E-01, 3.585473667512595E-03, 1.372079506407127E-03, -4.134171897310873E-05,
2603210.500000000, A.D. 2415-Apr-01 00:00:00.0000, 69.185597, 9.077921033254135E+00, -1.747770535872625E+01, -1.802276203382501E-01, 3.465460505091777E-03, 1.624587107368960E-03, -3.888873212025597E-05,
2603576.500000000, A.D. 2416-Apr-01 00:00:00.0000, 69.185594, 1.032168167892439E+01, -1.683836238922960E+01, -1.939339886719096E-01, 3.328235680318367E-03, 1.867244403833842E-03, -3.610288124016287E-05,
2603941.500000000, A.D. 2417-Apr-01 00:00:00.0000, 69.185597, 1.150911066001995E+01, -1.611439854856001E+01, -2.066078225140094E-01, 3.175566716386990E-03, 2.097721626179081E-03, -3.325548534036800E-05,
2604306.500000000, A.D. 2418-Apr-01 00:00:00.0000, 69.185601, 1.263805409183063E+01, -1.530853996445349E+01, -2.182314732325040E-01, 3.008045778204480E-03, 2.315822792431722E-03, -3.029171522737252E-05,
2604671.500000000, A.D. 2419-Apr-01 00:00:00.0000, 69.185609, 1.370325065547801E+01, -1.442544954788795E+01, -2.287542608688211E-01, 2.826608517930449E-03, 2.520745621868093E-03, -2.719067884053829E-05,
2605037.500000000, A.D. 2420-Apr-01 00:00:00.0000, 69.185615, 1.470243638435253E+01, -1.346736501184738E+01, -2.381553046082336E-01, 2.631625951380496E-03, 2.712238679897487E-03, -2.412387135477907E-05,