2458940.500000000, A.D. 2020-Apr-01 00:00:00.0000, 69.185679, -6.307138888035013E-01, 3.576494455434566E-01, 4.098623186092145E-02, -9.970819087292575E-03, -1.775055810174535E-02, 3.316157390255399E-04,
2459305.500000000, A.D. 2021-Apr-01 00:00:00.0000, 69.185671, 6.937211566608985E-01, 1.888620505522722E-01, -3.780749033905204E-02, -5.197957566574803E-03, 1.946945850851383E-02, 5.670787126413558E-04,
2459670.500000000, A.D. 2022-Apr-01 00:00:00.0000, 69.185661, -3.619309151109779E-01, -6.304440067075451E-01, 1.186975508188755E-02, 1.752172210544938E-02, -9.952326301029928E-03, -1.147561087582468E-03,
2460035.500000000, A.D. 2023-Apr-01 00:00:00.0000, 69.185650, -1.886167751539359E-01, 6.951573140098651E-01, 2.013607758462222E-02, -1.965031583388304E-02, -5.177843650365176E-03, 1.063045486416321E-03,
2460401.500000000, A.D. 2024-Apr-01 00:00:00.0000, 69.185640, 6.279433714909277E-01, -3.562030662174276E-01, -4.130367778014878E-02, 9.702477925473031E-03, 1.759438540874051E-02, -3.178680652830129E-04,
2460766.500000000, A.D. 2025-Apr-01 00:00:00.0000, 69.185634, -6.947462928776795E-01, -2.130378694601650E-01, 3.710678123133251E-02, 5.709482987349635E-03, -1.945992078558811E-02, -5.964266631627114E-04,
2461131.500000000, A.D. 2026-Apr-01 00:00:00.0000, 69.185633, 3.573575347178860E-01, 6.200703202484814E-01, -1.204629628839174E-02, -1.759123012666741E-02, 9.994917890537299E-03, 1.152567772819759E-03,
2461496.500000000, A.D. 2027-Apr-01 00:00:00.0000, 69.185639, 1.986926783660588E-01, -7.042122705690944E-01, -2.102130558273712E-02, 1.932453774968085E-02, 5.467048088500463E-03, -1.039764254858055E-03,
2461862.500000000, A.D. 2028-Apr-01 00:00:00.0000, 69.185649, -6.337916580246816E-01, 3.317229835376766E-01, 4.126777440143226E-02, -9.513915928948166E-03, -1.798489874094198E-02, 3.017239522650659E-04,
2462227.500000000, A.D. 2029-Apr-01 00:00:00.0000, 69.185650, 6.972753148738953E-01, 1.997680237343382E-01, -3.737513044912379E-02, -5.674771868502577E-03, 1.934899005825453E-02, 5.932939295827267E-04,
2462592.500000000, A.D. 2030-Apr-01 00:00:00.0000, 69.185655, -3.371701454568184E-01, -6.410180451912937E-01, 1.068803394138985E-02, 1.775887777884994E-02, -9.500167657822772E-03, -1.155471461575166E-03,
2462957.500000000, A.D. 2031-Apr-01 00:00:00.0000, 69.185663, -1.985740330115392E-01, 6.923870432780965E-01, 2.094955576151653E-02, -1.952410520847419E-02, -5.660368862016184E-03, 1.048449635674165E-03,
2463323.500000000, A.D. 2032-Apr-01 00:00:00.0000, 69.185666, 6.405371803314678E-01, -3.359994740216859E-01, -4.167123608604153E-02, 9.255494583850828E-03, 1.783321167065987E-02, -2.888609436105963E-04,
2463688.500000000, A.D. 2033-Apr-01 00:00:00.0000, 69.185663, -6.891522986644373E-01, -2.257870396949971E-01, 3.652564353925868E-02, 6.181810612282112E-03, -1.931096283993228E-02, -6.223510309539998E-04,
2464053.500000000, A.D. 2034-Apr-01 00:00:00.0000, 69.185653, 3.388558902335860E-01, 6.311863887668774E-01, -1.097120285245238E-02, -1.784377673410428E-02, 9.545591876916795E-03, 1.160928152727937E-03,
2464418.500000000, A.D. 2035-Apr-01 00:00:00.0000, 69.185643, 2.119549210177542E-01, -7.001110127492191E-01, -2.190488609762784E-02, 1.918241942268654E-02, 5.933706664832290E-03, -1.024765000893943E-03,
2464784.500000000, A.D. 2036-Apr-01 00:00:00.0000, 69.185639, -6.448922586830454E-01, 3.112101890625649E-01, 4.155315926434679E-02, -9.055372224767941E-03, -1.822447626169595E-02, 2.718241849989667E-04,
2465149.500000000, A.D. 2037-Apr-01 00:00:00.0000, 69.185633, 6.920360455274416E-01, 2.101986373462451E-01, -3.686761023618410E-02, -6.143464882565616E-03, 1.920031623836849E-02, 6.190503403952566E-04,
2465514.500000000, A.D. 2038-Apr-01 00:00:00.0000, 69.185634, -3.174633335769303E-01, -6.564679762970149E-01, 9.510754241740506E-03, 1.799712123839272E-02, -9.053052428329099E-03, -1.162792011616370E-03,
2465879.500000000, A.D. 2039-Apr-01 00:00:00.0000, 69.185644, -2.082878717695728E-01, 6.814878095854410E-01, 2.166310583133087E-02, -1.936867055614854E-02, -6.141156276389111E-03, 1.032782189501847E-03,
2466245.500000000, A.D. 2040-Apr-01 00:00:00.0000, 69.185651, 6.589183767535505E-01, -3.223059096410008E-01, -4.221824898221464E-02, 8.818688064430756E-03, 1.806940623640294E-02, -2.599268831879487E-04,
2466610.500000000, A.D. 2041-Apr-01 00:00:00.0000, 69.185656, -6.721521927670643E-01, -2.405763929030204E-01, 3.561558012967163E-02, 6.659038192160790E-03, -1.913363163879885E-02, -6.480915318082595E-04,
2466975.500000000, A.D. 2042-Apr-01 00:00:00.0000, 69.185664, 3.327808197321093E-01, 6.465976397694919E-01, -1.023340548110877E-02, -1.808685949049839E-02, 9.110362404819645E-03, 1.168630721731891E-03,
2467340.500000000, A.D. 2043-Apr-01 00:00:00.0000, 69.185670, 2.352284483614322E-01, -6.836982273108592E-01, -2.306020596314610E-02, 1.901654589350833E-02, 6.414111132901266E-03, -1.008888829741207E-03,
2467706.500000000, A.D. 2044-Apr-01 00:00:00.0000, 69.185677, -6.516727373781420E-01, 3.074820274914623E-01, 4.167087359122372E-02, -8.611531772729025E-03, -1.844378280544541E-02, 2.422499170428832E-04,
2468071.500000000, A.D. 2045-Apr-01 00:00:00.0000, 69.185671, 6.820259529984478E-01, 2.388163886087960E-01, -3.626584304737403E-02, -6.632101076930018E-03, 1.903776247809874E-02, 6.450438533827549E-04,
2468436.500000000, A.D. 2046-Apr-01 00:00:00.0000, 69.185658, -3.098584373178570E-01, -6.561595335600067E-01, 8.610435033125431E-03, 1.820491778964195E-02, -8.613184761488696E-03, -1.168838985876946E-03,
2468801.500000000, A.D. 2047-Apr-01 00:00:00.0000, 69.185650, -2.359351339907522E-01, 6.791578087078413E-01, 2.282739816218387E-02, -1.921228640905679E-02, -6.639042222706909E-03, 1.016872432500628E-03,
2469167.500000000, A.D. 2048-Apr-01 00:00:00.0000, 69.185642, 6.566529600279354E-01, -3.076666829121190E-01, -4.217725913999872E-02, 8.375368378051553E-03, 1.827067269523622E-02, -2.307012521697317E-04,
2469532.500000000, A.D. 2049-Apr-01 00:00:00.0000, 69.185637, -6.733284221039527E-01, -2.627871536966002E-01, 3.525603242349164E-02, 7.141259819480683E-03, -1.896596191371666E-02, -6.734457357163770E-04,
2469897.500000000, A.D. 2050-Apr-01 00:00:00.0000, 69.185640, 3.130993714662543E-01, 6.473256546120292E-01, -9.001161410935637E-03, -1.829971012551077E-02, 8.654666862322019E-03, 1.175146951431102E-03,
2470262.500000000, A.D. 2051-Apr-01 00:00:00.0000, 69.185645, 2.525341359828848E-01, -6.847796081304214E-01, -2.386631756516926E-02, 1.886223631728140E-02, 6.885765552489929E-03, -9.928427837548337E-04,
2470628.500000000, A.D. 2052-Apr-01 00:00:00.0000, 69.185654, -6.554619690966871E-01, 2.860688415221977E-01, 4.190086411524628E-02, -8.141001358746135E-03, -1.864393135986812E-02, 2.119684315236497E-04,
2470993.500000000, A.D. 2053-Apr-01 00:00:00.0000, 69.185656, 6.811391145797661E-01, 2.540757277131847E-01, -3.568712347840809E-02, -7.101684552589801E-03, 1.888013341812392E-02, 6.702448846534571E-04,
2471358.500000000, A.D. 2054-Apr-01 00:00:00.0000, 69.185658, -2.888913359558654E-01, -6.615822160617637E-01, 7.535529108163216E-03, 1.840551125475934E-02, -8.147927453608062E-03, -1.174396870616008E-03,
2471723.500000000, A.D. 2055-Apr-01 00:00:00.0000, 69.185666, -2.508166076103759E-01, 6.777920607216835E-01, 2.376506925717961E-02, -1.905143307996384E-02, -7.114035114902650E-03, 1.000355330753243E-03,
2472089.500000000, A.D. 2056-Apr-01 00:00:00.0000, 69.185668, 6.622198372128431E-01, -2.857630115611389E-01, -4.226612147380816E-02, 7.911537288553613E-03, 1.847217071097167E-02, -2.011168380891719E-04,
2472454.500000000, A.D. 2057-Apr-01 00:00:00.0000, 69.185658, -6.722080041206615E-01, -2.756339808571533E-01, 3.482145322096992E-02, 7.601372592685934E-03, -1.878602377331866E-02, -6.980634610506158E-04,
2472819.500000000, A.D. 2058-Apr-01 00:00:00.0000, 69.185649, 2.889025362984783E-01, 6.551875737245011E-01, -7.692082509831222E-03, -1.851611771107070E-02, 8.184220342842198E-03, 1.181238137797935E-03,
2473184.500000000, A.D. 2059-Apr-01 00:00:00.0000, 69.185637, 2.613287074561262E-01, -6.825774295346698E-01, -2.450735892634400E-02, 1.868893665814429E-02, 7.337787019635549E-03, -9.760358728714192E-04,
2473550.500000000, A.D. 2060-Apr-01 00:00:00.0000, 69.185633, -6.681273801094100E-01, 2.612082437116320E-01, 4.227681109629917E-02, -7.663579071097804E-03, -1.884947487225192E-02, 1.815709463790846E-04,
2473915.500000000, A.D. 2061-Apr-01 00:00:00.0000, 69.185630, 6.730499929065855E-01, 2.600531981242587E-01, -3.497233453523076E-02, -7.555385459737050E-03, 1.869612907953021E-02, 6.946912365099260E-04,
2474280.500000000, A.D. 2062-Apr-01 00:00:00.0000, 69.185630, -2.691441223676037E-01, -6.797235489913421E-01, 6.444282233509754E-03, 1.861268566175041E-02, -7.685135068282886E-03, -1.179596383344240E-03,
2474645.500000000, A.D. 2063-Apr-01 00:00:00.0000, 69.185640, -2.597244075321846E-01, 6.620465946093606E-01, 2.449791674348841E-02, -1.885746752021643E-02, -7.581166344422350E-03, 9.825979113023951E-04,
2475011.500000000, A.D. 2064-Apr-01 00:00:00.0000, 69.185649, 6.804130667991193E-01, -2.746137679212199E-01, -4.270711049581605E-02, 7.460676952082483E-03, 1.867643703426214E-02, -1.718399191104136E-04,
2475376.500000000, A.D. 2065-Apr-01 00:00:00.0000, 69.185651, -6.525227357428819E-01, -2.925410707860664E-01, 3.383651933118451E-02, 8.065319484157375E-03, -1.857234078575412E-02, -7.225404935513126E-04,
2475741.500000000, A.D. 2066-Apr-01 00:00:00.0000, 69.185660, 2.839331330472011E-01, 6.671637538941918E-01, -6.976848992549144E-03, -1.872458422011154E-02, 7.733188635436558E-03, 1.186585889020006E-03,
2476106.500000000, A.D. 2067-Apr-01 00:00:00.0000, 69.185668, 2.860384539078722E-01, -6.668778147678663E-01, -2.568553259651098E-02, 1.848943110233366E-02, 7.805944769843328E-03, -9.583763885285296E-04,
2476472.500000000, A.D. 2068-Apr-01 00:00:00.0000, 69.185671, -6.714503470408524E-01, 2.551394693780288E-01, 4.221419319989729E-02, -7.203544519536593E-03, -1.903302944057712E-02, 1.515177633983191E-04,
2476837.500000000, A.D. 2069-Apr-01 00:00:00.0000, 69.185665, 6.644970415698133E-01, 2.866283217447625E-01, -3.443158577422547E-02, -8.029951230559223E-03, 1.849940565536683E-02, 7.193566296960920E-04,
2477202.500000000, A.D. 2070-Apr-01 00:00:00.0000, 69.185652, -2.576833399280888E-01, -6.793063730132161E-01, 5.369478054913091E-03, 1.878802525159068E-02, -7.229298756219141E-03, -1.183489781143894E-03,
2477567.500000000, A.D. 2071-Apr-01 00:00:00.0000, 69.185643, -2.830076309195214E-01, 6.581170550401313E-01, 2.542837567419150E-02, -1.866385150111522E-02, -8.063066100792925E-03, 9.646767203022864E-04,
2477933.500000000, A.D. 2072-Apr-01 00:00:00.0000, 69.185641, 6.811232974637883E-01, -2.586968436940780E-01, -4.279178519854718E-02, 7.003086315886528E-03, 1.884732477907311E-02, -1.422620637747828E-04,
2478298.500000000, A.D. 2073-Apr-01 00:00:00.0000, 69.185635, -6.483404599322685E-01, -3.122667059551944E-01, 3.319869921079788E-02, 8.532041479232233E-03, -1.836643058160119E-02, -7.465173984867749E-04,
2478663.500000000, A.D. 2074-Apr-01 00:00:00.0000, 69.185641, 2.673159914643305E-01, 6.698383466240548E-01, -5.932733747782787E-03, -1.890503272369894E-02, 7.264444330791361E-03, 1.190873334189046E-03,
2479028.500000000, A.D. 2075-Apr-01 00:00:00.0000, 69.185650, 3.056316126393046E-01, -6.625230521749220E-01, -2.662962428169747E-02, 1.829821206901379E-02, 8.266646795012806E-03, -9.404269912860021E-04,
2479394.500000000, A.D. 2076-Apr-01 00:00:00.0000, 69.185656, -6.723949231110317E-01, 2.381609626110376E-01, 4.221033706965203E-02, -6.722161876048222E-03, -1.919594872132358E-02, 1.209987688691752E-04,
2479759.500000000, A.D. 2077-Apr-01 00:00:00.0000, 69.185662, 6.625713381715401E-01, 3.067033156387695E-01, -3.389793906923451E-02, -8.490393822408560E-03, 1.830740341943322E-02, 7.433939324721849E-04,
2480124.500000000, A.D. 2078-Apr-01 00:00:00.0000, 69.185665, -2.374558508855876E-01, -6.783057765433818E-01, 4.218007567156352E-03, 1.895030874507804E-02, -6.751242296351559E-03, -1.186668507942680E-03,
2480489.500000000, A.D. 2079-Apr-01 00:00:00.0000, 69.185670, -2.999553518038201E-01, 6.600673147447822E-01, 2.630150126279228E-02, -1.847028050018712E-02, -8.526561860428061E-03, 9.463523079757374E-04,
2480855.500000000, A.D. 2080-Apr-01 00:00:00.0000, 69.185674, 6.819548505678537E-01, -2.326803735001926E-01, -4.277407039592730E-02, 6.523167037434255E-03, 1.901204515331854E-02, -1.122189677681989E-04,
2481220.500000000, A.D. 2081-Apr-01 00:00:00.0000, 69.185660, -6.499880509370000E-01, -3.220683930200401E-01, 3.275930144238828E-02, 8.975771214869194E-03, -1.815501979210737E-02, -7.696291099617105E-04,
2481585.500000000, A.D. 2082-Apr-01 00:00:00.0000, 69.185649, 2.385109903235273E-01, 6.779463963232165E-01, -4.524161148596569E-03, -1.908652266689862E-02, 6.776372296983551E-03, 1.194741629798192E-03,
2481950.500000000, A.D. 2083-Apr-01 00:00:00.0000, 69.185640, 3.099693426019341E-01, -6.583836660915423E-01, -2.711662351541607E-02, 1.809190704721504E-02, 8.702450445120807E-03, -9.217859758773140E-04,
2482316.500000000, A.D. 2084-Apr-01 00:00:00.0000, 69.185633, -6.875470942187235E-01, 2.129920606649977E-01, 4.262626477663090E-02, -6.230965724631564E-03, -1.936669681191588E-02, 9.037269240652126E-05,
2482681.500000000, A.D. 2085-Apr-01 00:00:00.0000, 69.185632, 6.496211477172461E-01, 3.119197930240157E-01, -3.297882130048699E-02, -8.929876981508563E-03, 1.808790827865743E-02, 7.665548880302108E-04,
2483046.500000000, A.D. 2086-Apr-01 00:00:00.0000, 69.185633, -2.208313123807942E-01, -6.958346031177539E-01, 3.269680716337502E-03, 1.912278199470191E-02, -6.276920151110183E-03, -1.189581608700200E-03,
2483411.500000000, A.D. 2087-Apr-01 00:00:00.0000, 69.185639, -3.119362071285607E-01, 6.419965958997966E-01, 2.715146411070971E-02, -1.824098678822668E-02, -8.979811102687240E-03, 9.267363438597584E-04,
2483777.500000000, A.D. 2088-Apr-01 00:00:00.0000, 69.185648, 6.952596190329987E-01, -2.227029466239364E-01, -4.295874649592736E-02, 6.059297395866867E-03, 1.918032862380288E-02, -8.264209293430032E-05,
2484142.500000000, A.D. 2089-Apr-01 00:00:00.0000, 69.185648, -6.327225039114880E-01, -3.407324221016577E-01, 3.189167756704903E-02, 9.423124793806059E-03, -1.790973773852760E-02, -7.926220448782517E-04,
2484507.500000000, A.D. 2090-Apr-01 00:00:00.0000, 69.185655, 2.296063475811931E-01, 6.854207328546883E-01, -3.621821006333030E-03, -1.925880081565944E-02, 6.308492534848715E-03, 1.197764335248962E-03,
2484872.500000000, A.D. 2091-Apr-01 00:00:00.0000, 69.185664, 3.311901181003634E-01, -6.457517258456700E-01, -2.808380399791210E-02, 1.786125516550535E-02, 9.152441660982818E-03, -9.024401755852583E-04,
2485238.500000000, A.D. 2092-Apr-01 00:00:00.0000, 69.185663, -6.915578127586484E-01, 2.012354018319125E-01, 4.261069471381439E-02, -5.755653633563016E-03, -1.951611684640354E-02, 6.002393442640490E-05,
2485603.500000000, A.D. 2093-Apr-01 00:00:00.0000, 69.185656, 6.392928983487890E-01, 3.319949367887607E-01, -3.229070010458759E-02, -9.384846376441011E-03, 1.785594950358052E-02, 7.896781481274552E-04,
2485968.500000000, A.D. 2094-Apr-01 00:00:00.0000, 69.185643, -2.078298176231141E-01, -7.002384936444517E-01, 2.213797463805791E-03, 1.926780972107410E-02, -5.809186553296064E-03, -1.191392931317109E-03,
2486333.500000000, A.D. 2095-Apr-01 00:00:00.0000, 69.185634, -3.318608480782102E-01, 6.312129517342986E-01, 2.799453191374295E-02, -1.800818557653886E-02, -9.443419067784696E-03, 9.068121650096642E-04,
2486699.500000000, A.D. 2096-Apr-01 00:00:00.0000, 69.185635, 6.989148479295668E-01, -2.109755991242478E-01, -4.305574302050981E-02, 5.592889788127708E-03, 1.931993388807299E-02, -5.299317126105560E-05,
2487064.500000000, A.D. 2097-Apr-01 00:00:00.0000, 69.185631, -6.221592144782808E-01, -3.631081286620352E-01, 3.104865967339300E-02, 9.874383546075628E-03, -1.766639152880914E-02, -8.151877719170027E-04,
2487429.500000000, A.D. 2098-Apr-01 00:00:00.0000, 69.185637, 2.182110439504598E-01, 6.850985420433792E-01, -2.747498980540233E-03, -1.940289335014368E-02, 5.830890367721340E-03, 1.199651118216159E-03,
2487794.500000000, A.D. 2099-Apr-01 00:00:00.0000, 69.185649, 3.558765240961376E-01, -6.403890731475603E-01, -2.917720470909371E-02, 1.763657267076198E-02, 9.601009258668520E-03, -8.828064780638451E-04,
2488159.500000000, A.D. 2100-Apr-01 00:00:00.0000, 69.185652, -6.804563328972705E-01, 2.046140835195779E-01, 4.226974084164576E-02, -5.814808205824561E-03, -1.948538728613989E-02, 6.320342499675293E-05,
2488524.500000000, A.D. 2101-Apr-01 00:00:00.0000, 69.185658, 6.501511999280707E-01, 3.359749153508834E-01, -3.269644136293811E-02, -9.334891862706678E-03, 1.789756833248178E-02, 7.873595296355868E-04,
2488889.500000000, A.D. 2102-Apr-01 00:00:00.0000, 69.185665, -2.031015595309475E-01, -6.894874240015489E-01, 2.061989228297779E-03, 1.923908026301108E-02, -5.859203696006316E-03, -1.190979527993746E-03,
2489254.500000000, A.D. 2103-Apr-01 00:00:00.0000, 69.185667, -3.278256172449153E-01, 6.446832434568607E-01, 2.775149993949504E-02, -1.805196331500376E-02, -9.384934718854491E-03, 9.093174879584691E-04,
2489620.500000000, A.D. 2104-Apr-01 00:00:00.0000, 69.185670, 6.948872837310964E-01, -2.009030310866173E-01, -4.306252540661435E-02, 5.637367622505899E-03, 1.929813248074469E-02, -5.579558828498674E-05,
2489985.500000000, A.D. 2105-Apr-01 00:00:00.0000, 69.185656, -6.313025232608592E-01, -3.518153774345588E-01, 3.124590845864352E-02, 9.809991766648159E-03, -1.770787749386496E-02, -8.124973061441829E-04,
2490350.500000000, A.D. 2106-Apr-01 00:00:00.0000, 69.185643, 2.096193669769748E-01, 6.892112989561759E-01, -2.643741241882627E-03, -1.938826031043851E-02, 5.877128105448609E-03, 1.199629696071383E-03,
2490715.500000000, A.D. 2107-Apr-01 00:00:00.0000, 69.185638, 3.430770433198664E-01, -6.417482525599790E-01, -2.883161852625854E-02, 1.766876848042822E-02, 9.533786564493666E-03, -8.848935060250023E-04,
2491081.500000000, A.D. 2108-Apr-01 00:00:00.0000, 69.185634, -6.941365479872125E-01, 1.826472503665790E-01, 4.256110945713434E-02, -5.317623723595790E-03, -1.963219004484873E-02, 3.256232859062100E-05,
2491446.500000000, A.D. 2109-Apr-01 00:00:00.0000, 69.185633, 6.365577230575142E-01, 3.446664502894300E-01, -3.178115725433103E-02, -9.766292267564503E-03, 1.765802680453616E-02, 8.096940069253096E-04,
2491811.500000000, A.D. 2110-Apr-01 00:00:00.0000, 69.185639, -1.869072798582536E-01, -7.021023912369631E-01, 1.101826881591918E-03, 1.938692939523017E-02, -5.377620262428950E-03, -1.192352078377605E-03,
2492176.500000000, A.D. 2111-Apr-01 00:00:00.0000, 69.185642, -3.411120021453613E-01, 6.300303722087915E-01, 2.860129390983936E-02, -1.780401907761807E-02, -9.827838527943831E-03, 8.886807398712728E-04,
2492542.500000000, A.D. 2112-Apr-01 00:00:00.0000, 69.185653, 7.045995381759924E-01, -1.867554882490618E-01, -4.311709449313054E-02, 5.163265803034450E-03, 1.944334460754142E-02, -2.598842925800577E-05,
2492907.500000000, A.D. 2113-Apr-01 00:00:00.0000, 69.185653, -6.172272777391077E-01, -3.668329907821198E-01, 3.046606078071880E-02, 1.024307286224419E-02, -1.744423831030165E-02, -8.343761151868834E-04,
2493272.500000000, A.D. 2114-Apr-01 00:00:00.0000, 69.185656, 1.955742817258642E-01, 6.980301135410323E-01, -1.567471593990088E-03, -1.954022080390089E-02, 5.397700046037997E-03, 1.201295095018253E-03,
2493637.500000000, A.D. 2115-Apr-01 00:00:00.0000, 69.185663, 3.585173571147469E-01, -6.277090145117885E-01, -2.956247627498470E-02, 1.741710045464586E-02, 9.968906774251487E-03, -8.644033158728192E-04,
2494003.500000000, A.D. 2116-Apr-01 00:00:00.0000, 69.185658, -7.027008676499902E-01, 1.697031720267101E-01, 4.271465320374588E-02, -4.835007609255417E-03, -1.976285921409502E-02, 2.185790457289531E-06,
2494368.500000000, A.D. 2117-Apr-01 00:00:00.0000, 69.185645, 6.207380069722362E-01, 3.618888146569952E-01, -3.083221160095713E-02, -1.020829696122107E-02, 1.740163207532738E-02, 8.318718487468092E-04,
2494733.500000000, A.D. 2118-Apr-01 00:00:00.0000, 69.185635, -1.773631352723299E-01, -7.093050893542410E-01, 2.510466945020292E-04, 1.951309293165135E-02, -4.906397516274814E-03, -1.192816377902234E-03,
2495098.500000000, A.D. 2119-Apr-01 00:00:00.0000, 69.185624, -3.630184981124103E-01, 6.142262857103240E-01, 2.958879828695989E-02, -1.754627203170081E-02, -1.028125851668179E-02, 8.675676480117724E-04,
2495464.500000000, A.D. 2120-Apr-01 00:00:00.0000, 69.185625, 7.063935660232347E-01, -1.792751605705505E-01, -4.301890058799055E-02, 4.694041743264882E-03, 1.956096927248012E-02, 3.609250884219327E-06,
2495829.500000000, A.D. 2121-Apr-01 00:00:00.0000, 69.185624, -6.058171048948815E-01, -3.930717277584979E-01, 2.969106238950286E-02, 1.068491772898643E-02, -1.718000699768884E-02, -8.560136272911706E-04,
2496194.500000000, A.D. 2122-Apr-01 00:00:00.0000, 69.185628, 1.850553135389999E-01, 6.930435117737235E-01, -6.264001656199765E-04, -1.965904041870591E-02, 4.914896135109572E-03, 1.201599215661968E-03,
2496559.500000000, A.D. 2123-Apr-01 00:00:00.0000, 69.185641, 3.846235499178131E-01, -6.248685760798440E-01, -3.059455885351579E-02, 1.717427938482232E-02, 1.040787527957771E-02, -8.438568111369279E-04,
2496925.500000000, A.D. 2124-Apr-01 00:00:00.0000, 69.185648, -6.940333643506303E-01, 1.507456412558682E-01, 4.235885756350977E-02, -4.337843546411274E-03, -1.986049808255625E-02, -2.854393428778141E-05,
2497290.500000000, A.D. 2125-Apr-01 00:00:00.0000, 69.185652, 6.238017244762358E-01, 3.812465084038811E-01, -3.044053548005989E-02, -1.064374183896590E-02, 1.715919202670251E-02, 8.534430084829661E-04,
2497655.500000000, A.D. 2126-Apr-01 00:00:00.0000, 69.185662, -1.504824685228602E-01, -7.048704940498927E-01, -1.159858143611679E-03, 1.961525734210192E-02, -4.409779806146116E-03, -1.192320539158002E-03,
2498020.500000000, A.D. 2127-Apr-01 00:00:00.0000, 69.185663, -3.736761330605062E-01, 6.160920089038430E-01, 3.011408187948247E-02, -1.729895143391959E-02, -1.071499498420042E-02, 8.463296293882455E-04,
2498386.500000000, A.D. 2128-Apr-01 00:00:00.0000, 69.185664, 7.100348254816800E-01, -1.505871946544587E-01, -4.313273140614143E-02, 4.196644778089906E-03, 1.966898005664355E-02, 3.383567925718964E-05,
2498751.500000000, A.D. 2129-Apr-01 00:00:00.0000, 69.185652, -6.006310827572071E-01, -3.994080056055336E-01, 2.888166239575772E-02, 1.109834014414541E-02, -1.691456296194518E-02, -8.765561107127574E-04,
2499116.500000000, A.D. 2130-Apr-01 00:00:00.0000, 69.185637, 1.608043501009181E-01, 7.021488983879862E-01, 5.093496538202078E-04, -1.978110987536900E-02, 4.410820646567912E-03, 1.201693733505410E-03,
2499481.500000000, A.D. 2131-Apr-01 00:00:00.0000, 69.185635, 3.932250357543371E-01, -6.145089699805285E-01, -3.127248019841073E-02, 1.691555134223474E-02, 1.081912562061206E-02, -8.225139119623147E-04,
2499847.500000000, A.D. 2132-Apr-01 00:00:00.0000, 69.185634, -7.021728658542862E-01, 1.308811415452069E-01, 4.237627347834889E-02, -3.832936789309355E-03, -1.996657132193947E-02, -5.914514793274249E-05,
2500212.500000000, A.D. 2133-Apr-01 00:00:00.0000, 69.185633, 6.128036912831103E-01, 3.928809790042970E-01, -2.964983391046115E-02, -1.105853495816093E-02, 1.689034639564335E-02, 8.742465307411909E-04,
2500577.500000000, A.D. 2134-Apr-01 00:00:00.0000, 69.185642, -1.310768819379151E-01, -7.115073014385069E-01, -2.283552675527148E-03, 1.972435306413069E-02, -3.917186682877600E-03, -1.191365600522269E-03,
2500942.500000000, A.D. 2135-Apr-01 00:00:00.0000, 69.185647, -3.845704016585728E-01, 6.057605780393464E-01, 3.077506862124989E-02, -1.702135685265516E-02, -1.113689071112865E-02, 8.241048368610254E-04,
2501308.500000000, A.D. 2136-Apr-01 00:00:00.0000, 69.185655, 7.187518228292121E-01, -1.301748371767656E-01, -4.319680122380322E-02, 3.709272075833242E-03, 1.977920040845894E-02, 6.378433465608369E-05,
2501673.500000000, A.D. 2137-Apr-01 00:00:00.0000, 69.185659, -5.866583072674191E-01, -4.077867574297774E-01, 2.800261003309614E-02, 1.150699187504113E-02, -1.661987022295487E-02, -8.966245960803740E-04,
2502038.500000000, A.D. 2138-Apr-01 00:00:00.0000, 69.185660, 1.437321727810224E-01, 7.150702614728883E-01, 1.594097496590615E-03, -1.989997699297957E-02, 3.919390834131503E-03, 1.201162404430076E-03,
2502403.500000000, A.D. 2139-Apr-01 00:00:00.0000, 69.185666, 4.041468855018512E-01, -5.948648652166595E-01, -3.189128471543961E-02, 1.662999157976848E-02, 1.123224730024327E-02, -8.003183349578157E-04,
2502769.500000000, A.D. 2140-Apr-01 00:00:00.0000, 69.185663, -7.139382128987881E-01, 1.209484690693808E-01, 4.253985754350237E-02, -3.343611092130882E-03, -2.006303645032357E-02, -8.935632764190179E-05,
2503134.500000000, A.D. 2141-Apr-01 00:00:00.0000, 69.185646, 5.910715442499840E-01, 4.115699348162699E-01, -2.852104949331647E-02, -1.148186150357603E-02, 1.659887404482409E-02, 8.949030371334705E-04,
2503499.500000000, A.D. 2142-Apr-01 00:00:00.0000, 69.185637, -1.259354994040280E-01, -7.161803929005137E-01, -2.990221448327544E-03, 1.981485262925165E-02, -3.440332162029452E-03, -1.189523657420757E-03,
2503864.500000000, A.D. 2143-Apr-01 00:00:00.0000, 69.185627, -4.102943338750181E-01, 5.893382113870337E-01, 3.186274189749771E-02, -1.673019768004880E-02, -1.157199197965480E-02, 8.013655944737265E-04,
2504230.500000000, A.D. 2144-Apr-01 00:00:00.0000, 69.185627, 7.148832032630251E-01, -1.223774773209689E-01, -4.284383221848415E-02, 3.232097916214621E-03, 1.985976960637635E-02, 9.339189659195395E-05,
2504595.500000000, A.D. 2145-Apr-01 00:00:00.0000, 69.185628, -5.784200764577732E-01, -4.337116860745308E-01, 2.735792765192749E-02, 1.192787757312389E-02, -1.632575074365252E-02, -9.165271907999418E-04,
2504960.500000000, A.D. 2146-Apr-01 00:00:00.0000, 69.185630, 1.286227069479352E-01, 7.078722892904019E-01, 2.732369950937052E-03, -1.998190213473312E-02, 3.426012496369691E-03, 1.199172732486591E-03,
2505325.500000000, A.D. 2147-Apr-01 00:00:00.0000, 69.185640, 4.252716963964994E-01, -5.923481510579841E-01, -3.266135015130423E-02, 1.635632811429937E-02, 1.165006828328051E-02, -7.782163738773852E-04,
2505691.500000000, A.D. 2148-Apr-01 00:00:00.0000, 69.185648, -7.082031239987541E-01, 9.960960932912782E-02, 4.230865179550088E-02, -2.839181631748038E-03, -2.012497471040093E-02, -1.199582628783143E-04,
2506056.500000000, A.D. 2149-Apr-01 00:00:00.0000, 69.185648, 5.888899335311963E-01, 4.272431207863404E-01, -2.787184810467321E-02, -1.189697078880036E-02, 1.632211516220373E-02, 9.148152876547969E-04,
2506421.500000000, A.D. 2150-Apr-01 00:00:00.0000, 69.185657, -1.025218006538793E-01, -7.143899205589173E-01, -4.210644565438548E-03, 1.988237327594672E-02, -2.939972972132514E-03, -1.186837449294525E-03,
2506786.500000000, A.D. 2151-Apr-01 00:00:00.0000, 69.185657, -4.231115018361141E-01, 5.851114059870673E-01, 3.248390540280938E-02, -1.644775129380979E-02, -1.198715636616229E-02, 7.784176291905653E-04,
2507152.500000000, A.D. 2152-Apr-01 00:00:00.0000, 69.185653, 7.155743716730082E-01, -9.917579741495872E-02, -4.276396036004330E-02, 2.731479584770768E-03, 1.993019820899398E-02, 1.233839124563466E-04,
2507517.500000000, A.D. 2153-Apr-01 00:00:00.0000, 69.185642, -5.722088597952300E-01, -4.453140550671316E-01, 2.655194741519208E-02, 1.232368874250213E-02, -1.602997009018795E-02, -9.354783476789680E-04,
2507882.500000000, A.D. 2154-Apr-01 00:00:00.0000, 69.185629, 1.056847140220778E-01, 7.098870508137486E-01, 3.859881768310013E-03, -2.006224335613771E-02, 2.915634761961391E-03, 1.196763992182682E-03,
2508247.500000000, A.D. 2155-Apr-01 00:00:00.0000, 69.185627, 4.361497518364267E-01, -5.858199899645521E-01, -3.334225642991487E-02, 1.607104198155042E-02, 1.204363510478639E-02, -7.555392586843890E-04,
2508613.500000000, A.D. 2156-Apr-01 00:00:00.0000, 69.185632, -7.109330742032716E-01, 7.586006295304183E-02, 4.212859880144837E-02, -2.326654544025908E-03, -2.018941405820442E-02, -1.504518856010071E-04,
2508978.500000000, A.D. 2157-Apr-01 00:00:00.0000, 69.185630, 5.814256588933662E-01, 4.358876870993644E-01, -2.717902719367359E-02, -1.229010257397061E-02, 1.602632578104088E-02, 9.338403067650523E-04,
2509343.500000000, A.D. 2158-Apr-01 00:00:00.0000, 69.185641, -7.819282993358771E-02, -7.204605469074298E-01, -5.505415718875564E-03, 1.995467956914795E-02, -2.437850116582382E-03, -1.183682740008457E-03,
2509708.500000000, A.D. 2159-Apr-01 00:00:00.0000, 69.185649, -4.289178402803239E-01, 5.742730985531945E-01, 3.289692578103072E-02, -1.614013562680924E-02, -1.238365024261535E-02, 7.546227832811407E-04,
2510074.500000000, A.D. 2160-Apr-01 00:00:00.0000, 69.185655, 7.265214379610936E-01, -7.687388832534899E-02, -4.292860485089204E-02, 2.235357450394230E-03, 2.000651565401650E-02, 1.532056738869186E-04,
2510439.500000000, A.D. 2161-Apr-01 00:00:00.0000, 69.185661, -5.546243474993945E-01, -4.505539751925221E-01, 2.545577398040172E-02, 1.270654475403513E-02, -1.570444375670391E-02, -9.536958101704544E-04,
2510804.500000000, A.D. 2162-Apr-01 00:00:00.0000, 69.185663, 8.992955414542735E-02, 7.239987463262290E-01, 4.795101814043409E-03, -2.014604234447913E-02, 2.417471107922988E-03, 1.193963793766239E-03,
2511169.500000000, A.D. 2163-Apr-01 00:00:00.0000, 69.185665, 4.470568162548174E-01, -5.627182987221168E-01, -3.402031159815989E-02, 1.575400592193261E-02, 1.243470179432157E-02, -7.318291218529713E-04,
2511535.500000000, A.D. 2164-Apr-01 00:00:00.0000, 69.185662, -7.210718037855648E-01, 6.784538375404076E-02, 4.210925827468415E-02, -1.833338678626086E-03, -2.024859987154985E-02, -1.803510588453690E-04,
2511900.500000000, A.D. 2165-Apr-01 00:00:00.0000, 69.185644, 5.586871124473994E-01, 4.556986193673397E-01, -2.608179152415909E-02, -1.269234289113601E-02, 1.570384447061174E-02, 9.528216775985315E-04,
2512265.500000000, A.D. 2166-Apr-01 00:00:00.0000, 69.185636, -7.288923936572582E-02, -7.219014097441828E-01, -6.272004075008560E-03, 2.000836450404012E-02, -1.955775379318095E-03, -1.179558359604262E-03,
2512630.500000000, A.D. 2167-Apr-01 00:00:00.0000, 69.185631, -4.540637958715972E-01, 5.588585282947045E-01, 3.387169688187019E-02, -1.581877632253890E-02, -1.279543041766773E-02, 7.304404316538829E-04,
2512996.500000000, A.D. 2168-Apr-01 00:00:00.0000, 69.185630, 7.207208875038771E-01, -6.651616063938340E-02, -4.251806480744615E-02, 1.751392712454825E-03, 2.005140620533470E-02, 1.826711685990209E-04,
2513361.500000000, A.D. 2169-Apr-01 00:00:00.0000, 69.185632, -5.465646827834727E-01, -4.730701169712911E-01, 2.476803751264520E-02, 1.310212270214772E-02, -1.538054737787004E-02, -9.716811214206036E-04,
2513726.500000000, A.D. 2170-Apr-01 00:00:00.0000, 69.185637, 7.254375529232165E-02, 7.180908538565648E-01, 5.972097256038624E-03, -2.019287909588206E-02, 1.917654184764462E-03, 1.189758250781878E-03,
2514091.500000000, A.D. 2171-Apr-01 00:00:00.0000, 69.185644, 4.643552560489275E-01, -5.567493038012071E-01, -3.464010771818417E-02, 1.544819098299149E-02, 1.282953618673774E-02, -7.081841574248728E-04,
2514457.500000000, A.D. 2172-Apr-01 00:00:00.0000, 69.185653, -7.180438667378367E-01, 4.812345589702658E-02, 4.192778072987859E-02, -1.327517488009908E-03, -2.027475661297048E-02, -2.105148883056614E-04,
2514822.500000000, A.D. 2173-Apr-01 00:00:00.0000, 69.185652, 5.505082195159875E-01, 4.712910941773922E-01, -2.520788315501138E-02, -1.308735606879926E-02, 1.539338611674211E-02, 9.710731445131250E-04,
2515187.500000000, A.D. 2174-Apr-01 00:00:00.0000, 69.185657, -5.475721306107342E-02, -7.194984047331827E-01, -7.277444867056390E-03, 2.003843846806988E-02, -1.455459258990823E-03, -1.174551886215988E-03,
2515552.500000000, A.D. 2175-Apr-01 00:00:00.0000, 69.185658, -4.714988349685039E-01, 5.511939371122031E-01, 3.465286044924463E-02, -1.550455076530038E-02, -1.319205497114279E-02, 7.060183940744491E-04,
2515918.500000000, A.D. 2176-Apr-01 00:00:00.0000, 69.185648, 7.152928458635389E-01, -4.708107727237559E-02, -4.213322010072016E-02, 1.248248627319090E-03, 2.008139675524300E-02, 2.124135646342388E-04,
2516283.500000000, A.D. 2177-Apr-01 00:00:00.0000, 69.185634, -5.429763531455329E-01, -4.890131809671842E-01, 2.412045070160123E-02, 1.347765501791658E-02, -1.505866900911805E-02, -9.888688248813203E-04,
2516648.500000000, A.D. 2178-Apr-01 00:00:00.0000, 69.185623, 4.719438369971971E-02, 7.128094145898334E-01, 7.267414638502717E-03, -2.023140823650378E-02, 1.400534502907141E-03, 1.184945785148269E-03,
2517013.500000000, A.D. 2179-Apr-01 00:00:00.0000, 69.185619, 4.736794669712739E-01, -5.553886712121165E-01, -3.511956441844133E-02, 1.513824657941201E-02, 1.320049270049456E-02, -6.842606095874627E-04,
2517379.500000000, A.D. 2180-Apr-01 00:00:00.0000, 69.185624, -7.187801873889613E-01, 1.821520624687259E-02, 4.175978429571259E-02, -8.083616449382407E-04, -2.030007202118353E-02, -2.407518408984590E-04,
2517744.500000000, A.D. 2181-Apr-01 00:00:00.0000, 69.185624, 5.438019674759398E-01, 4.735651717654545E-01, -2.441554486106031E-02, -1.345496274435408E-02, 1.506956130891242E-02, 9.881920538239576E-04,
2518109.500000000, A.D. 2182-Apr-01 00:00:00.0000, 69.185633, -2.760202526680136E-02, -7.290828250889395E-01, -8.553857575497214E-03, 2.007617546096929E-02, -9.481241403695802E-04, -1.169291913900925E-03,
2518474.500000000, A.D. 2183-Apr-01 00:00:00.0000, 69.185643, -4.731610442177422E-01, 5.352499788971431E-01, 3.496759972530389E-02, -1.516567473409870E-02, -1.356212928900804E-02, 6.807002785817922E-04,
2518840.500000000, A.D. 2184-Apr-01 00:00:00.0000, 69.185648, 7.285318497105235E-01, -2.795435526884792E-02, -4.228302537877401E-02, 7.490432168066695E-04, 2.012296948151638E-02, 2.418253062819559E-04,
2519205.500000000, A.D. 2185-Apr-01 00:00:00.0000, 69.185653, -5.206238658451485E-01, -4.960722140800439E-01, 2.288375591898585E-02, 1.383578413751291E-02, -1.470376975484492E-02, -1.005252631036920E-03,
2519570.500000000, A.D. 2186-Apr-01 00:00:00.0000, 69.185659, 3.518915259519081E-02, 7.232929174207007E-01, 8.072715663929062E-03, -2.027663781602778E-02, 8.991755176994815E-04, 1.179747945625576E-03,
2519935.500000000, A.D. 2187-Apr-01 00:00:00.0000, 69.185658, 4.878784256592366E-01, -5.332183758999632E-01, -3.587499846025594E-02, 1.479408414443974E-02, 1.356919311537950E-02, -6.592808055450188E-04,
2520301.500000000, A.D. 2188-Apr-01 00:00:00.0000, 69.185655, -7.230123263767392E-01, 8.598509224802230E-03, 4.149207139611692E-02, -3.120390615995664E-04, -2.031961235984819E-02, -2.702725122886318E-04,
2520666.500000000, A.D. 2189-Apr-01 00:00:00.0000, 69.185639, 5.250797865512978E-01, 4.916359031819755E-01, -2.346011887440516E-02, -1.383208609072541E-02, 1.472040558507267E-02, 1.005282570219726E-03,
2521031.500000000, A.D. 2190-Apr-01 00:00:00.0000, 69.185631, -1.682275492589215E-02, -7.291044840185316E-01, -9.512617822584517E-03, 2.009385820293930E-02, -4.613044008157649E-04, -1.162999449203651E-03,
2521396.500000000, A.D. 2191-Apr-01 00:00:00.0000, 69.185631, -4.919554774730556E-01, 5.200768698098086E-01, 3.566033838369247E-02, -1.481558103370757E-02, -1.394525914423016E-02, 6.551561235485789E-04,
2521762.500000000, A.D. 2192-Apr-01 00:00:00.0000, 69.185631, 7.265428387568934E-01, -1.500674363605603E-02, -4.200143408722764E-02, 2.610413579732911E-04, 2.013444312686375E-02, 2.709409945990077E-04,
2522127.500000000, A.D. 2193-Apr-01 00:00:00.0000, 69.185634, -5.071486575773472E-01, -5.140254048152865E-01, 2.195936034742714E-02, 1.420330899768655E-02, -1.434977801014686E-02, -1.021258344419222E-03,
2522492.500000000, A.D. 2194-Apr-01 00:00:00.0000, 69.185641, 2.109180512766092E-02, 7.206090571047665E-01, 9.073519128730142E-03, -2.028860499257164E-02, 3.985116395233750E-04, 1.173336090441323E-03,
2522857.500000000, A.D. 2195-Apr-01 00:00:00.0000, 69.185646, 5.063835870322851E-01, -5.210817025444052E-01, -3.655161602008537E-02, 1.445690833607554E-02, 1.394094878078669E-02, -6.342486896529340E-04,
2523223.500000000, A.D. 2196-Apr-01 00:00:00.0000, 69.185655, -7.180233240488898E-01, -5.835082313784856E-03, 4.115360204196165E-02, 1.905927864309000E-04, -2.030776383962246E-02, -2.997799770525240E-04,
2523588.500000000, A.D. 2197-Apr-01 00:00:00.0000, 69.185656, 5.150682612647827E-01, 5.113434222050589E-01, -2.256642163086909E-02, -1.420629757176254E-02, 1.437986627282430E-02, 1.021784305807806E-03,
2523953.500000000, A.D. 2198-Apr-01 00:00:00.0000, 69.185659, -6.524168611450417E-04, -7.211558240606138E-01, -1.048050701753524E-02, 2.008438803381494E-02, 3.781307646162699E-05, -1.155656038655890E-03,
2524318.500000000, A.D. 2199-Apr-01 00:00:00.0000, 69.185658, -5.112845450603725E-01, 5.145369870000032E-01, 3.643476248005864E-02, -1.447411288999978E-02, -1.431941023705916E-02, 6.295000633740735E-04,
2524683.500000000, A.D. 2200-Apr-01 00:00:00.0000, 69.185645, 7.166538392108905E-01, -1.362625384407716E-02, -4.172829933391286E-02, 3.153397189310891E-04, 2.012128326724836E-02, 2.680703785040651E-04,
2525048.500000000, A.D. 2201-Apr-01 00:00:00.0000, 69.185627, -5.199763706371772E-01, -5.137657452483063E-01, 2.240990145904816E-02, 1.415933495565568E-02, -1.440821176746482E-02, -1.019539991591638E-03,
2525413.500000000, A.D. 2202-Apr-01 00:00:00.0000, 69.185620, 1.318394626081608E-02, 7.141912382795549E-01, 9.311364691113121E-03, -2.028053274136921E-02, 4.488369593586253E-04, 1.173940775625732E-03,
2525778.500000000, A.D. 2203-Apr-01 00:00:00.0000, 69.185616, 4.979710200525821E-01, -5.329168215973612E-01, -3.619924068103750E-02, 1.451085393885109E-02, 1.388829323238926E-02, -6.371741602484164E-04,
2526144.500000000, A.D. 2204-Apr-01 00:00:00.0000, 69.185620, -7.201756880914432E-01, -1.590420820003779E-02, 4.136936711414575E-02, 1.411275765382930E-04, -2.031099696620413E-02, -2.969025490906180E-04,
2526509.500000000, A.D. 2205-Apr-01 00:00:00.0000, 69.185623, 5.194912192492435E-01, 4.977076608947747E-01, -2.259752281295070E-02, -1.414844165189807E-02, 1.442690253356540E-02, 1.019687374896613E-03,
2526874.500000000, A.D. 2206-Apr-01 00:00:00.0000, 69.185628, 4.294900543484834E-03, -7.308247418230661E-01, -1.042368251305828E-02, 2.009468848643052E-02, -1.510916842256504E-05, -1.156699580039717E-03,
2527239.500000000, A.D. 2207-Apr-01 00:00:00.0000, 69.185637, -4.998070560187020E-01, 5.104477838604624E-01, 3.622651956810884E-02, -1.451331733124413E-02, -1.426173860377570E-02, 6.320294746137750E-04,
2527605.500000000, A.D. 2208-Apr-01 00:00:00.0000, 69.185644, 7.271027577016594E-01, 3.312035196076210E-03, -4.167100535033271E-02, -1.844961147982915E-04, 2.013796184826918E-02, 2.971715584544939E-04,
2527970.500000000, A.D. 2209-Apr-01 00:00:00.0000, 69.185644, -4.986550498163652E-01, -5.232160314314896E-01, 2.128784867260856E-02, 1.450242167182375E-02, -1.403862390307258E-02, -1.034747040146518E-03,
2528335.500000000, A.D. 2210-Apr-01 00:00:00.0000, 69.185649, 1.479710127285453E-04, 7.200609346966775E-01, 1.022160168992155E-02, -2.029956334455531E-02, -5.615724508987266E-05, 1.167200053222453E-03,
2528700.500000000, A.D. 2211-Apr-01 00:00:00.0000, 69.185646, 5.116951024610845E-01, -5.145571000474679E-01, -3.683788554896948E-02, 1.415334954328352E-02, 1.424016885438836E-02, -6.115489524676141E-04,
2529066.500000000, A.D. 2212-Apr-01 00:00:00.0000, 69.185638, -7.220650175151798E-01, -3.020247804736024E-02, 4.107248752800025E-02, 6.414138336049859E-04, -2.030654511832412E-02, -3.262119777296692E-04,
2529431.500000000, A.D. 2213-Apr-01 00:00:00.0000, 69.185626, 5.031899458657773E-01, 5.108115779278510E-01, -2.165230930839446E-02, -1.450561240587493E-02, 1.406202883457470E-02, 1.035403216687124E-03,
2529796.500000000, A.D. 2214-Apr-01 00:00:00.0000, 69.185618, 1.948561616612447E-02, -7.335482829868071E-01, -1.146581119424028E-02, 2.009274281638295E-02, 4.747154005101078E-04, -1.149178085096098E-03,
2530161.500000000, A.D. 2215-Apr-01 00:00:00.0000, 69.185619, -5.125988342795132E-01, 4.924096838742134E-01, 3.672851803822619E-02, -1.414360717320487E-02, -1.462430978811106E-02, 6.055592798836382E-04,
2530527.500000000, A.D. 2216-Apr-01 00:00:00.0000, 69.185626, 7.302299680539348E-01, 1.555459749057974E-02, -4.152315996113968E-02, -6.722674398506355E-04, 2.013083830727158E-02, 3.258975050374028E-04,
2530892.500000000, A.D. 2217-Apr-01 00:00:00.0000, 69.185627, -4.786188644445470E-01, -5.397030384164205E-01, 2.012893191678534E-02, 1.485233691688808E-02, -1.366436790667847E-02, -1.049543416824046E-03,
2531257.500000000, A.D. 2218-Apr-01 00:00:00.0000, 69.185637, -8.430442816863533E-03, 7.188668066241729E-01, 1.099402831564807E-02, -2.028936919249481E-02, -5.534469964602072E-04, 1.159344342118824E-03,
2531622.500000000, A.D. 2219-Apr-01 00:00:00.0000, 69.185645, 5.342868788566253E-01, -4.982875958999721E-01, -3.768203545169614E-02, 1.379723532741791E-02, 1.459861414504276E-02, -5.857587896869704E-04,
2531988.500000000, A.D. 2220-Apr-01 00:00:00.0000, 69.185652, -7.126991711452296E-01, -4.025014571311419E-02, 4.049104241424593E-02, 1.139658106703648E-03, -2.026925063177737E-02, -3.552374910002475E-04,
2532353.500000000, A.D. 2221-Apr-01 00:00:00.0000, 69.185656, 4.949167600981261E-01, 5.346158409803830E-01, -2.089944965405498E-02, -1.486655297688607E-02, 1.370494570480406E-02, 1.050742878460213E-03,
2532718.500000000, A.D. 2222-Apr-01 00:00:00.0000, 69.185658, 3.692733054609468E-02, -7.201519423216026E-01, -1.256032375411430E-02, 2.005790008810185E-02, 9.724321296470006E-04, -1.140395847292207E-03,
2533083.500000000, A.D. 2223-Apr-01 00:00:00.0000, 69.185654, -5.307510123344820E-01, 4.906082889004246E-01, 3.734251774463054E-02, -1.378698588125186E-02, -1.498181527646545E-02, 5.792219148925842E-04,
2533449.500000000, A.D. 2224-Apr-01 00:00:00.0000, 69.185646, 7.196847946930864E-01, 4.107037634788548E-02, -4.101080886965357E-02, -1.177935049221043E-03, 2.009728195314960E-02, 3.549643712996828E-04,
2533814.500000000, A.D. 2225-Apr-01 00:00:00.0000, 69.185627, -4.766509480849766E-01, -5.490998823387723E-01, 1.945259454278330E-02, 1.518409560143908E-02, -1.330257852013495E-02, -1.063407729090852E-03,
2534179.500000000, A.D. 2226-Apr-01 00:00:00.0000, 69.185622, -3.701411368641201E-02, 7.157662092250087E-01, 1.233399956673712E-02, -2.026608643415101E-02, -1.073574015106290E-03, 1.150908799061276E-03,
2534544.500000000, A.D. 2227-Apr-01 00:00:00.0000, 69.185621, 5.387452818349990E-01, -4.912689726099522E-01, -3.793646061669174E-02, 1.344341816168425E-02, 1.492800398883415E-02, -5.597736840517400E-04,
2534910.500000000, A.D. 2228-Apr-01 00:00:00.0000, 69.185623, -7.150905961707931E-01, -6.623591522858452E-02, 4.034660332263657E-02, 1.655877191623055E-03, -2.023332637555817E-02, -3.843658199610851E-04,
2535275.500000000, A.D. 2229-Apr-01 00:00:00.0000, 69.185628, 4.820484417963203E-01, 5.389499649006630E-01, -1.983620233763810E-02, -1.519461749783889E-02, 1.333552138960506E-02, 1.064834259899009E-03,
2535640.500000000, A.D. 2230-Apr-01 00:00:00.0000, 69.185634, 5.855763357790389E-02, -7.246089035549875E-01, -1.355962426519636E-02, 2.003319269110621E-02, 1.476988588406789E-03, -1.131464515225832E-03,
2536005.500000000, A.D. 2231-Apr-01 00:00:00.0000, 69.185639, -5.374070118902428E-01, 4.750072582554309E-01, 3.783123989771412E-02, -1.340621762019790E-02, -1.531170087365681E-02, 5.520233182756390E-04,
2536371.500000000, A.D. 2232-Apr-01 00:00:00.0000, 69.185647, 7.233788433129343E-01, 6.051690645136266E-02, -4.070788352728921E-02, -1.679518897043341E-03, 2.007366979891301E-02, 3.835822239604562E-04,
2536736.500000000, A.D. 2233-Apr-01 00:00:00.0000, 69.185645, -4.605397544334557E-01, -5.564273331628019E-01, 1.849312991221292E-02, 1.549802730445033E-02, -1.291243488220806E-02, -1.076509665905592E-03,
2537101.500000000, A.D. 2234-Apr-01 00:00:00.0000, 69.185647, -5.631130904864855E-02, 7.197359504074166E-01, 1.344551107613221E-02, -2.024641209512329E-02, -1.582701257714095E-03, 1.141931990138345E-03,
2537466.500000000, A.D. 2235-Apr-01 00:00:00.0000, 69.185643, 5.456509039635495E-01, -4.742382482121226E-01, -3.827844084151281E-02, 1.306259977423210E-02, 1.524890249505783E-02, -5.330509912549973E-04,
2537832.500000000, A.D. 2236-Apr-01 00:00:00.0000, 69.185630, -7.204910812718932E-01, -8.412049782755780E-02, 4.018310474107573E-02, 2.156889911193971E-03, -2.019414007597243E-02, -4.130257917304458E-04,
2538197.500000000, A.D. 2237-Apr-01 00:00:00.0000, 69.185619, 4.613278975651425E-01, 5.464491448741498E-01, -1.866949384592606E-02, -1.552082694839721E-02, 1.294260569557937E-02, 1.078471851769873E-03,
2538562.500000000, A.D. 2238-Apr-01 00:00:00.0000, 69.185613, 7.168283670845511E-02, -7.310502656392271E-01, -1.443671414948478E-02, 1.999861858871696E-02, 1.964439152873870E-03, -1.121921923836340E-03,
2538927.500000000, A.D. 2239-Apr-01 00:00:00.0000, 69.185613, -5.498069692495671E-01, 4.510413644968827E-01, 3.835661424147603E-02, -1.300666817279603E-02, -1.564541371847545E-02, 5.242951392090988E-04,
2539293.500000000, A.D. 2240-Apr-01 00:00:00.0000, 69.185621, 7.257829306180832E-01, 6.810732699631375E-02, -4.043248064849533E-02, -2.162916834747528E-03, 2.003119881317828E-02, 4.115433099496420E-04,
2539658.500000000, A.D. 2241-Apr-01 00:00:00.0000, 69.185622, -4.381006490948445E-01, -5.758315809769780E-01, 1.730244077233642E-02, 1.582156512209376E-02, -1.251204747023754E-02, -1.089372684952438E-03,
2540023.500000000, A.D. 2242-Apr-01 00:00:00.0000, 69.185631, -6.270143431449789E-02, 7.140322912184023E-01, 1.415974803880483E-02, -2.019683594220665E-02, -2.076503839876521E-03, 1.131735242308262E-03,
2540388.500000000, A.D. 2243-Apr-01 00:00:00.0000, 69.185641, 5.697029383403603E-01, -4.594685256827848E-01, -3.911937870745238E-02, 1.268234232317452E-02, 1.558234210859482E-02, -5.062908690602786E-04,
2540754.500000000, A.D. 2244-Apr-01 00:00:00.0000, 69.185646, -7.072652430660629E-01, -9.583691047373338E-02, 3.942824375712543E-02, 2.651756347425972E-03, -2.011732108084304E-02, -4.413423504524071E-04,
2541119.500000000, A.D. 2245-Apr-01 00:00:00.0000, 69.185651, 4.546786169451213E-01, 5.678948074947453E-01, -1.799542324648207E-02, -1.585403390020693E-02, 1.256076923259601E-02, 1.091724449733164E-03,
2541484.500000000, A.D. 2246-Apr-01 00:00:00.0000, 69.185654, 9.164562489398886E-02, -7.174291151461684E-01, -1.564380153462956E-02, 1.992762506870236E-02, 2.459740314556924E-03, -1.111055364743308E-03,
2541849.500000000, A.D. 2247-Apr-01 00:00:00.0000, 69.185646, -5.640433314030764E-01, 4.475144981997126E-01, 3.873844596468343E-02, -1.262367823846384E-02, -1.597291030746719E-02, 4.968175487667741E-04,
2542215.500000000, A.D. 2248-Apr-01 00:00:00.0000, 69.185639, 7.172000744798075E-01, 9.314729602861578E-02, -4.002121752387743E-02, -2.665061720152176E-03, 1.996249252388031E-02, 4.398811175228328E-04,
2542580.500000000, A.D. 2249-Apr-01 00:00:00.0000, 69.185624, -4.316411184654937E-01, -5.838242872036042E-01, 1.639755146408027E-02, 1.612488364455971E-02, -1.212455581135148E-02, -1.101201997731737E-03,
2542945.500000000, A.D. 2250-Apr-01 00:00:00.0000, 69.185620, -8.741998648234157E-02, 7.109294613522731E-01, 1.527291519445514E-02, -2.013539194902531E-02, -2.591169641138444E-03, 1.121065095182187E-03,
2543310.500000000, A.D. 2251-Apr-01 00:00:00.0000, 69.185624, 5.766911600665340E-01, -4.491496032166167E-01, -3.949793228692965E-02, 1.230371816959046E-02, 1.588695383165819E-02, -4.792834493861561E-04,
2543676.500000000, A.D. 2252-Apr-01 00:00:00.0000, 69.185627, -7.053839836249095E-01, -1.181665508177226E-01, 3.902633953292459E-02, 3.160752141146654E-03, -2.004101582570261E-02, -4.695541430849025E-04,
2544041.500000000, A.D. 2253-Apr-01 00:00:00.0000, 69.185632, 4.429402392981790E-01, 5.755389478868387E-01, -1.704902455787097E-02, -1.615652034713001E-02, 1.216886430138836E-02, 1.103851914541166E-03,
2544406.500000000, A.D. 2254-Apr-01 00:00:00.0000, 69.185641, 1.139092083614496E-01, -7.156601798300219E-01, -1.672983987318935E-02, 1.986293408269427E-02, 2.961112037877165E-03, -1.099920835665913E-03,
2544771.500000000, A.D. 2255-Apr-01 00:00:00.0000, 69.185644, -5.702748468193580E-01, 4.361204843457461E-01, 3.908335680192038E-02, -1.222241207541118E-02, -1.627310277367788E-02, 4.687571175029265E-04,
2545137.500000000, A.D. 2256-Apr-01 00:00:00.0000, 69.185652, 7.175290608309453E-01, 1.172141578215167E-01, -3.966059456950669E-02, -3.166888214628689E-03, 1.990044657502468E-02, 4.678708950404825E-04,
2545502.500000000, A.D. 2257-Apr-01 00:00:00.0000, 69.185651, -4.179882611202554E-01, -5.861190747829814E-01, 1.543609553075727E-02, 1.640610831312174E-02, -1.171474346830558E-02, -1.112064370553100E-03,
2545867.500000000, A.D. 2258-Apr-01 00:00:00.0000, 69.185648, -1.106873040111685E-01, 7.163808383643453E-01, 1.642940266653325E-02, -2.007917976787751E-02, -3.099827577980076E-03, 1.109978367968151E-03,
2546232.500000000, A.D. 2259-Apr-01 00:00:00.0000, 69.185644, 5.780994119077851E-01, -4.297047846407936E-01, -3.965964805270190E-02, 1.189948216031787E-02, 1.617607202014349E-02, -4.515333758638282E-04,
2546598.500000000, A.D. 2260-Apr-01 00:00:00.0000, 69.185629, -7.138364049663184E-01, -1.354133834462397E-01, 3.891573004277352E-02, 3.656673411435595E-03, -1.996696977628542E-02, -4.972668180388164E-04,
2546963.500000000, A.D. 2261-Apr-01 00:00:00.0000, 69.185616, 4.173267550116067E-01, 5.815660416026694E-01, -1.570443456531566E-02, -1.645244209042000E-02, 1.175002947599599E-02, 1.115430384275777E-03,
2547328.500000000, A.D. 2262-Apr-01 00:00:00.0000, 69.185614, 1.232067574663762E-01, -7.218086758772755E-01, -1.742310272121187E-02, 1.979309026562559E-02, 3.442223917496879E-03, -1.088264516368143E-03,
2547693.500000000, A.D. 2263-Apr-01 00:00:00.0000, 69.185612, -5.849049325734842E-01, 4.098605766275391E-01, 3.969378264629733E-02, -1.179852206400879E-02, -1.657749737779247E-02, 4.400974297292939E-04,
2548059.500000000, A.D. 2264-Apr-01 00:00:00.0000, 69.185619, 7.155970370637438E-01, 1.227969825149937E-01, -3.914315997145032E-02, -3.645145863044079E-03, 1.982026254398379E-02, 4.950358631904784E-04,
2548424.500000000, A.D. 2265-Apr-01 00:00:00.0000, 69.185622, -3.975351289702132E-01, -6.066475207546544E-01, 1.438145003005632E-02, 1.670012886879586E-02, -1.129359597297953E-02, -1.122827356082339E-03,
2548789.500000000, A.D. 2266-Apr-01 00:00:00.0000, 69.185627, -1.194915223001346E-01, 7.067188322422917E-01, 1.727877440856639E-02, -1.999095184037918E-02, -3.590475026465451E-03, 1.097587338548916E-03,
2549154.500000000, A.D. 2267-Apr-01 00:00:00.0000, 69.185637, 5.987721719782526E-01, -4.172390120856971E-01, -4.027080682318836E-02, 1.149728194271191E-02, 1.647915018640164E-02, -4.239003069294928E-04,
2549520.500000000, A.D. 2268-Apr-01 00:00:00.0000, 69.185641, -7.012544116379170E-01, -1.506851384082042E-01, 3.822547820689775E-02, 4.146423475056553E-03, -1.985454780502335E-02, -5.246892078659142E-04,
2549885.500000000, A.D. 2269-Apr-01 00:00:00.0000, 69.185643, 4.085150268089136E-01, 5.974415297638553E-01, -1.488409786094094E-02, -1.675374379802710E-02, 1.134292211991548E-02, 1.126481264416143E-03,
2550250.500000000, A.D. 2270-Apr-01 00:00:00.0000, 69.185647, 1.426433041053377E-01, -7.120180395327936E-01, -1.852334011089416E-02, 1.968910839882842E-02, 3.930379754360301E-03, -1.075451331370849E-03,
2550615.500000000, A.D. 2271-Apr-01 00:00:00.0000, 69.185636, -5.970183248858703E-01, 4.000405518424513E-01, 4.002421977927903E-02, -1.138824769525825E-02, -1.687445046564377E-02, 4.115580886664777E-04,
2550981.500000000, A.D. 2272-Apr-01 00:00:00.0000, 69.185628, 7.082994209309500E-01, 1.423591092923722E-01, -3.868986779070894E-02, -4.138003045929026E-03, 1.971621688198826E-02, 5.223607261252752E-04,
2551346.500000000, A.D. 2273-Apr-01 00:00:00.0000, 69.185617, -3.862361458065123E-01, -6.180627797566360E-01, 1.335627828832779E-02, 1.697643235648612E-02, -1.088207723149693E-02, -1.132669057049476E-03,
2551711.500000000, A.D. 2274-Apr-01 00:00:00.0000, 69.185612, -1.388040381256194E-01, 6.989946497365274E-01, 1.821758992105533E-02, -1.988907388558063E-02, -4.095980212957850E-03, 1.084613999520758E-03,
2552076.500000000, A.D. 2275-Apr-01 00:00:00.0000, 69.185619, 6.105764494017786E-01, -4.078918744907383E-01, -4.075593271278422E-02, 1.109799229644180E-02, 1.675883776011626E-02, -3.961189847050323E-04,
2552442.500000000, A.D. 2276-Apr-01 00:00:00.0000, 69.185623, -6.920042160956312E-01, -1.729101150058982E-01, 3.754157133740888E-02, 4.647899695751519E-03, -1.973650287726247E-02, -5.519654533158554E-04,
2552807.500000000, A.D. 2277-Apr-01 00:00:00.0000, 69.185628, 4.016931830501606E-01, 6.054034029796556E-01, -1.412273563623639E-02, -1.702775138939705E-02, 1.093225168873146E-02, 1.136492392701215E-03,
2553172.500000000, A.D. 2278-Apr-01 00:00:00.0000, 69.185640, 1.696415963646653E-01, -7.062267366369921E-01, -1.978816646826743E-02, 1.958576684655719E-02, 4.428447984884498E-03, -1.062248348521031E-03,
2553537.500000000, A.D. 2279-Apr-01 00:00:00.0000, 69.185645, -5.982673383867260E-01, 3.915029707441733E-01, 4.009888726763716E-02, -1.096782803755220E-02, -1.714128378374540E-02, 3.827097901970954E-04,
2553903.500000000, A.D. 2280-Apr-01 00:00:00.0000, 69.185652, 7.099850837361366E-01, 1.703102384379992E-01, -3.842115145866840E-02, -4.637027103326949E-03, 1.961833097744900E-02, 5.495240607619932E-04,
2554268.500000000, A.D. 2281-Apr-01 00:00:00.0000, 69.185654, -3.702762727805122E-01, -6.151095322499872E-01, 1.223194237804895E-02, 1.722365188039279E-02, -1.045256941712660E-02, -1.141290506389400E-03,
2554633.500000000, A.D. 2282-Apr-01 00:00:00.0000, 69.185648, -1.610765809475113E-01, 7.069662127079412E-01, 1.923316105902876E-02, -1.979670572334736E-02, -4.599074873853960E-03, 1.071453307678822E-03,
2554998.500000000, A.D. 2283-Apr-01 00:00:00.0000, 69.185642, 6.111885812015014E-01, -3.841625557585776E-01, -4.092537767745220E-02, 1.067185954816811E-02, 1.701724543321681E-02, -3.675121312562612E-04,
2555364.500000000, A.D. 2284-Apr-01 00:00:00.0000, 69.185629, -6.990978730417801E-01, -1.865214492703185E-01, 3.729568884404359E-02, 5.134637518696045E-03, -1.962557646838786E-02, -5.785557139270675E-04,
2555729.500000000, A.D. 2285-Apr-01 00:00:00.0000, 69.185616, 3.751658006032751E-01, 6.136778628489487E-01, -1.279143347836086E-02, -1.729338445997991E-02, 1.049205788871990E-02, 1.145968968457131E-03,
2556094.500000000, A.D. 2286-Apr-01 00:00:00.0000, 69.185619, 1.781768649580998E-01, -7.075481019566352E-01, -2.046180593248221E-02, 1.947902165833528E-02, 4.902339921167575E-03, -1.048508045805982E-03,
2556459.500000000, A.D. 2287-Apr-01 00:00:00.0000, 69.185618, -6.127889256689314E-01, 3.682127792361617E-01, 4.064431223283493E-02, -1.052459457253409E-02, -1.741308234351956E-02, 3.533686846579124E-04,
2556825.500000000, A.D. 2288-Apr-01 00:00:00.0000, 69.185623, 7.049839162615461E-01, 1.794252507026232E-01, -3.778084665127667E-02, -5.110459220302174E-03, 1.950179562115589E-02, 5.758272082038738E-04,
2557190.500000000, A.D. 2289-Apr-01 00:00:00.0000, 69.185628, -3.517853361731099E-01, -6.308231779686890E-01, 1.124115315423973E-02, 1.748336235614182E-02, -1.001281627884893E-02, -1.149773184942399E-03,
2557555.500000000, A.D. 2290-Apr-01 00:00:00.0000, 69.185631, -1.732770666632994E-01, 6.992193138901570E-01, 2.017781056736310E-02, -1.967361799070153E-02, -5.083808618639062E-03, 1.057062641395852E-03,
2557920.500000000, A.D. 2291-Apr-01 00:00:00.0000, 69.185638, 6.261199519696042E-01, -3.685450936486509E-01, -4.128706375741329E-02, 1.024702738340027E-02, 1.728694208347276E-02, -3.390319350994068E-04,
2558286.500000000, A.D. 2292-Apr-01 00:00:00.0000, 69.185643, -6.905772111281041E-01, -2.002884654551381E-01, 3.674093824575638E-02, 5.613256054777313E-03, -1.948039552224149E-02, -6.047708305838065E-04,
2558651.500000000, A.D. 2293-Apr-01 00:00:00.0000, 69.185640, 3.599739915240561E-01, 6.280408884865860E-01, -1.171300858977389E-02, -1.756302526279281E-02, 1.005962397457931E-02, 1.154871060076175E-03,
2559016.500000000, A.D. 2294-Apr-01 00:00:00.0000, 69.185641, 1.919756483522880E-01, -6.984808448072296E-01, -2.128724859310300E-02, 1.934103848732078E-02, 5.377722980436978E-03, -1.033711459617178E-03,
2559381.500000000, A.D. 2295-Apr-01 00:00:00.0000, 69.185630, -6.282006594049144E-01, 3.542211318635744E-01, 4.112213370968441E-02, -1.009071543745758E-02, -1.768080349223308E-02, 3.240447779505296E-04,
2559747.500000000, A.D. 2296-Apr-01 00:00:00.0000, 69.185617, 6.932724587264136E-01, 1.942453582571927E-01, -3.705883034641268E-02, -5.591401180436171E-03, 1.935947812951002E-02, 6.020411081986902E-04,
2560112.500000000, A.D. 2297-Apr-01 00:00:00.0000, 69.185610, -3.414227394420544E-01, -6.459745362333349E-01, 1.034930412855289E-02, 1.773169554071056E-02, -9.583170867918047E-03, -1.157555806015399E-03,
2560477.500000000, A.D. 2298-Apr-01 00:00:00.0000, 69.185607, -1.924532590349190E-01, 6.853513153194307E-01, 2.118794587510227E-02, -1.953063409475208E-02, -5.580034259394248E-03, 1.041873212641454E-03,
2560842.500000000, A.D. 2299-Apr-01 00:00:00.0000, 69.185612, 6.378722181913999E-01, -3.628473341586219E-01, -4.163299349114478E-02, 9.831125864374632E-03, 1.753742933019382E-02, -3.106840404389213E-04,
2561207.500000000, A.D. 2300-Apr-01 00:00:00.0000, 69.185616, -6.838398231021622E-01, -2.063663141313052E-01, 3.661783646900917E-02, 5.564059130281749E-03, -1.949101504814140E-02, -6.022535846396713E-04,
2561572.500000000, A.D. 2301-Apr-01 00:00:00.0000, 69.185620, 3.727370777238562E-01, 6.222569443562027E-01, -1.210958686927379E-02, -1.752427937890088E-02, 1.012554880511468E-02, 1.153680138378986E-03,
2561937.500000000, A.D. 2302-Apr-01 00:00:00.0000, 69.185632, 2.022684720103624E-01, -6.988215000282895E-01, -2.154413471103544E-02, 1.935888581426306E-02, 5.332589344915355E-03, -1.035388007973528E-03,
2562302.500000000, A.D. 2303-Apr-01 00:00:00.0000, 69.185639, -6.154953588454157E-01, 3.617024348670432E-01, 4.072233946383783E-02, -1.015081407027574E-02, -1.763541515847702E-02, 3.272218479026597E-04,
2562668.500000000, A.D. 2304-Apr-01 00:00:00.0000, 69.185643, 7.022255373804374E-01, 2.020477840619853E-01, -3.743556540944872E-02, -5.543481406075303E-03, 1.938607405221718E-02, 5.994459101272820E-04,
2563033.500000000, A.D. 2305-Apr-01 00:00:00.0000, 69.185646, -3.399819757039340E-01, -6.326565778075309E-01, 1.024328736367221E-02, 1.768751968611866E-02, -9.634699916919167E-03, -1.156397565131491E-03,
2563398.500000000, A.D. 2306-Apr-01 00:00:00.0000, 69.185641, -1.922299046192296E-01, 6.978802666754060E-01, 2.099414771767957E-02, -1.956131401410576E-02, -5.524261368215008E-03, 1.043792820154805E-03,
2563763.500000000, A.D. 2307-Apr-01 00:00:00.0000, 69.185630, 6.306263751680627E-01, -3.556259619300752E-01, -4.157901985313593E-02, 9.875228719789325E-03, 1.749707432003413E-02, -3.134262553362268E-04,
2564129.500000000, A.D. 2308-Apr-01 00:00:00.0000, 69.185622, -6.869733648058104E-01, -2.186926088746100E-01, 3.616306827431391E-02, 6.044786105632595E-03, -1.935513971047607E-02, -6.281392583217694E-04,
2564494.500000000, A.D. 2309-Apr-01 00:00:00.0000, 69.185611, 3.489913761450231E-01, 6.317295804784933E-01, -1.093331957763143E-02, -1.777010080642857E-02, 9.675450965641917E-03, 1.161771569360641E-03,
2564859.500000000, A.D. 2310-Apr-01 00:00:00.0000, 69.185614, 2.135681387826758E-01, -6.964232839475109E-01, -2.235831792134977E-02, 1.922886998652364E-02, 5.803287203126737E-03, -1.020389958976549E-03,
2565224.500000000, A.D. 2311-Apr-01 00:00:00.0000, 69.185619, -6.269096229297230E-01, 3.418748940907260E-01, 4.106781362676726E-02, -9.697387096558052E-03, -1.788398643207026E-02, 2.975179917382672E-04,
2565590.500000000, A.D. 2312-Apr-01 00:00:00.0000, 69.185623, 6.978534831434648E-01, 2.156800139599697E-01, -3.687281863160780E-02, -6.014399501512744E-03, 1.924908677172420E-02, 6.251718237076077E-04,
2565955.500000000, A.D. 2313-Apr-01 00:00:00.0000, 69.185630, -3.208693007640779E-01, -6.423528659609624E-01, 9.154157698787514E-03, 1.792311403940216E-02, -9.182976146816166E-03, -1.163385317992204E-03,
2566320.500000000, A.D. 2314-Apr-01 00:00:00.0000, 69.185635, -2.054073853302372E-01, 6.947809045977693E-01, 2.187276797944891E-02, -1.941902900799757E-02, -6.002961295631717E-03, 1.028247762063966E-03,
2566685.500000000, A.D. 2315-Apr-01 00:00:00.0000, 69.185639, 6.421690111681262E-01, -3.344019850923666E-01, -4.188149979541694E-02, 9.434965319409875E-03, 1.774555917122749E-02, -2.844313493775758E-04,
2567051.500000000, A.D. 2316-Apr-01 00:00:00.0000, 69.185646, -6.816715811156351E-01, -2.277851572720200E-01, 3.562472294654138E-02, 6.512765843109038E-03, -1.919009442211823E-02, -6.534279893316276E-04,
2567416.500000000, A.D. 2317-Apr-01 00:00:00.0000, 69.185641, 3.283623317293716E-01, 6.486169530043222E-01, -9.734626742310190E-03, -1.802137038011012E-02, 9.227444786115764E-03, 1.169373618962153E-03,
2567781.500000000, A.D. 2318-Apr-01 00:00:00.0000, 69.185638, 2.216052678417831E-01, -6.846681436869865E-01, -2.301593835023787E-02, 1.906831324024445E-02, 6.268327774086330E-03, -1.004294947894942E-03,
2568146.500000000, A.D. 2319-Apr-01 00:00:00.0000, 69.185627, -6.471345106521628E-01, 3.280668773362624E-01, 4.166137220561056E-02, -9.251725905737069E-03, -1.813370308969259E-02, 2.678869151580245E-04,
2568512.500000000, A.D. 2320-Apr-01 00:00:00.0000, 69.185612, 6.800896728421271E-01, 2.297639145149990E-01, -3.592581451465933E-02, -6.487668146258285E-03, 1.908190127112599E-02, 6.506839510809590E-04,
2568877.500000000, A.D. 2321-Apr-01 00:00:00.0000, 69.185605, -3.149528163554997E-01, -6.580327241699390E-01, 8.440942619035966E-03, 1.815186196273282E-02, -8.745057903852322E-03, -1.169747111922230E-03,
2569242.500000000, A.D. 2322-Apr-01 00:00:00.0000, 69.185605, -2.287142325084992E-01, 6.782467985546473E-01, 2.304964797269144E-02, -1.925190744719850E-02, -6.493594698897982E-03, 1.011789201010409E-03,
2569607.500000000, A.D. 2323-Apr-01 00:00:00.0000, 69.185606, 6.491897768729773E-01, -3.306250322770229E-01, -4.198223732240122E-02, 9.009012605852408E-03, 1.797480470684186E-02, -2.557206513932226E-04,
2569973.500000000, A.D. 2324-Apr-01 00:00:00.0000, 69.185614, -6.719751617931008E-01, -2.557341530493171E-01, 3.503506373763762E-02, 6.999116110213903E-03, -1.901217273502571E-02, -6.788767546244609E-04,
2570338.500000000, A.D. 2325-Apr-01 00:00:00.0000, 69.185617, 3.196983097040882E-01, 6.487874162634504E-01, -8.774226418398395E-03, -1.824061309315070E-02, 8.786557432083942E-03, 1.175653125746383E-03,
2570703.500000000, A.D. 2326-Apr-01 00:00:00.0000, 69.185626, 2.478553412332272E-01, -6.822933141700890E-01, -2.409714340090923E-02, 1.890903128771779E-02, 6.750782476778484E-03, -9.880740581883413E-04,
2571068.500000000, A.D. 2327-Apr-01 00:00:00.0000, 69.185634, -6.462662878595847E-01, 3.131062463083448E-01, 4.167879423367864E-02, -8.799809657592783E-03, -1.834613141640798E-02, 2.379453022860774E-04,
2571434.500000000, A.D. 2328-Apr-01 00:00:00.0000, 69.185636, 6.803374920462996E-01, 2.516409274478925E-01, -3.551449762330755E-02, -6.969440039743473E-03, 1.892494453077863E-02, 6.758792957773131E-04,
2571799.500000000, A.D. 2329-Apr-01 00:00:00.0000, 69.185638, -2.964973679515812E-01, -6.590020000782870E-01, 7.256934568139998E-03, 1.834858060321286E-02, -8.288377846783070E-03, -1.174916719912865E-03,
2572164.500000000, A.D. 2330-Apr-01 00:00:00.0000, 69.185633, -2.475929778266322E-01, 6.780907583888626E-01, 2.390681439059852E-02, -1.909496534240950E-02, -6.980143820764683E-03, 9.950967287604561E-04,
2572529.500000000, A.D. 2331-Apr-01 00:00:00.0000, 69.185620, 6.524747231585396E-01, -3.114441653333493E-01, -4.218930552853659E-02, 8.558271728166568E-03, 1.818361902991780E-02, -2.263343745559486E-04,
2572895.500000000, A.D. 2332-Apr-01 00:00:00.0000, 69.185613, -6.706935118527657E-01, -2.730793517127102E-01, 3.443955008587699E-02, 7.470743433112214E-03, -1.883834940525460E-02, -7.036061961876327E-04,
2573260.500000000, A.D. 2333-Apr-01 00:00:00.0000, 69.185606, 2.997189776828423E-01, 6.526827905575839E-01, -7.705192027840127E-03, -1.845020396348847E-02, 8.322173561267635E-03, 1.181354880698199E-03,
2573625.500000000, A.D. 2334-Apr-01 00:00:00.0000, 69.185610, 2.639256518076897E-01, -6.815914802814829E-01, -2.503523044225920E-02, 1.874577302938963E-02, 7.214032283469401E-03, -9.712785759062720E-04,
2573990.500000000, A.D. 2335-Apr-01 00:00:00.0000, 69.185617, -6.509913291983580E-01, 2.912591697813859E-01, 4.174771143190629E-02, -8.328862115562470E-03, -1.855615493343803E-02, 2.076644245190878E-04,
2574356.500000000, A.D. 2336-Apr-01 00:00:00.0000, 69.185622, 6.799909143407472E-01, 2.649734832773293E-01, -3.509115850198187E-02, -7.430338430771758E-03, 1.875654048766071E-02, 7.004000868672470E-04,
2574721.500000000, A.D. 2337-Apr-01 00:00:00.0000, 69.185628, -2.721523869614753E-01, -6.660521393209861E-01, 5.945836644164118E-03, 1.854828824173377E-02, -7.817810651499581E-03, -1.179657704681342E-03,
2575086.500000000, A.D. 2338-Apr-01 00:00:00.0000, 69.185637, -2.566810241603490E-01, 6.761248044806929E-01, 2.455118448163059E-02, -1.891926542879217E-02, -7.444989696372542E-03, 9.776390931797497E-04,
2575451.500000000, A.D. 2339-Apr-01 00:00:00.0000, 69.185640, 6.653415781710212E-01, -2.866603375546934E-01, -4.257682239659132E-02, 8.097945968656451E-03, 1.840038356522745E-02, -1.967617365733639E-04,
2575817.500000000, A.D. 2340-Apr-01 00:00:00.0000, 69.185645, -6.627471205224835E-01, -2.787033877575375E-01, 3.370043513040945E-02, 7.922548160011859E-03, -1.863824114163237E-02, -7.274768812030920E-04,
2576182.500000000, A.D. 2341-Apr-01 00:00:00.0000, 69.185643, 2.790092659316065E-01, 6.710686566131399E-01, -6.592114101772490E-03, -1.866965439756544E-02, 7.855772225965030E-03, 1.186780512132552E-03,
2576547.500000000, A.D. 2342-Apr-01 00:00:00.0000, 69.185635, 2.715376605772685E-01, -6.663058974482488E-01, -2.572521037463441E-02, 1.854985041927122E-02, 7.665422716404095E-03, -9.532738210414324E-04,
2576912.500000000, A.D. 2343-Apr-01 00:00:00.0000, 69.185625, -6.701855696569466E-01, 2.788184592084070E-01, 4.220377736749806E-02, -7.867097815886492E-03, -1.877166266041333E-02, 1.776470585225425E-04,
2577278.500000000, A.D. 2344-Apr-01 00:00:00.0000, 69.185613, 6.606765968988856E-01, 2.804412812522749E-01, -3.411371870321377E-02, -7.891822870690679E-03, 1.855423727566480E-02, 7.247119735914263E-04,
2577643.500000000, A.D. 2345-Apr-01 00:00:00.0000, 69.185607, -2.661631510704034E-01, -6.786086787876837E-01, 5.204389472334525E-03, 1.874229572946723E-02, -7.364753443549700E-03, -1.183708424356414E-03,
2578008.500000000, A.D. 2346-Apr-01 00:00:00.0000, 69.185610, -2.803584629984633E-01, 6.603579579808023E-01, 2.569331699271857E-02, -1.871709676326021E-02, -7.922518893892467E-03, 9.592981633621983E-04,
2578373.500000000, A.D. 2347-Apr-01 00:00:00.0000, 69.185611, 6.697901861002251E-01, -2.801876191452832E-01, -4.255463318545737E-02, 7.654290120066055E-03, 1.859675528443219E-02, -1.675060658243030E-04,
2578739.500000000, A.D. 2348-Apr-01 00:00:00.0000, 69.185618, -6.539115803855932E-01, -3.041053446544565E-01, 3.312371916993739E-02, 8.392059129298473E-03, -1.842607486564245E-02, -7.514313765318602E-04,
2579104.500000000, A.D. 2349-Apr-01 00:00:00.0000, 69.185623, 2.668424708342865E-01, 6.716941236228203E-01, -5.499383475725650E-03, -1.885699916544665E-02, 7.397313879396801E-03, 1.190896788396826E-03,
2579469.500000000, A.D. 2350-Apr-01 00:00:00.0000, 69.185628, 2.935281368759405E-01, -6.617197315994121E-01, -2.660355728280940E-02, 1.835447742644588E-02, 8.132005734942094E-03, -9.351472804241576E-04,
2579834.500000000, A.D. 2351-Apr-01 00:00:00.0000, 69.185634, -6.725260432677683E-01, 2.631752038240026E-01, 4.232863453379315E-02, -7.401222210504306E-03, -1.895240458868260E-02, 1.474091293353769E-04,
2580200.500000000, A.D. 2352-Apr-01 00:00:00.0000, 69.185635, 6.549546190480895E-01, 3.002452061190853E-01, -3.342382989156931E-02, -8.360503849167176E-03, 1.835817196561673E-02, 7.486464774512829E-04,
2580565.500000000, A.D. 2353-Apr-01 00:00:00.0000, 69.185631, -2.516424304024468E-01, -6.815164436809195E-01, 4.227604405830890E-03, 1.890625206426035E-02, -6.898904157725792E-03, -1.186646017022805E-03,
2580930.500000000, A.D. 2354-Apr-01 00:00:00.0000, 69.185625, -3.022708507364852E-01, 6.543167991321353E-01, 2.670809834374299E-02, -1.852117264479496E-02, -8.398237070512063E-03, 9.406449626251760E-04,
2581295.500000000, A.D. 2355-Apr-01 00:00:00.0000, 69.185609, 6.696930146893330E-01, -2.661431071220194E-01, -4.250581514226637E-02, 7.192899703837194E-03, 1.876985642064772E-02, -1.378519668955887E-04,
2581661.500000000, A.D. 2356-Apr-01 00:00:00.0000, 69.185601, -6.519551968668553E-01, -3.270625723892534E-01, 3.259767991463641E-02, 8.852525711776667E-03, -1.821840270427344E-02, -7.748404586541248E-04,
2582026.500000000, A.D. 2357-Apr-01 00:00:00.0000, 69.185598, 2.473823478780368E-01, 6.682542651774764E-01, -4.334591827081159E-03, -1.902759651110829E-02, 6.918493238276303E-03, 1.194163820743071E-03,
2582391.500000000, A.D. 2358-Apr-01 00:00:00.0000, 69.185601, 3.115437783016078E-01, -6.653739342474271E-01, -2.746040367255428E-02, 1.816105168519450E-02, 8.582999729539997E-03, -9.167104252694502E-04,
2582756.500000000, A.D. 2359-Apr-01 00:00:00.0000, 69.185609, -6.724350824684118E-01, 2.360722981936586E-01, 4.229813535386010E-02, -6.913423383453224E-03, -1.912424686607824E-02, 1.166936784696499E-04,
2583122.500000000, A.D. 2360-Apr-01 00:00:00.0000, 69.185616, 6.576963397467828E-01, 3.093367194737150E-01, -3.299671441466864E-02, -8.805772049927264E-03, 1.815826089092813E-02, 7.716954547663707E-04,
2583487.500000000, A.D. 2361-Apr-01 00:00:00.0000, 69.185621, -2.221199885008762E-01, -6.899700831397515E-01, 2.809851283400297E-03, 1.907189936809918E-02, -6.412628032030875E-03, -1.189224575683728E-03,
2583852.500000000, A.D. 2362-Apr-01 00:00:00.0000, 69.185632, -3.060756451556176E-01, 6.494132601185678E-01, 2.717713656181048E-02, -1.831025743491137E-02, -8.845897880940073E-03, 9.212516643618314E-04,
2584217.500000000, A.D. 2363-Apr-01 00:00:00.0000, 69.185636, 6.859435530950676E-01, -2.417925829503218E-01, -4.295718395937322E-02, 6.717796612591916E-03, 1.895449154621598E-02, -1.079953848398310E-04,
2584583.500000000, A.D. 2364-Apr-01 00:00:00.0000, 69.185639, -6.383496152374195E-01, -3.325618762083070E-01, 3.163523722228749E-02, 9.287649382589521E-03, -1.798317168212508E-02, -7.972619292072064E-04,
2584948.500000000, A.D. 2365-Apr-01 00:00:00.0000, 69.185638, 2.305771810929280E-01, 6.852908340582020E-01, -3.383275879376711E-03, -1.921169813200371E-02, 6.438683952074084E-03, 1.197249074776936E-03,
2585313.500000000, A.D. 2366-Apr-01 00:00:00.0000, 69.185630, 3.231597441415015E-01, -6.485773258556655E-01, -2.828588623096981E-02, 1.793222778663211E-02, 9.020589141151102E-03, -8.969862014325356E-04,
2585678.500000000, A.D. 2367-Apr-01 00:00:00.0000, 69.185618, -6.856087299281395E-01, 2.240316387928712E-01, 4.247580948394383E-02, -6.437325430740988E-03, -1.930186742604274E-02, 8.638082240948499E-05,
2586044.500000000, A.D. 2368-Apr-01 00:00:00.0000, 69.185611, 6.420413045708822E-01, 3.260115804222166E-01, -3.215816523766457E-02, -9.252634252524284E-03, 1.792437452231506E-02, 7.946166766393742E-04,
2586409.500000000, A.D. 2369-Apr-01 00:00:00.0000, 69.185605, -2.109447806102289E-01, -6.984922808826337E-01, 1.861069370211885E-03, 1.923013029131239E-02, -5.944273904559336E-03, -1.190998225808091E-03,
2586774.500000000, A.D. 2370-Apr-01 00:00:00.0000, 69.185611, -3.249755862903284E-01, 6.362537152495331E-01, 2.808239999371023E-02, -1.807485455503148E-02, -9.305156340640155E-03, 9.011221626366634E-04,
2587139.500000000, A.D. 2371-Apr-01 00:00:00.0000, 69.185615, 6.925331317591032E-01, -2.300421339189521E-01, -4.301459993969349E-02, 6.257886971712505E-03, 1.911910988041169E-02, -7.837692493410294E-05,
2587505.500000000, A.D. 2372-Apr-01 00:00:00.0000, 69.185619, -6.260879852768322E-01, -3.518582406279566E-01, 3.087207549608201E-02, 9.736729064713812E-03, -1.773572355366091E-02, -8.195916869163593E-04,
2587870.500000000, A.D. 2373-Apr-01 00:00:00.0000, 69.185626, 2.187689422728791E-01, 6.905369108828000E-01, -2.361838663353066E-03, -1.936781320174659E-02, 5.966841370448059E-03, 1.199206488483851E-03,
2588235.500000000, A.D. 2374-Apr-01 00:00:00.0000, 69.185632, 3.439363620004766E-01, -6.369693274110646E-01, -2.914221274840102E-02, 1.769968046581475E-02, 9.470766862740933E-03, -8.770057009578371E-04,
2588600.500000000, A.D. 2375-Apr-01 00:00:00.0000, 69.185636, -6.887542977208641E-01, 2.131783200664581E-01, 4.254010946965687E-02, -5.962013851015506E-03, -1.944864760007019E-02, 5.607086990871153E-05,
2588966.500000000, A.D. 2376-Apr-01 00:00:00.0000, 69.185639, 6.318948797120729E-01, 3.494996751885436E-01, -3.133473598910808E-02, -9.708411402462569E-03, 1.769118393408867E-02, 8.172336085716408E-04,
2589331.500000000, A.D. 2377-Apr-01 00:00:00.0000, 69.185632, -1.998839245351691E-01, -6.971547343248354E-01, 9.875792078610803E-04, 1.935769542945277E-02, -5.470695654755611E-03, -1.191578258694564E-03,
2589696.500000000, A.D. 2378-Apr-01 00:00:00.0000, 69.185623, -3.503600179053264E-01, 6.306817181850577E-01, 2.918111750548297E-02, -1.784392615602044E-02, -9.767755999604444E-03, 8.807130906914279E-04,
2590061.500000000, A.D. 2379-Apr-01 00:00:00.0000, 69.185609, 6.873670404955905E-01, -2.149290988232534E-01, -4.273235475108249E-02, 5.784734779757186E-03, 1.925530102238211E-02, -4.845562371283958E-05,
2590427.500000000, A.D. 2380-Apr-01 00:00:00.0000, 69.185598, -6.263417908827309E-01, -3.743645468897661E-01, 3.044658410646338E-02, 1.018054449351695E-02, -1.749660374782285E-02, -8.414214124826079E-04,
2590792.500000000, A.D. 2381-Apr-01 00:00:00.0000, 69.185598, 1.959244595156091E-01, 6.851147935119820E-01, -1.025556453592478E-03, -1.950139646750350E-02, 5.474078071242314E-03, 1.200160716492248E-03,
2591157.500000000, A.D. 2382-Apr-01 00:00:00.0000, 69.185601, 3.588021156157151E-01, -6.405232638387961E-01, -2.978082170770463E-02, 1.747479474052002E-02, 9.904183369436343E-03, -8.568985415748754E-04,
2591522.500000000, A.D. 2383-Apr-01 00:00:00.0000, 69.185605, -6.895937170177660E-01, 1.842828384167491E-01, 4.258854624064773E-02, -5.461859079258819E-03, -1.958464461300299E-02, 2.520651718396241E-05,
2591888.500000000, A.D. 2384-Apr-01 00:00:00.0000, 69.185613, 6.315051361860295E-01, 3.563118005283762E-01, -3.069298378903040E-02, -1.013647686612460E-02, 1.745706580433395E-02, 8.387780775231535E-04,
2592253.500000000, A.D. 2385-Apr-01 00:00:00.0000, 69.185617, -1.716778305173335E-01, -7.063199929157209E-01, -2.914032397209043E-04, 1.948862612200139E-02, -4.975228716123056E-03, -1.191957627875337E-03,
2592618.500000000, A.D. 2386-Apr-01 00:00:00.0000, 69.185625, -3.549676591631374E-01, 6.221651375515453E-01, 2.971901710971329E-02, -1.759788442923188E-02, -1.019907767230660E-02, 8.595144491757805E-04,
2592983.500000000, A.D. 2387-Apr-01 00:00:00.0000, 69.185630, 7.013426762500771E-01, -1.930915163599346E-01, -4.300291384496897E-02, 5.299402112434603E-03, 1.940356531826380E-02, -1.852596728688715E-05,
2593349.500000000, A.D. 2388-Apr-01 00:00:00.0000, 69.185629, -6.118952010137039E-01, -3.826881192759182E-01, 2.949062733433222E-02, 1.059900230944475E-02, -1.723028451503807E-02, -8.623225372717138E-04,
2593714.500000000, A.D. 2389-Apr-01 00:00:00.0000, 69.185628, 1.794266279446570E-01, 6.969687542104950E-01, -4.940850582204899E-05, -1.964590890334654E-02, 4.982060841761764E-03, 1.200781191571263E-03,
2594079.500000000, A.D. 2390-Apr-01 00:00:00.0000, 69.185620, 3.717956246535867E-01, -6.264688206757634E-01, -3.058332687599186E-02, 1.721764697812571E-02, 1.032493267696611E-02, -8.356936012840420E-04,
2594444.500000000, A.D. 2391-Apr-01 00:00:00.0000, 69.185607, -6.981111042191683E-01, 1.684523396320385E-01, 4.259536377819671E-02, -4.971587550064395E-03, -1.972329862853725E-02, -5.323459576039580E-06,
2594810.500000000, A.D. 2392-Apr-01 00:00:00.0000, 69.185604, 6.191804229473465E-01, 3.699598275185273E-01, -2.993452066850574E-02, -1.056324707420508E-02, 1.719351643812737E-02, 8.600226976352100E-04,
2595175.500000000, A.D. 2393-Apr-01 00:00:00.0000, 69.185603, -1.549213714133102E-01, -7.145677375040288E-01, -1.422470057045853E-03, 1.961247594112043E-02, -4.493534865121495E-03, -1.191554705682056E-03,
2595540.500000000, A.D. 2394-Apr-01 00:00:00.0000, 69.185608, -3.677350456047442E-01, 6.083460317885546E-01, 3.035858229396902E-02, -1.732884770689479E-02, -1.063548373767375E-02, 8.376067597759396E-04,
2595905.500000000, A.D. 2395-Apr-01 00:00:00.0000, 69.185616, 7.118801198623357E-01, -1.789167377601953E-01, -4.319999447127833E-02, 4.827309700537370E-03, 1.953706752858166E-02, 1.119673757891139E-05,
2596271.500000000, A.D. 2396-Apr-01 00:00:00.0000, 69.185620, -5.939670823527635E-01, -3.979029744020265E-01, 2.845182226879826E-02, 1.102612290944293E-02, -1.694733585162729E-02, -8.829906939531251E-04,
2596636.500000000, A.D. 2397-Apr-01 00:00:00.0000, 69.185628, 1.706709888023115E-01, 7.053412705486500E-01, 7.737315862122648E-04, -1.976899815834651E-02, 4.501486962391902E-03, 1.200491703131657E-03,
2597001.500000000, A.D. 2398-Apr-01 00:00:00.0000, 69.185636, 3.940509937664086E-01, -6.086899826721440E-01, -3.155636942045485E-02, 1.694953687458355E-02, 1.075798284705591E-02, -8.140238486400485E-04,
2597366.500000000, A.D. 2399-Apr-01 00:00:00.0000, 69.185637, -6.991438185654009E-01, 1.623335621900212E-01, 4.243816225073435E-02, -4.489654602309436E-03, -1.983347867637609E-02, -3.555735966063279E-05,
2597732.500000000, A.D. 2400-Apr-01 00:00:00.0000, 69.185641, 6.075799013885336E-01, 3.975495741565515E-01, -2.915673275010632E-02, -1.100346386226820E-02, 1.692639309555598E-02, 8.811559032524112E-04,
2598097.500000000, A.D. 2401-Apr-01 00:00:00.0000, 69.185633, -1.445552901071661E-01, -7.077140681333048E-01, -2.369706420641727E-03, 1.970263444610581E-02, -4.012731977672895E-03, -1.189802481169354E-03,
2598462.500000000, A.D. 2402-Apr-01 00:00:00.0000, 69.185621, -3.938678440770212E-01, 6.053035987511924E-01, 3.135068648979867E-02, -1.706521510953945E-02, -1.108036351036257E-02, 8.155792132667259E-04,
2598827.500000000, A.D. 2403-Apr-01 00:00:00.0000, 69.185610, 7.038207707557801E-01, -1.600534807781774E-01, -4.286412762353418E-02, 4.343460348408055E-03, 1.963736078848015E-02, 4.123190477060863E-05,
2599193.500000000, A.D. 2404-Apr-01 00:00:00.0000, 69.185600, -5.949082375281979E-01, -4.164333377440027E-01, 2.796520273581623E-02, 1.144901458990084E-02, -1.667647487734356E-02, -9.030620322916948E-04,
2599558.500000000, A.D. 2405-Apr-01 00:00:00.0000, 69.185601, 1.453074782855364E-01, 7.018678340494785E-01, 2.131439625686626E-03, -1.986711320955126E-02, 3.998622927384429E-03, 1.199189366619208E-03,
2599923.500000000, A.D. 2406-Apr-01 00:00:00.0000, 69.185607, 4.055298842860196E-01, -6.078867505475523E-01, -3.208517019542862E-02, 1.669149679164283E-02, 1.117241209112209E-02, -7.922480008619327E-04,
2600288.500000000, A.D. 2407-Apr-01 00:00:00.0000, 69.185608, -7.020816367327055E-01, 1.361463813830510E-01, 4.249049779222365E-02, -3.982202905435348E-03, -1.993305113756941E-02, -6.631255540530592E-05,
2600654.500000000, A.D. 2408-Apr-01 00:00:00.0000, 69.185617, 6.018116717796950E-01, 4.063275612846849E-01, -2.833322661429866E-02, -1.141537924581171E-02, 1.665840321333907E-02, 9.012186693671381E-04,
2601019.500000000, A.D. 2409-Apr-01 00:00:00.0000, 69.185622, -1.211060929038219E-01, -7.136571629159184E-01, -3.485640646514335E-03, 1.979535493415827E-02, -3.511696757523104E-03, -1.187832600963525E-03,
2601384.500000000, A.D. 2410-Apr-01 00:00:00.0000, 69.185626, -4.035495632550057E-01, 5.964419596352508E-01, 3.202387353492517E-02, -1.678775836734487E-02, -1.149541223411766E-02, 7.928148606723842E-04,
2601749.500000000, A.D. 2411-Apr-01 00:00:00.0000, 69.185630, 7.103591685368835E-01, -1.385330212602350E-01, -4.283477811292220E-02, 3.848452353595717E-03, 1.974576808133923E-02, 7.121765380294374E-05,
2602115.500000000, A.D. 2412-Apr-01 00:00:00.0000, 69.185627, -5.853344869119318E-01, -4.263273619740083E-01, 2.718175391622494E-02, 1.184763081461978E-02, -1.638366059834419E-02, -9.222449484931345E-04,
2602480.500000000, A.D. 2413-Apr-01 00:00:00.0000, 69.185621, 1.232755059734228E-01, 7.085020845763057E-01, 3.324131493396949E-03, -1.997172032422462E-02, 3.493468806647350E-03, 1.197438167890361E-03,
2602845.500000000, A.D. 2414-Apr-01 00:00:00.0000, 69.185612, 4.139019095119776E-01, -5.978508766696090E-01, -3.263960877009895E-02, 1.640773630111525E-02, 1.157079995725461E-02, -7.696316813650245E-04,
2603210.500000000, A.D. 2415-Apr-01 00:00:00.0000, 69.185597, -7.115767713883322E-01, 1.142029370567506E-01, 4.256204753748400E-02, -3.479504388414171E-03, -2.003511235138997E-02, -9.685597608516882E-05,
2603576.500000000, A.D. 2416-Apr-01 00:00:00.0000, 69.185594, 5.877353812728140E-01, 4.133067144650850E-01, -2.742411688209722E-02, -1.181782647790208E-02, 1.636356139794823E-02, 9.206462909040376E-04,
2603941.500000000, A.D. 2417-Apr-01 00:00:00.0000, 69.185597, -1.032333257399055E-01, -7.261529192002745E-01, -4.568728792095266E-03, 1.988672630148028E-02, -3.021840956969305E-03, -1.185323000770876E-03,
2604306.500000000, A.D. 2418-Apr-01 00:00:00.0000, 69.185601, -4.134977109273870E-01, 5.766787121909558E-01, 3.259292035835045E-02, -1.648361880708728E-02, -1.190834973272602E-02, 7.691827845153245E-04,
2604671.500000000, A.D. 2419-Apr-01 00:00:00.0000, 69.185609, 7.225290094827471E-01, -1.278981886098006E-01, -4.300545826545237E-02, 3.369817418725496E-03, 1.984637328849366E-02, 1.007726260880502E-04,
2605037.500000000, A.D. 2420-Apr-01 00:00:00.0000, 69.185615, -5.629157487493670E-01, -4.435425937858877E-01, 2.599718532287145E-02, 1.225355050252153E-02, -1.606740139902103E-02, -9.412365602177092E-04,